dataset_id,num_tags,num_branches,num_commits_substantive,eligible,eligibility_reason,status,error_category,error
Howtointernetface/traing_dataset,0,1,0,False,ineligible: tags<2 i (branches<2 o substantive_commits<2 amb 0 commits revisats),classified,,
msr-spare-1/nemotron-3-nano-30b-20260719-spare-games-envs,0,1,0,False,ineligible: tags<2 i (branches<2 o substantive_commits<2 amb 0 commits revisats),classified,,
zhuq41/huggingface_7193_ntvsphqw_ticket_009_medium_technical_open,0,1,0,False,ineligible: tags<2 i (branches<2 o substantive_commits<2 amb 0 commits revisats),classified,,
mlfoundations-dev/oh-dcft-v1.2_no-curation_gpt-4o-mini_wo_airoboros,0,1,0,False,ineligible: tags<2 i (branches<2 o substantive_commits<2 amb 0 commits revisats),classified,,
beamstation/the-hhi-monopoly-index-for-dallas-texas-us-343451,0,1,0,False,ineligible: tags<2 i (branches<2 o substantive_commits<2 amb 0 commits revisats),classified,,
VR-Faces-Neg/tgt-cue_bal-05_src-listener_wL-1000_wR-0_spl-10_fold-2,0,1,0,False,ineligible: tags<2 i (branches<2 o substantive_commits<2 amb 0 commits revisats),classified,,
KS325/open-upper-drawer-r2-occ-val-expand,1,1,0,False,ineligible: tags<2 i (branches<2 o substantive_commits<2 amb 0 commits revisats),classified,,
faezeb/wildchat_76k-k2-all-style-pca,0,1,0,False,ineligible: tags<2 i (branches<2 o substantive_commits<2 amb 0 commits revisats),classified,,
akhooli/Afw24_tok,0,1,0,False,ineligible: tags<2 i (branches<2 o substantive_commits<2 amb 0 commits revisats),classified,,
CoIR-Retrieval/synthetic-text2sql-queries-corpus,0,1,0,False,ineligible: tags<2 i (branches<2 o substantive_commits<2 amb 0 commits revisats),classified,,
kjngansgfa/dataset_adgw06fd,0,1,0,False,ineligible: tags<2 i (branches<2 o substantive_commits<2 amb 0 commits revisats),classified,,
orofra/bluecube1,1,1,0,False,ineligible: tags<2 i (branches<2 o substantive_commits<2 amb 0 commits revisats),classified,,
danigambit/D_ep5_run0_llama2-7b-chat_wikisumm_doc2050_V_BETA,0,1,0,False,ineligible: tags<2 i (branches<2 o substantive_commits<2 amb 0 commits revisats),classified,,
Ivan88balberan/Ivan,0,1,0,False,ineligible: tags<2 i (branches<2 o substantive_commits<2 amb 0 commits revisats),classified,,
littledragon/eval_act_ft_so101_sock_stowing2_boxes_60k_2nd_success,0,1,0,False,ineligible: tags<2 i (branches<2 o substantive_commits<2 amb 0 commits revisats),classified,,
kurilin/ku05,0,1,0,False,ineligible: tags<2 i (branches<2 o substantive_commits<2 amb 0 commits revisats),classified,,
Nulkharim/253,0,1,0,False,ineligible: tags<2 i (branches<2 o substantive_commits<2 amb 0 commits revisats),classified,,
FiveC/EDA_SR,0,1,0,False,ineligible: tags<2 i (branches<2 o substantive_commits<2 amb 0 commits revisats),classified,,
yenhuynh45821/yenhuynh45821,0,1,0,False,ineligible: tags<2 i (branches<2 o substantive_commits<2 amb 0 commits revisats),classified,,
electricsheepafrica/africa-tanzania-national-bureau-of-statistics-ef422570,0,1,0,False,ineligible: tags<2 i (branches<2 o substantive_commits<2 amb 0 commits revisats),classified,,
anomy4pub/GEMS-3D-Standard,0,1,0,False,ineligible: tags<2 i (branches<2 o substantive_commits<2 amb 0 commits revisats),classified,,
zhuq41/github_fetch_huggingface_terminal_7959_fbb2f2a3_governance,0,1,0,False,ineligible: tags<2 i (branches<2 o substantive_commits<2 amb 0 commits revisats),classified,,
jiaochunyu/xxxgfgfgfg,0,1,0,False,ineligible: tags<2 i (branches<2 o substantive_commits<2 amb 0 commits revisats),classified,,
trz6i/lerobot0_5_3cams_WhitebackgroungSlowmiddletop,1,1,0,False,ineligible: tags<2 i (branches<2 o substantive_commits<2 amb 0 commits revisats),classified,,
QuintenWu/mixed_mcq,0,1,0,False,ineligible: tags<2 i (branches<2 o substantive_commits<2 amb 0 commits revisats),classified,,
dgambettaphd/D_llm3_gen7_run0_W_doc1000_synt120_SYNLAST,0,1,0,False,ineligible: tags<2 i (branches<2 o substantive_commits<2 amb 0 commits revisats),classified,,
davidilag/norwegian-100h-v3,0,1,0,False,ineligible: tags<2 i (branches<2 o substantive_commits<2 amb 0 commits revisats),classified,,
VidhyaN/neuralsorority43,0,1,0,False,ineligible: tags<2 i (branches<2 o substantive_commits<2 amb 0 commits revisats),classified,,
ar0cket1/qwen3-30b-a3b-base-reasoning-sft-nemotron-math-v4-cot4k12k-500m-supervised,0,1,0,False,ineligible: tags<2 i (branches<2 o substantive_commits<2 amb 0 commits revisats),classified,,
Benxiaogu/piper_pick_place,1,1,0,False,ineligible: tags<2 i (branches<2 o substantive_commits<2 amb 0 commits revisats),classified,,
vybemy01/best_of_worst_f02,0,1,0,False,ineligible: tags<2 i (branches<2 o substantive_commits<2 amb 0 commits revisats),classified,,
quyhhue/5t4rfcevredcv,0,1,0,False,ineligible: tags<2 i (branches<2 o substantive_commits<2 amb 0 commits revisats),classified,,
vietnhat/mapalo_chatterbox_0.5-0.6_v3,0,1,0,False,ineligible: tags<2 i (branches<2 o substantive_commits<2 amb 0 commits revisats),classified,,
adityadwivedii/cms_11,0,1,0,False,ineligible: tags<2 i (branches<2 o substantive_commits<2 amb 0 commits revisats),classified,,
katuna/koni1,0,1,0,False,ineligible: tags<2 i (branches<2 o substantive_commits<2 amb 0 commits revisats),classified,,
weijie210/UC_original_iter_0,0,1,0,False,ineligible: tags<2 i (branches<2 o substantive_commits<2 amb 0 commits revisats),classified,,
DestinyOtto/mufasa-sft-mixed,0,1,0,False,ineligible: tags<2 i (branches<2 o substantive_commits<2 amb 0 commits revisats),classified,,
VLR-CVC/ComicsPAP,0,1,0,False,ineligible: tags<2 i (branches<2 o substantive_commits<2 amb 0 commits revisats),classified,,
anirudhb11/R1-1.5b-Par-Temp-0.7-Ans-40-16384-s-42-deg-64-path-3-n-16000-s-13200-e-13300,0,1,0,False,ineligible: tags<2 i (branches<2 o substantive_commits<2 amb 0 commits revisats),classified,,
azithromycin/puneetpanwar_so101_green_cube_pickup,0,1,0,False,ineligible: tags<2 i (branches<2 o substantive_commits<2 amb 0 commits revisats),classified,,
melhoushi/multilingual10_gptq_dataset_codes,0,1,0,False,ineligible: tags<2 i (branches<2 o substantive_commits<2 amb 0 commits revisats),classified,,
Dianafd/cfgjfffyhftg,0,1,0,False,ineligible: tags<2 i (branches<2 o substantive_commits<2 amb 0 commits revisats),classified,,
Dorjzodovsuren/synthetic_mbspeech_dataset_edgetts,0,1,0,False,ineligible: tags<2 i (branches<2 o substantive_commits<2 amb 0 commits revisats),classified,,
wahyuanggi/ghchfj,0,1,0,False,ineligible: tags<2 i (branches<2 o substantive_commits<2 amb 0 commits revisats),classified,,
DCAgent/exp_rpt_issues_glm5awq_traces,0,1,0,False,ineligible: tags<2 i (branches<2 o substantive_commits<2 amb 0 commits revisats),classified,,
GravityPHY/second_brain_course_summarization_task,0,1,0,False,ineligible: tags<2 i (branches<2 o substantive_commits<2 amb 0 commits revisats),classified,,
jayyucippg/record-new-views,1,1,0,False,ineligible: tags<2 i (branches<2 o substantive_commits<2 amb 0 commits revisats),classified,,
Reih02/sandbagging_mmlu_mixed_80_20,0,1,0,False,ineligible: tags<2 i (branches<2 o substantive_commits<2 amb 0 commits revisats),classified,,
Yuan20242/twsd,0,1,0,False,ineligible: tags<2 i (branches<2 o substantive_commits<2 amb 0 commits revisats),classified,,
electricsheepafrica/africa-togo-togo-greenhouse-gas-and-air-pollutant-emissions-5e18f436,0,1,0,False,ineligible: tags<2 i (branches<2 o substantive_commits<2 amb 0 commits revisats),classified,,
wentingzhao/mbpp_global_step_9_generated_tests,0,1,0,False,ineligible: tags<2 i (branches<2 o substantive_commits<2 amb 0 commits revisats),classified,,
bismillah-hf/cui_bot_data,0,1,0,False,ineligible: tags<2 i (branches<2 o substantive_commits<2 amb 0 commits revisats),classified,,
KaiZehaoGe/so101_handshake_merged_60,1,1,0,False,ineligible: tags<2 i (branches<2 o substantive_commits<2 amb 0 commits revisats),classified,,
mlfoundations-dev/OH_original_wo_camel_ai_math,0,1,0,False,ineligible: tags<2 i (branches<2 o substantive_commits<2 amb 0 commits revisats),classified,,
shortxvideo/_d8a4a-part2,0,1,0,False,ineligible: tags<2 i (branches<2 o substantive_commits<2 amb 0 commits revisats),classified,,
pcreem/dietinstruction,0,1,0,False,ineligible: tags<2 i (branches<2 o substantive_commits<2 amb 0 commits revisats),classified,,
electricsheepafrica/africa-world-bank-economy-and-growth-indicators-for-mauritania,0,1,0,False,ineligible: tags<2 i (branches<2 o substantive_commits<2 amb 0 commits revisats),classified,,
ff-anon/feedback-forensics-annotations,0,1,0,False,ineligible: tags<2 i (branches<2 o substantive_commits<2 amb 0 commits revisats),classified,,
sjleslie/random_cv_7_bins_long_25,0,1,0,False,ineligible: tags<2 i (branches<2 o substantive_commits<2 amb 0 commits revisats),classified,,
zhuq41/github_fetch_huggingface_terminal_9079-license-audit-md9d9h-source-reviews,0,1,0,False,ineligible: tags<2 i (branches<2 o substantive_commits<2 amb 0 commits revisats),classified,,
jairoymc/cropped_data2,0,1,0,False,ineligible: tags<2 i (branches<2 o substantive_commits<2 amb 0 commits revisats),classified,,
reasoning-proj/_judged_logic_traces_original_QwQ-32B,0,1,0,False,ineligible: tags<2 i (branches<2 o substantive_commits<2 amb 0 commits revisats),classified,,
sabin1234/NRB_Inflation_Annual_Report_FAQ_Dataset,0,1,0,False,ineligible: tags<2 i (branches<2 o substantive_commits<2 amb 0 commits revisats),classified,,
amphora/test-mrb-v02,0,1,0,False,ineligible: tags<2 i (branches<2 o substantive_commits<2 amb 0 commits revisats),classified,,
stefanocarrera/autophagycode_D_he_Qwen3-8B_t1.1_g10_run0_metrics,0,1,0,False,ineligible: tags<2 i (branches<2 o substantive_commits<2 amb 0 commits revisats),classified,,
carsonzhang/ISIC_2020_extrasmall,0,1,0,False,ineligible: tags<2 i (branches<2 o substantive_commits<2 amb 0 commits revisats),classified,,
letsGoBlind/Sky2Ground,0,1,0,False,ineligible: tags<2 i (branches<2 o substantive_commits<2 amb 0 commits revisats),classified,,
chengfu0118/Custom-OpenThinker-32B_1754029305_eval_466d_math500_prn_attn_8,0,1,0,False,ineligible: tags<2 i (branches<2 o substantive_commits<2 amb 0 commits revisats),classified,,
mlfoundations-dev/oh_v1.3_alpaca_x8,0,1,0,False,ineligible: tags<2 i (branches<2 o substantive_commits<2 amb 0 commits revisats),classified,,
liangzid/robench2026a_test_all_category_setcsSCP-p,0,1,0,False,ineligible: tags<2 i (branches<2 o substantive_commits<2 amb 0 commits revisats),classified,,
fourteenBDr/playground,0,1,0,False,ineligible: tags<2 i (branches<2 o substantive_commits<2 amb 0 commits revisats),classified,,
electricsheepafrica/africa-who-historical-data-for-tgo,0,1,0,False,ineligible: tags<2 i (branches<2 o substantive_commits<2 amb 0 commits revisats),classified,,
aavhawkeye/privacy-gateway-training-data,0,0,0,False,,access_restricted,access_restricted,"403 Client Error. (Request ID: Root=1-6ab8080d-69cf727927d32e2c5478c0e1;c3127afe-a05f-4344-a6e8-ad9f5e68326f)

Cannot ac"
JaclLe/pMr22CXHNYWgX8WM43,0,0,0,False,,access_restricted,access_restricted,"403 Client Error. (Request ID: Root=1-6ab8080d-0ea62f5526594f0a3028ab83;8b9303a2-7459-41c5-bd68-9509611f340b)

Cannot ac"
vuhaian/trong_50k_old_formated,0,1,0,False,ineligible: tags<2 i (branches<2 o substantive_commits<2 amb 0 commits revisats),classified,,
wihsshi/wAhtcT65,0,1,0,False,ineligible: tags<2 i (branches<2 o substantive_commits<2 amb 0 commits revisats),classified,,
khursani8/stage2,0,0,0,False,,access_restricted,access_restricted,"403 Client Error. (Request ID: Root=1-6ab8080e-6012323c4b9a55b827e6828a;511eea6d-45fb-4dbc-8321-a427cbc7bea1)

Cannot ac"
Brian74541/SaCameronge,0,1,0,False,ineligible: tags<2 i (branches<2 o substantive_commits<2 amb 0 commits revisats),classified,,
Birchlabs/test-parquet,0,1,0,False,ineligible: tags<2 i (branches<2 o substantive_commits<2 amb 0 commits revisats),classified,,
callofthenight1/gaokao-sft-chinese-strict-abcd-v3,0,1,0,False,ineligible: tags<2 i (branches<2 o substantive_commits<2 amb 0 commits revisats),classified,,
EthanGlueck/RMFS_World_Models_Dataset,0,0,0,False,,access_restricted,access_restricted,"403 Client Error. (Request ID: Root=1-6ab8080e-0c7464747613109434321b89;91e82b14-5a3a-4c51-b2e5-8f0507e43b97)

Cannot ac"
electricsheepafrica/africa-world-bank-gender-indicators-for-cote-d-ivoire,0,1,0,False,ineligible: tags<2 i (branches<2 o substantive_commits<2 amb 0 commits revisats),classified,,
WuJu0/IGDjbHxUF-1dTaIa64,0,0,0,False,,access_restricted,access_restricted,"403 Client Error. (Request ID: Root=1-6ab8080e-1061bb2d68447aef2290ab03;e89060d7-a15a-4017-a2ed-f43d149fd1ce)

Cannot ac"
hinlole/eval_pb_act_lerobot_stir_two_cup_2026061608,0,1,0,False,ineligible: tags<2 i (branches<2 o substantive_commits<2 amb 0 commits revisats),classified,,
jjeccles/orpo-dataset-02-24,0,1,0,False,ineligible: tags<2 i (branches<2 o substantive_commits<2 amb 0 commits revisats),classified,,
CATIE-AQ/mldr-fr_clean,0,1,0,False,ineligible: tags<2 i (branches<2 o substantive_commits<2 amb 0 commits revisats),classified,,
electricsheepeurope/europe-ilo-how-temp-sex-age-ocu-nb-mean-weekly-hours-actually-worked-per-employed-per,0,1,0,False,ineligible: tags<2 i (branches<2 o substantive_commits<2 amb 0 commits revisats),classified,,
Daeun004/ICL,0,1,0,False,ineligible: tags<2 i (branches<2 o substantive_commits<2 amb 0 commits revisats),classified,,
CalebMaresca/openthoughts-114k-tokenized,0,3,1,False,ineligible: tags<2 i (branches<2 o substantive_commits<2 amb 3 commits revisats),classified,,
mahyargbn/lseewc65ghu7,0,1,0,False,ineligible: tags<2 i (branches<2 o substantive_commits<2 amb 0 commits revisats),classified,,
r-oi/pick_cube_place_box,1,1,0,False,ineligible: tags<2 i (branches<2 o substantive_commits<2 amb 0 commits revisats),classified,,
Neyto/JujudoPix,0,1,0,False,ineligible: tags<2 i (branches<2 o substantive_commits<2 amb 0 commits revisats),classified,,
camilablank/sycophancy-dpo-testbed-v3,0,1,0,False,ineligible: tags<2 i (branches<2 o substantive_commits<2 amb 0 commits revisats),classified,,
daaxila/twitter-saozilove-2025.06.22-1936654303198072837-XWJQTwXAq4b4ZZyo-part1,0,1,0,False,ineligible: tags<2 i (branches<2 o substantive_commits<2 amb 0 commits revisats),classified,,
electricsheepafrica/africa-mali-fao-eve-global-flood-monitoring-system-a4db470f,0,1,0,False,ineligible: tags<2 i (branches<2 o substantive_commits<2 amb 0 commits revisats),classified,,
cubit010/record-part-1,1,1,0,False,ineligible: tags<2 i (branches<2 o substantive_commits<2 amb 0 commits revisats),classified,,
autoevaluate/autoeval-eval-inverse-scaling__NeQA-inverse-scaling__NeQA-1e740e-1694759586,0,1,0,False,ineligible: tags<2 i (branches<2 o substantive_commits<2 amb 0 commits revisats),classified,,
jablonkagroup/cav3_t-type_calcium_channels_butkiewicz-multimodal,0,1,0,False,ineligible: tags<2 i (branches<2 o substantive_commits<2 amb 0 commits revisats),classified,,
kielerrr/50-items-color-llama,0,1,0,False,ineligible: tags<2 i (branches<2 o substantive_commits<2 amb 0 commits revisats),classified,,
MathArena/hmmt_feb_2023,0,1,0,False,ineligible: tags<2 i (branches<2 o substantive_commits<2 amb 0 commits revisats),classified,,
LIF1014/ptdbench-verl-coding-task-evaluator-dataset,0,1,0,False,ineligible: tags<2 i (branches<2 o substantive_commits<2 amb 0 commits revisats),classified,,
harryvar/80980c18,0,1,0,False,ineligible: tags<2 i (branches<2 o substantive_commits<2 amb 0 commits revisats),classified,,
talzoomanzoo/data_kk_mia_train,0,1,0,False,ineligible: tags<2 i (branches<2 o substantive_commits<2 amb 0 commits revisats),classified,,
realzdlegend/breast_cancer_xray,0,1,0,False,ineligible: tags<2 i (branches<2 o substantive_commits<2 amb 0 commits revisats),classified,,
Akchunks/fleurs_hindi2english,0,1,0,False,ineligible: tags<2 i (branches<2 o substantive_commits<2 amb 0 commits revisats),classified,,
AMead10/Victor-Perkins,0,1,0,False,ineligible: tags<2 i (branches<2 o substantive_commits<2 amb 0 commits revisats),classified,,
Lucisu/rollout_red_cube_o1_dagger_o2_20260708_191407,0,1,0,False,ineligible: tags<2 i (branches<2 o substantive_commits<2 amb 0 commits revisats),classified,,
adroitLee/260121_ep50_newlerobot_id2,1,1,0,False,ineligible: tags<2 i (branches<2 o substantive_commits<2 amb 0 commits revisats),classified,,
neelabh17/new_news_exploded_prompt_n_5_d_perc_20_num_gen_10_Qwen2.5-1.5B-Instruct,0,1,0,False,ineligible: tags<2 i (branches<2 o substantive_commits<2 amb 0 commits revisats),classified,,
electricsheepafrica/africa-uganda-cpi-september-2021-data-6a27b36b,0,1,0,False,ineligible: tags<2 i (branches<2 o substantive_commits<2 amb 0 commits revisats),classified,,
Falcon96/yago,0,1,0,False,ineligible: tags<2 i (branches<2 o substantive_commits<2 amb 0 commits revisats),classified,,
Just999999/instruction-oriented-text-dataset,0,1,0,False,ineligible: tags<2 i (branches<2 o substantive_commits<2 amb 0 commits revisats),classified,,
DCAgent2/DCAgent2_aider_polyglot_penfever_nl2bash-4ep-restore-hp_20260122_223150,0,1,0,False,ineligible: tags<2 i (branches<2 o substantive_commits<2 amb 0 commits revisats),classified,,
stellanwu/turn_gt_120_40_hunyuan,0,1,0,False,ineligible: tags<2 i (branches<2 o substantive_commits<2 amb 0 commits revisats),classified,,
relai-ai/electronjs-standard,0,1,0,False,ineligible: tags<2 i (branches<2 o substantive_commits<2 amb 0 commits revisats),classified,,
software-si/hotel-recensioni-nli-it,0,1,0,False,ineligible: tags<2 i (branches<2 o substantive_commits<2 amb 0 commits revisats),classified,,
kondalu7679/livehfdatacourse,0,1,0,False,ineligible: tags<2 i (branches<2 o substantive_commits<2 amb 0 commits revisats),classified,,
electricsheepeurope/europe-owid-winter-temperature-anomalies,0,1,0,False,ineligible: tags<2 i (branches<2 o substantive_commits<2 amb 0 commits revisats),classified,,
Neyto/NormaKhan,0,1,0,False,ineligible: tags<2 i (branches<2 o substantive_commits<2 amb 0 commits revisats),classified,,
alea-institute/kl3m-filter-data-dotgov-www.denali.gov,0,1,0,False,ineligible: tags<2 i (branches<2 o substantive_commits<2 amb 0 commits revisats),classified,,
tuandunghcmut/apigen-function-calling,0,1,0,False,ineligible: tags<2 i (branches<2 o substantive_commits<2 amb 0 commits revisats),classified,,
gemmozero/ai-regulatoryfines-2026,0,1,0,False,ineligible: tags<2 i (branches<2 o substantive_commits<2 amb 0 commits revisats),classified,,
happy8825/bitandbytes_quantized,0,1,0,False,ineligible: tags<2 i (branches<2 o substantive_commits<2 amb 0 commits revisats),classified,,
DeepPavlov/daily_dialog_es,0,1,0,False,ineligible: tags<2 i (branches<2 o substantive_commits<2 amb 0 commits revisats),classified,,
pku-pcni-lab/Multi-modal_dataset_named_SynthSoM-Twin,0,1,0,False,ineligible: tags<2 i (branches<2 o substantive_commits<2 amb 0 commits revisats),classified,,
PLS442/caio_lucas,0,1,0,False,ineligible: tags<2 i (branches<2 o substantive_commits<2 amb 0 commits revisats),classified,,
annon124816/mle_bench,0,1,0,False,ineligible: tags<2 i (branches<2 o substantive_commits<2 amb 0 commits revisats),classified,,
FIRSTACCOUNT69/sqli-fts-rce-write-dirs,0,1,0,False,ineligible: tags<2 i (branches<2 o substantive_commits<2 amb 0 commits revisats),classified,,
tsdocode/vi_alpaca_clean,0,1,0,False,ineligible: tags<2 i (branches<2 o substantive_commits<2 amb 0 commits revisats),classified,,
FiveC/EDA_SR_tayvi,0,1,0,False,ineligible: tags<2 i (branches<2 o substantive_commits<2 amb 0 commits revisats),classified,,
agow1/DatasetTest1,0,1,0,False,ineligible: tags<2 i (branches<2 o substantive_commits<2 amb 0 commits revisats),classified,,
Felixbob/my-distiset-dae70c75,0,1,0,False,ineligible: tags<2 i (branches<2 o substantive_commits<2 amb 0 commits revisats),classified,,
ccibeekeoc42/TinyStories_igbo,0,1,0,False,ineligible: tags<2 i (branches<2 o substantive_commits<2 amb 0 commits revisats),classified,,
withcomment/surgeryvid_0_5fps_gl1_vl2,0,1,0,False,ineligible: tags<2 i (branches<2 o substantive_commits<2 amb 0 commits revisats),classified,,
chiyuanhsiao/text_L2-regular-14_llama-questions-score,0,1,0,False,ineligible: tags<2 i (branches<2 o substantive_commits<2 amb 0 commits revisats),classified,,
eunjuri/empty_bottle_raw_tactile,1,1,0,False,ineligible: tags<2 i (branches<2 o substantive_commits<2 amb 0 commits revisats),classified,,
open-index/ccrawl-domains,0,1,0,False,ineligible: tags<2 i (branches<2 o substantive_commits<2 amb 0 commits revisats),classified,,
argilla-internal-testing/test_import_dataset_from_hub_with_classlabel_bd6cd4a3-a818-41ea-9188-224a8c9329b5,0,1,0,False,ineligible: tags<2 i (branches<2 o substantive_commits<2 amb 0 commits revisats),classified,,
seongs/fine3,0,1,0,False,ineligible: tags<2 i (branches<2 o substantive_commits<2 amb 0 commits revisats),classified,,
pgurazada1/dialogsum,0,1,0,False,ineligible: tags<2 i (branches<2 o substantive_commits<2 amb 0 commits revisats),classified,,
KiViDrag/breastmnist_20,0,1,0,False,ineligible: tags<2 i (branches<2 o substantive_commits<2 amb 0 commits revisats),classified,,
AnirbanSaha/tlink-reason-before-sentence-newline,0,1,0,False,ineligible: tags<2 i (branches<2 o substantive_commits<2 amb 0 commits revisats),classified,,
kreasof-ai/bigc-bem-eng,0,1,0,False,ineligible: tags<2 i (branches<2 o substantive_commits<2 amb 0 commits revisats),classified,,
mtkinit/mtkinit_tcb_small_sentiment_dataset,0,1,0,False,ineligible: tags<2 i (branches<2 o substantive_commits<2 amb 0 commits revisats),classified,,
science-of-finetuning/ultrachat_200k_generated_gemma-2-2b-it,0,1,0,False,ineligible: tags<2 i (branches<2 o substantive_commits<2 amb 0 commits revisats),classified,,
0k7v9ppb/AOV5ITqs3pbmHvRH86,0,0,0,False,,access_restricted,access_restricted,"403 Client Error. (Request ID: Root=1-6ab80811-4670c6814760a1db2b75af11;2868f97c-7f87-480a-83ef-affef60eb76c)

Cannot ac"
DCAgent/DCAgent_dev_set_71_tasks_mlfoundations-dev_stackexchange-overflow-sandboxes-trac7588bdab,0,1,0,False,ineligible: tags<2 i (branches<2 o substantive_commits<2 amb 0 commits revisats),classified,,
muyao-liu/eval_lego_sorter,1,1,0,False,ineligible: tags<2 i (branches<2 o substantive_commits<2 amb 0 commits revisats),classified,,
Akshit03/AkshitMajorProjectMIR1_session7_20260701_122938,1,1,0,False,ineligible: tags<2 i (branches<2 o substantive_commits<2 amb 0 commits revisats),classified,,
pmonib81/YNSuDJ7s,0,1,0,False,ineligible: tags<2 i (branches<2 o substantive_commits<2 amb 0 commits revisats),classified,,
njkong/panda_wsg_cracker_box_grasp_V1_test,0,2,2,False,ineligible: tags<2 i (branches<2 o substantive_commits<2 amb 5 commits revisats),classified,,
JinGuang/toyq-results,0,1,0,False,ineligible: tags<2 i (branches<2 o substantive_commits<2 amb 0 commits revisats),classified,,
weight02/LoSet_6897,0,1,0,False,ineligible: tags<2 i (branches<2 o substantive_commits<2 amb 0 commits revisats),classified,,
ajaysri/shape_sort_data_v3_single_l_v1,0,1,0,False,ineligible: tags<2 i (branches<2 o substantive_commits<2 amb 0 commits revisats),classified,,
nouhad/multiplication_train_9x10,0,1,0,False,ineligible: tags<2 i (branches<2 o substantive_commits<2 amb 0 commits revisats),classified,,
Kyleyee/train_data_imdb_subsft_reverse_preference,0,1,0,False,ineligible: tags<2 i (branches<2 o substantive_commits<2 amb 0 commits revisats),classified,,
kjngansgfa/dataset_z2eqagph,0,1,0,False,ineligible: tags<2 i (branches<2 o substantive_commits<2 amb 0 commits revisats),classified,,
AliHome3D/SA-BENCH,0,1,0,False,ineligible: tags<2 i (branches<2 o substantive_commits<2 amb 0 commits revisats),classified,,
AI4M/state_info_informalization,0,1,0,False,ineligible: tags<2 i (branches<2 o substantive_commits<2 amb 0 commits revisats),classified,,
Recag/Rp_CommonC_674_2,0,1,0,False,ineligible: tags<2 i (branches<2 o substantive_commits<2 amb 0 commits revisats),classified,,
Yuyeong/rw_amazon-ratings_node2vec2_6_public_anonymized,0,1,0,False,ineligible: tags<2 i (branches<2 o substantive_commits<2 amb 0 commits revisats),classified,,
oSYPark/eval_piper2,1,1,0,False,ineligible: tags<2 i (branches<2 o substantive_commits<2 amb 0 commits revisats),classified,,
reaganjlee/boolq_fr,0,1,0,False,ineligible: tags<2 i (branches<2 o substantive_commits<2 amb 0 commits revisats),classified,,
MuscariMedia/RedditDSDateChunk299,0,1,0,False,ineligible: tags<2 i (branches<2 o substantive_commits<2 amb 0 commits revisats),classified,,
Abeehaaa/Fyp-Datasets,0,1,0,False,ineligible: tags<2 i (branches<2 o substantive_commits<2 amb 0 commits revisats),classified,,
matthewlqin/test,0,1,0,False,ineligible: tags<2 i (branches<2 o substantive_commits<2 amb 0 commits revisats),classified,,
hskfd/autotrain-data-autotrain1,0,1,0,False,ineligible: tags<2 i (branches<2 o substantive_commits<2 amb 0 commits revisats),classified,,
JinAhKwak/gyeonggi-card-csvs,0,1,0,False,ineligible: tags<2 i (branches<2 o substantive_commits<2 amb 0 commits revisats),classified,,
michsethowusu/tsonga-umbundu_sentence-pairs,0,1,0,False,ineligible: tags<2 i (branches<2 o substantive_commits<2 amb 0 commits revisats),classified,,
TAUR-dev/SIE_EVAL__countdown2arg_bon_au__sft__samples__bf_evaluated__prefix_sample_diversity_metrics_2,0,1,0,False,ineligible: tags<2 i (branches<2 o substantive_commits<2 amb 0 commits revisats),classified,,
dreamerparadise/eval_pick-place-fevi-stik-dataset_v4_ACT,1,1,0,False,ineligible: tags<2 i (branches<2 o substantive_commits<2 amb 0 commits revisats),classified,,
chtan0212/test1,0,1,0,False,ineligible: tags<2 i (branches<2 o substantive_commits<2 amb 0 commits revisats),classified,,
reasoning-proj/c_dfiltered_science_Phi-4-reasoning-plus_madversarial_insert_wrong_fact_t10,0,1,0,False,ineligible: tags<2 i (branches<2 o substantive_commits<2 amb 0 commits revisats),classified,,
yaya-sy/bm-test,0,1,0,False,ineligible: tags<2 i (branches<2 o substantive_commits<2 amb 0 commits revisats),classified,,
helenxiu/R11HQG3A,0,1,0,False,ineligible: tags<2 i (branches<2 o substantive_commits<2 amb 0 commits revisats),classified,,
chips4/vidore_v3_hr_english_open-ended,0,1,0,False,ineligible: tags<2 i (branches<2 o substantive_commits<2 amb 0 commits revisats),classified,,
MikeMasliaev/GeoPhys_Neurop_training,0,1,0,False,ineligible: tags<2 i (branches<2 o substantive_commits<2 amb 0 commits revisats),classified,,
YaelCloudCorp/yaelcloud,0,1,0,False,ineligible: tags<2 i (branches<2 o substantive_commits<2 amb 0 commits revisats),classified,,
ReaperBlitz/trashproject,0,1,0,False,ineligible: tags<2 i (branches<2 o substantive_commits<2 amb 0 commits revisats),classified,,
xedwin23x/VegFru,0,1,0,False,ineligible: tags<2 i (branches<2 o substantive_commits<2 amb 0 commits revisats),classified,,
itsmebatuhan/GlobalAirplaneCrashDataset1908-2026,0,1,0,False,ineligible: tags<2 i (branches<2 o substantive_commits<2 amb 0 commits revisats),classified,,
valen02/STEMQA_test,0,1,0,False,ineligible: tags<2 i (branches<2 o substantive_commits<2 amb 0 commits revisats),classified,,
junlinw/opc-sft-s2-annealing-ins3-python_AST_0.5_200.0_var3,0,1,0,False,ineligible: tags<2 i (branches<2 o substantive_commits<2 amb 0 commits revisats),classified,,
simon123905/1101,0,1,0,False,ineligible: tags<2 i (branches<2 o substantive_commits<2 amb 0 commits revisats),classified,,
colinrizzman/love-calculator,0,1,0,False,ineligible: tags<2 i (branches<2 o substantive_commits<2 amb 0 commits revisats),classified,,
hxyue1/lord_inquisitor,1,1,0,False,ineligible: tags<2 i (branches<2 o substantive_commits<2 amb 0 commits revisats),classified,,
GR00T-Dateset/gr1_arms_waist-TrayToTieredShelf,0,1,0,False,ineligible: tags<2 i (branches<2 o substantive_commits<2 amb 0 commits revisats),classified,,
timf34/spp-assistant-axis-results,0,1,0,False,ineligible: tags<2 i (branches<2 o substantive_commits<2 amb 0 commits revisats),classified,,
ituperceptron/turkish-math-vqa,0,1,0,False,ineligible: tags<2 i (branches<2 o substantive_commits<2 amb 0 commits revisats),classified,,
CianKim/kor_eng_small_ED_OP,0,1,0,False,ineligible: tags<2 i (branches<2 o substantive_commits<2 amb 0 commits revisats),classified,,
electricsheepeurope/europe-owid-fertilizer-total-use,0,1,0,False,ineligible: tags<2 i (branches<2 o substantive_commits<2 amb 0 commits revisats),classified,,
imageomics/fish-vista,0,1,0,False,ineligible: tags<2 i (branches<2 o substantive_commits<2 amb 0 commits revisats),classified,,
VR-Faces-Neg/tgt-cue_bal-05_src-both_wL-500_wR-0_spl-10_fold-5,0,1,0,False,ineligible: tags<2 i (branches<2 o substantive_commits<2 amb 0 commits revisats),classified,,
khanhvu45234/khanhvu45234,0,1,0,False,ineligible: tags<2 i (branches<2 o substantive_commits<2 amb 0 commits revisats),classified,,
ZeroUniqueness/prepared_dataset_300k,0,1,0,False,ineligible: tags<2 i (branches<2 o substantive_commits<2 amb 0 commits revisats),classified,,
reasoning-proj/exp_rob_dfiltered_logic_DeepSeek-R1-Distill-Llama-8B_mbenign_complete_step_t10,0,1,0,False,ineligible: tags<2 i (branches<2 o substantive_commits<2 amb 0 commits revisats),classified,,
EmbraceCoder/Indian_law,0,1,0,False,ineligible: tags<2 i (branches<2 o substantive_commits<2 amb 0 commits revisats),classified,,
iatosh/1eeg_eog_30s,0,1,0,False,ineligible: tags<2 i (branches<2 o substantive_commits<2 amb 0 commits revisats),classified,,
shangxd/vidor,0,1,0,False,ineligible: tags<2 i (branches<2 o substantive_commits<2 amb 0 commits revisats),classified,,
x-square-robot/ms-benchmark,0,1,0,False,ineligible: tags<2 i (branches<2 o substantive_commits<2 amb 0 commits revisats),classified,,
Tuanqn/4,0,1,0,False,ineligible: tags<2 i (branches<2 o substantive_commits<2 amb 0 commits revisats),classified,,
AleksanderWojsz/robosuite_square_ph,1,1,0,False,ineligible: tags<2 i (branches<2 o substantive_commits<2 amb 0 commits revisats),classified,,
FGBTRHR6GHFGB/QWDQWDQ,0,1,0,False,ineligible: tags<2 i (branches<2 o substantive_commits<2 amb 0 commits revisats),classified,,
EnergyAutumn/4,0,1,0,False,ineligible: tags<2 i (branches<2 o substantive_commits<2 amb 0 commits revisats),classified,,
sagels/longmino_256k_filtered,0,1,0,False,ineligible: tags<2 i (branches<2 o substantive_commits<2 amb 0 commits revisats),classified,,
francesca9805/art-lang-uniform-chinese-after,0,1,0,False,ineligible: tags<2 i (branches<2 o substantive_commits<2 amb 0 commits revisats),classified,,
JaclLe/dM08CYBT7KKOiVA186,0,0,0,False,,access_restricted,access_restricted,"403 Client Error. (Request ID: Root=1-6ab80813-1d9544ce186d8ef12856b717;515ed834-9a7a-4ea5-bc50-4c984c000b2b)

Cannot ac"
Howtointernetface/Aither_dataset,0,1,0,False,ineligible: tags<2 i (branches<2 o substantive_commits<2 amb 0 commits revisats),classified,,
KAIROSIUM-LABS/doc-build,0,1,0,False,ineligible: tags<2 i (branches<2 o substantive_commits<2 amb 0 commits revisats),classified,,
colesimmons/SumTablets_English-augmented,0,1,0,False,ineligible: tags<2 i (branches<2 o substantive_commits<2 amb 0 commits revisats),classified,,
Nelsoerew/JillWE,0,1,0,False,ineligible: tags<2 i (branches<2 o substantive_commits<2 amb 0 commits revisats),classified,,
SparkExpedition/TicketClassificationData,0,1,0,False,ineligible: tags<2 i (branches<2 o substantive_commits<2 amb 0 commits revisats),classified,,
VGraf/judged-pref-data,0,1,0,False,ineligible: tags<2 i (branches<2 o substantive_commits<2 amb 0 commits revisats),classified,,
Hemanth-thunder/tnelection2026data,0,1,0,False,ineligible: tags<2 i (branches<2 o substantive_commits<2 amb 0 commits revisats),classified,,
ngia/asr-wolof-dataset-processed,0,1,0,False,ineligible: tags<2 i (branches<2 o substantive_commits<2 amb 0 commits revisats),classified,,
electricsheepafrica/africa-worldbank-barro-lee-percentage-of-population-age-40-44-with-tertiary-schooling-completed,0,1,0,False,ineligible: tags<2 i (branches<2 o substantive_commits<2 amb 0 commits revisats),classified,,
ultahost329/testing,0,1,0,False,ineligible: tags<2 i (branches<2 o substantive_commits<2 amb 0 commits revisats),classified,,
prehj/libero-rldx-demospeedup-slow2-fast4,0,1,0,False,ineligible: tags<2 i (branches<2 o substantive_commits<2 amb 0 commits revisats),classified,,
electricsheepafrica/africa-uganda-key-pre-primary-education-indicators-2013-2017-78568f82,0,1,0,False,ineligible: tags<2 i (branches<2 o substantive_commits<2 amb 0 commits revisats),classified,,
talex02/wow-fishing-bobber-dataset,0,1,0,False,ineligible: tags<2 i (branches<2 o substantive_commits<2 amb 0 commits revisats),classified,,
mmbench/MM-SpuBench,0,1,0,False,ineligible: tags<2 i (branches<2 o substantive_commits<2 amb 0 commits revisats),classified,,
rechim25/maniskill_peginsertionside_with_recovery,0,2,2,False,ineligible: tags<2 i (branches<2 o substantive_commits<2 amb 4 commits revisats),classified,,
ressa19/three,0,1,0,False,ineligible: tags<2 i (branches<2 o substantive_commits<2 amb 0 commits revisats),classified,,
filypo/wmdp_bio_T,0,1,0,False,ineligible: tags<2 i (branches<2 o substantive_commits<2 amb 0 commits revisats),classified,,
bg79-v23-bidata-ntnu/normail_gold,0,1,0,False,ineligible: tags<2 i (branches<2 o substantive_commits<2 amb 0 commits revisats),classified,,
HHS-Official/hhs-unaccompanied-alien-children-program,0,1,0,False,ineligible: tags<2 i (branches<2 o substantive_commits<2 amb 0 commits revisats),classified,,
Marcusxx/gwanju4,0,1,0,False,ineligible: tags<2 i (branches<2 o substantive_commits<2 amb 0 commits revisats),classified,,
juliadollis/top101a350_5doencas_GERACAOPERSONASANTIGASateteste,0,1,0,False,ineligible: tags<2 i (branches<2 o substantive_commits<2 amb 0 commits revisats),classified,,
soulseekerok/Jgfujg,0,1,0,False,ineligible: tags<2 i (branches<2 o substantive_commits<2 amb 0 commits revisats),classified,,
tensorcash/proof-of-inference-eval,0,1,0,False,ineligible: tags<2 i (branches<2 o substantive_commits<2 amb 0 commits revisats),classified,,
tellang/yeji-logic-docs,0,1,0,False,ineligible: tags<2 i (branches<2 o substantive_commits<2 amb 0 commits revisats),classified,,
sarriaalejandro/sicss_espectador,0,1,0,False,ineligible: tags<2 i (branches<2 o substantive_commits<2 amb 0 commits revisats),classified,,
amu-cai/CAMEO,0,1,0,False,ineligible: tags<2 i (branches<2 o substantive_commits<2 amb 0 commits revisats),classified,,
lang-uk/UberText-NER-Silver,0,1,0,False,ineligible: tags<2 i (branches<2 o substantive_commits<2 amb 0 commits revisats),classified,,
PrathapThunga/Product_Access_Prath_llam3,0,1,0,False,ineligible: tags<2 i (branches<2 o substantive_commits<2 amb 0 commits revisats),classified,,
shizue/cragmm-images-cache,0,1,0,False,ineligible: tags<2 i (branches<2 o substantive_commits<2 amb 0 commits revisats),classified,,
sathxsh/eng_to_thanglish,0,1,0,False,ineligible: tags<2 i (branches<2 o substantive_commits<2 amb 0 commits revisats),classified,,
TokenBender/roleplay_alpaca,0,1,0,False,ineligible: tags<2 i (branches<2 o substantive_commits<2 amb 0 commits revisats),classified,,
Dillibabureddybandi/Bharathiya_Nyaya_Sanhitha_database,0,1,0,False,ineligible: tags<2 i (branches<2 o substantive_commits<2 amb 0 commits revisats),classified,,
AdithyaSK/click-r2e-v082post3-test,0,1,0,False,ineligible: tags<2 i (branches<2 o substantive_commits<2 amb 0 commits revisats),classified,,
ming0100/test,0,1,0,False,ineligible: tags<2 i (branches<2 o substantive_commits<2 amb 0 commits revisats),classified,,
gwesdafSD/kjhgtfrderfgth,0,1,0,False,ineligible: tags<2 i (branches<2 o substantive_commits<2 amb 0 commits revisats),classified,,
kd7/graid-bdd,0,1,0,False,ineligible: tags<2 i (branches<2 o substantive_commits<2 amb 0 commits revisats),classified,,
xenorobotics/towel-fold-trimmed-v34,0,1,0,False,ineligible: tags<2 i (branches<2 o substantive_commits<2 amb 0 commits revisats),classified,,
AIC3HUIT/AIC_2025,0,0,0,False,,access_restricted,access_restricted,"403 Client Error. (Request ID: Root=1-6ab80815-66694062182af6b849317196;fdafcd1f-edde-45ac-b928-6b9b972ae305)

Cannot ac"
WoojongKim/omx_gelsight_env1_horizontal_line_wj,1,1,0,False,ineligible: tags<2 i (branches<2 o substantive_commits<2 amb 0 commits revisats),classified,,
medieval-data/german-shorthand-region,0,0,0,False,,access_restricted,access_restricted,"403 Client Error. (Request ID: Root=1-6ab80815-3f7663311f3c2f1278e5e0bd;30676da5-62a6-4abb-80cb-ad659ec37b8a)

Cannot ac"
seoirsem/CHUNKY-tulu3-SFT-response-attributes,0,1,0,False,ineligible: tags<2 i (branches<2 o substantive_commits<2 amb 0 commits revisats),classified,,
KeWangRobotics/PakchoiPicking_IsaacSim_relative_test,0,2,3,True,Criteri B: substantive_commits>=2 dispersos >=6.0h,classified,,
sergiogpinto/factcheck-memes-x,0,1,0,False,ineligible: tags<2 i (branches<2 o substantive_commits<2 amb 0 commits revisats),classified,,
Tarun-ak/unluModel_tokenized,0,1,0,False,ineligible: tags<2 i (branches<2 o substantive_commits<2 amb 0 commits revisats),classified,,
almondu/pharos_data,0,1,0,False,ineligible: tags<2 i (branches<2 o substantive_commits<2 amb 0 commits revisats),classified,,
DazMashaly/myNEWDATA12,0,0,0,False,,access_restricted,access_restricted,"403 Client Error. (Request ID: Root=1-6ab80815-7a37b261478f692c761de3fe;23fc4387-d434-472b-b205-8fb120bd0e84)

Cannot ac"
alexkstern/dyck-k128-seq_len_2048-1B,0,1,0,False,ineligible: tags<2 i (branches<2 o substantive_commits<2 amb 0 commits revisats),classified,,
tak15/feenaface,0,1,0,False,ineligible: tags<2 i (branches<2 o substantive_commits<2 amb 0 commits revisats),classified,,
wisenut-nlp-team/llama3_finetune_testset,0,1,0,False,ineligible: tags<2 i (branches<2 o substantive_commits<2 amb 0 commits revisats),classified,,
CyberHarem/silverash_arknights,0,1,0,False,ineligible: tags<2 i (branches<2 o substantive_commits<2 amb 0 commits revisats),classified,,
edanigoben/test_fr_explorer_dataset,0,1,0,False,ineligible: tags<2 i (branches<2 o substantive_commits<2 amb 0 commits revisats),classified,,
Andy2435/record-test_20260722_211518,1,1,0,False,ineligible: tags<2 i (branches<2 o substantive_commits<2 amb 0 commits revisats),classified,,
suzukimain/anime-segment3,0,0,0,False,,access_restricted,access_restricted,"403 Client Error. (Request ID: Root=1-6ab80815-6e387b6b7704a76204409651;2d0c3d3d-c991-4b75-bc84-a83edee9532b)

Cannot ac"
AndresCarreon/godseed-world,0,1,0,False,ineligible: tags<2 i (branches<2 o substantive_commits<2 amb 0 commits revisats),classified,,
hugggin/local_llama,0,1,0,False,ineligible: tags<2 i (branches<2 o substantive_commits<2 amb 0 commits revisats),classified,,
RCaz/eu-funding-cordis-qa,0,1,0,False,ineligible: tags<2 i (branches<2 o substantive_commits<2 amb 0 commits revisats),classified,,
nobel5342/bc2026-expA37-results,0,1,0,False,ineligible: tags<2 i (branches<2 o substantive_commits<2 amb 0 commits revisats),classified,,
JonesLin/next-jev-stage2-nextjev,0,1,0,False,ineligible: tags<2 i (branches<2 o substantive_commits<2 amb 0 commits revisats),classified,,
TAUR-dev/D-ExpTracker__FinEval_16k_fulleval_AT_rlonly__v1,0,1,0,False,ineligible: tags<2 i (branches<2 o substantive_commits<2 amb 0 commits revisats),classified,,
cmagganas/GenAI-job-postings-Dataset,0,1,0,False,ineligible: tags<2 i (branches<2 o substantive_commits<2 amb 0 commits revisats),classified,,
jsantillana/vectrayx-vision-dataset,0,1,0,False,ineligible: tags<2 i (branches<2 o substantive_commits<2 amb 0 commits revisats),classified,,
JonOlds64/tagging-train,0,1,0,False,ineligible: tags<2 i (branches<2 o substantive_commits<2 amb 0 commits revisats),classified,,
roamer45/ElasticNodeMatrix_382_15,0,1,0,False,ineligible: tags<2 i (branches<2 o substantive_commits<2 amb 0 commits revisats),classified,,
crislmfroes/xarm6-pick-sugar-box-sim-contact-cond-v1,1,1,0,False,ineligible: tags<2 i (branches<2 o substantive_commits<2 amb 0 commits revisats),classified,,
yuvalkirstain/quality_squad,0,1,0,False,ineligible: tags<2 i (branches<2 o substantive_commits<2 amb 0 commits revisats),classified,,
LTE007/zjubR5tg,0,1,0,False,ineligible: tags<2 i (branches<2 o substantive_commits<2 amb 0 commits revisats),classified,,
electricsheepasia/asia-ilo-emp-care-sex-mts-nb-care-employment-by-sex-and-marital-status-thousand,0,1,0,False,ineligible: tags<2 i (branches<2 o substantive_commits<2 amb 0 commits revisats),classified,,
Trelis/hiacc-child-test-eval,0,1,0,False,ineligible: tags<2 i (branches<2 o substantive_commits<2 amb 0 commits revisats),classified,,
pgarcia7871/Nexus-Gen-Training-Dataset,0,1,0,False,ineligible: tags<2 i (branches<2 o substantive_commits<2 amb 0 commits revisats),classified,,
drsis/deception-commonsense_qa_wo_chat,0,1,0,False,ineligible: tags<2 i (branches<2 o substantive_commits<2 amb 0 commits revisats),classified,,
C10X/high,0,1,0,False,ineligible: tags<2 i (branches<2 o substantive_commits<2 amb 0 commits revisats),classified,,
javiimts/A0001_S003_0_G0001_G0002_continuations_es,0,1,0,False,ineligible: tags<2 i (branches<2 o substantive_commits<2 amb 0 commits revisats),classified,,
Lansechen/om220k_collection_simplified,0,1,0,False,ineligible: tags<2 i (branches<2 o substantive_commits<2 amb 0 commits revisats),classified,,
results-sd-v1-5-sd-v2-1-if-v1-0-karlo/82fe54a4,0,1,0,False,ineligible: tags<2 i (branches<2 o substantive_commits<2 amb 0 commits revisats),classified,,
Maitreyajayaraj/hf_medical_debug_api_v6_urdu_batch2.json,0,1,0,False,ineligible: tags<2 i (branches<2 o substantive_commits<2 amb 0 commits revisats),classified,,
shivank21/test_vid_densepose_correct,0,1,0,False,ineligible: tags<2 i (branches<2 o substantive_commits<2 amb 0 commits revisats),classified,,
alonmiron/dataset_test2,0,1,0,False,ineligible: tags<2 i (branches<2 o substantive_commits<2 amb 0 commits revisats),classified,,
omicsbank/eval-harness-demo,0,1,0,False,ineligible: tags<2 i (branches<2 o substantive_commits<2 amb 0 commits revisats),classified,,
average-developer/stocks-TMPV-1D-candles,0,1,0,False,ineligible: tags<2 i (branches<2 o substantive_commits<2 amb 0 commits revisats),classified,,
nispa/workflow,0,1,0,False,ineligible: tags<2 i (branches<2 o substantive_commits<2 amb 0 commits revisats),classified,,
Jas000n/e2e_dataset,0,1,0,False,ineligible: tags<2 i (branches<2 o substantive_commits<2 amb 0 commits revisats),classified,,
FanjiaYan/oski-teddy-composite,0,1,0,False,ineligible: tags<2 i (branches<2 o substantive_commits<2 amb 0 commits revisats),classified,,
sonabtc/d33,0,1,0,False,ineligible: tags<2 i (branches<2 o substantive_commits<2 amb 0 commits revisats),classified,,
PerRing/docplans_enko,0,0,0,False,,access_restricted,access_restricted,"403 Client Error. (Request ID: Root=1-6ab80817-31b201191cd9b61157ef73f8;1707d62e-c7c4-461f-be10-c38e8fa527a9)

Cannot ac"
Kenneth74541/Ken4634neth,0,1,0,False,ineligible: tags<2 i (branches<2 o substantive_commits<2 amb 0 commits revisats),classified,,
MohamedRashad/MASC-Arabic,0,1,0,False,ineligible: tags<2 i (branches<2 o substantive_commits<2 amb 0 commits revisats),classified,,
ryanramos/vqa-with-coco-img-3,0,1,0,False,ineligible: tags<2 i (branches<2 o substantive_commits<2 amb 0 commits revisats),classified,,
hdsj/dfsd4grwew844ew84rew4r88,0,1,0,False,ineligible: tags<2 i (branches<2 o substantive_commits<2 amb 0 commits revisats),classified,,
froggeric/imatrix,0,1,0,False,ineligible: tags<2 i (branches<2 o substantive_commits<2 amb 0 commits revisats),classified,,
seantangth/esa-geofm-test-pack,0,1,0,False,ineligible: tags<2 i (branches<2 o substantive_commits<2 amb 0 commits revisats),classified,,
christopher/roots_tokens_full_matrix,0,1,0,False,ineligible: tags<2 i (branches<2 o substantive_commits<2 amb 0 commits revisats),classified,,
adamo1139/PS_AD_Office365_05_ShareGPT,0,1,0,False,ineligible: tags<2 i (branches<2 o substantive_commits<2 amb 0 commits revisats),classified,,
ujyujyghj/UaiURYAv,0,1,0,False,ineligible: tags<2 i (branches<2 o substantive_commits<2 amb 0 commits revisats),classified,,
Peropero667/pick_place_0120,1,1,0,False,ineligible: tags<2 i (branches<2 o substantive_commits<2 amb 0 commits revisats),classified,,
azazdeaz/put-balls-into-tray,1,1,0,False,ineligible: tags<2 i (branches<2 o substantive_commits<2 amb 0 commits revisats),classified,,
electricsheepasia/asia-ilo-emp-temp-sex-sks-ste-nb-employment-by-sex-educational-mismatch-statistical,0,1,0,False,ineligible: tags<2 i (branches<2 o substantive_commits<2 amb 0 commits revisats),classified,,
xuehaihao6/PaperBananaBench,0,1,0,False,ineligible: tags<2 i (branches<2 o substantive_commits<2 amb 0 commits revisats),classified,,
arsenxeno/record-test-10-20-episo,1,1,0,False,ineligible: tags<2 i (branches<2 o substantive_commits<2 amb 0 commits revisats),classified,,
aa-g2548665/twrwrw,0,1,0,False,ineligible: tags<2 i (branches<2 o substantive_commits<2 amb 0 commits revisats),classified,,
hawks23/amadeus_raw,0,1,0,False,ineligible: tags<2 i (branches<2 o substantive_commits<2 amb 0 commits revisats),classified,,
carlosdanielhernandezmena/chm150_asr,0,2,2,True,Criteri B: substantive_commits>=2 dispersos >=6.0h,classified,,
branague01/TRkdK6Rs,0,1,0,False,ineligible: tags<2 i (branches<2 o substantive_commits<2 amb 0 commits revisats),classified,,
xpertsystems/oil015-sample,0,1,0,False,ineligible: tags<2 i (branches<2 o substantive_commits<2 amb 0 commits revisats),classified,,
unography/shopify-stock-images-2048-captioned,0,1,0,False,ineligible: tags<2 i (branches<2 o substantive_commits<2 amb 0 commits revisats),classified,,
kiluade/volley-waifu,0,1,0,False,ineligible: tags<2 i (branches<2 o substantive_commits<2 amb 0 commits revisats),classified,,
MolGen/Drug_benchmark,0,1,0,False,ineligible: tags<2 i (branches<2 o substantive_commits<2 amb 0 commits revisats),classified,,
Mehedi-2-96/my-test-dataset,0,1,0,False,ineligible: tags<2 i (branches<2 o substantive_commits<2 amb 0 commits revisats),classified,,
borrore/language-identification,0,1,0,False,ineligible: tags<2 i (branches<2 o substantive_commits<2 amb 0 commits revisats),classified,,
Ibuki485/eval_elase_p1-11,1,1,0,False,ineligible: tags<2 i (branches<2 o substantive_commits<2 amb 0 commits revisats),classified,,
liuyanchen1015/MULTI_VALUE_rte_null_genitive,0,1,0,False,ineligible: tags<2 i (branches<2 o substantive_commits<2 amb 0 commits revisats),classified,,
tensorplex-labs/gss-preference,0,1,0,False,ineligible: tags<2 i (branches<2 o substantive_commits<2 amb 0 commits revisats),classified,,
claran/wikitext-2-sample,0,1,0,False,ineligible: tags<2 i (branches<2 o substantive_commits<2 amb 0 commits revisats),classified,,
neomatrix369/py-bug-trace-gpt-4-1-mini-l1-rollouts,0,1,0,False,ineligible: tags<2 i (branches<2 o substantive_commits<2 amb 0 commits revisats),classified,,
rajfnu/datainsightai,0,1,0,False,ineligible: tags<2 i (branches<2 o substantive_commits<2 amb 0 commits revisats),classified,,
nchapman/open-cai-generated-transfer,0,1,0,False,ineligible: tags<2 i (branches<2 o substantive_commits<2 amb 0 commits revisats),classified,,
mlfoundations-dev/OH_original_wo_unnatural_instructions,0,1,0,False,ineligible: tags<2 i (branches<2 o substantive_commits<2 amb 0 commits revisats),classified,,
Medyassino/YassinoTrain,0,1,0,False,ineligible: tags<2 i (branches<2 o substantive_commits<2 amb 0 commits revisats),classified,,
shju0519-hf/test_box_verification_env,0,1,0,False,ineligible: tags<2 i (branches<2 o substantive_commits<2 amb 0 commits revisats),classified,,
huangchengduo/yellow,0,1,0,False,ineligible: tags<2 i (branches<2 o substantive_commits<2 amb 0 commits revisats),classified,,
Mglay/Kyaw,0,1,0,False,ineligible: tags<2 i (branches<2 o substantive_commits<2 amb 0 commits revisats),classified,,
Tanayuya/sft_dataset_ver11,0,1,0,False,ineligible: tags<2 i (branches<2 o substantive_commits<2 amb 0 commits revisats),classified,,
bayeshan/ct3,0,1,0,False,ineligible: tags<2 i (branches<2 o substantive_commits<2 amb 0 commits revisats),classified,,
davanstrien/iconclass-vlm-brillfull,0,1,0,False,ineligible: tags<2 i (branches<2 o substantive_commits<2 amb 0 commits revisats),classified,,
elicycleone/hT4uEfNY,0,1,0,False,ineligible: tags<2 i (branches<2 o substantive_commits<2 amb 0 commits revisats),classified,,
vladfatu/lekiwi_ball1749920885,1,1,0,False,ineligible: tags<2 i (branches<2 o substantive_commits<2 amb 0 commits revisats),classified,,
codyzuo/so100_test,0,1,0,False,ineligible: tags<2 i (branches<2 o substantive_commits<2 amb 0 commits revisats),classified,,
VicXinCao/myself,0,1,0,False,ineligible: tags<2 i (branches<2 o substantive_commits<2 amb 0 commits revisats),classified,,
VortexHunter23/SF-CODE-1,0,1,0,False,ineligible: tags<2 i (branches<2 o substantive_commits<2 amb 0 commits revisats),classified,,
yutori-admin/navi-bench-dev,1,1,0,False,ineligible: tags<2 i (branches<2 o substantive_commits<2 amb 0 commits revisats),classified,,
electricsheepafrica/africa-mauritania-africa-millennium-development-goals-38bf547f,0,1,0,False,ineligible: tags<2 i (branches<2 o substantive_commits<2 amb 0 commits revisats),classified,,
gjyotin305/Qwen2.5-3B-Instruct_unsloth_w_new_merged_hhexphi_tp0.7,0,1,0,False,ineligible: tags<2 i (branches<2 o substantive_commits<2 amb 0 commits revisats),classified,,
french-open-data/reseau-ca2bm-a-compter-du-1er-juin-2025,0,1,0,False,ineligible: tags<2 i (branches<2 o substantive_commits<2 amb 0 commits revisats),classified,,
dleemiller/fiqa,0,1,0,False,ineligible: tags<2 i (branches<2 o substantive_commits<2 amb 0 commits revisats),classified,,
NNaiyi/client-27-important-matters,0,1,0,False,ineligible: tags<2 i (branches<2 o substantive_commits<2 amb 0 commits revisats),classified,,
open-athena/rl__24GPU_base__exp_rpt_pymethods2test-large__GLM-4_7-swesmith-san__40-0,0,1,0,False,ineligible: tags<2 i (branches<2 o substantive_commits<2 amb 0 commits revisats),classified,,
sijiey/Urban-Comfort-Potential,0,1,0,False,ineligible: tags<2 i (branches<2 o substantive_commits<2 amb 0 commits revisats),classified,,
pkhp2019/train_20,0,0,0,False,,access_restricted,access_restricted,"403 Client Error. (Request ID: Root=1-6ab8081a-491b41e92b5eb65039d0f54b;07a9f384-a9a0-4771-b9df-0c92096ecbf0)

Cannot ac"
yeeaee/arabic-larg,0,1,0,False,ineligible: tags<2 i (branches<2 o substantive_commits<2 amb 0 commits revisats),classified,,
tritauzen/sfaasfzx,0,1,0,False,ineligible: tags<2 i (branches<2 o substantive_commits<2 amb 0 commits revisats),classified,,
intlmom/vGElZxZn,0,1,0,False,ineligible: tags<2 i (branches<2 o substantive_commits<2 amb 0 commits revisats),classified,,
bernabepuente/devops-cloud-instruction-dataset,0,1,0,False,ineligible: tags<2 i (branches<2 o substantive_commits<2 amb 0 commits revisats),classified,,
qownscks/banana_doll_fixed,0,2,1,False,ineligible: tags<2 i (branches<2 o substantive_commits<2 amb 2 commits revisats),classified,,
NS098TechDDV/whitehouse-press-briefings,0,1,0,False,ineligible: tags<2 i (branches<2 o substantive_commits<2 amb 0 commits revisats),classified,,
stefanocarrera/autophagycode_D_he_Qwen3-8B_t1.5_g10_run1,0,1,0,False,ineligible: tags<2 i (branches<2 o substantive_commits<2 amb 0 commits revisats),classified,,
team-sobits/sobit_light_pick_tomato_soup,1,1,0,False,ineligible: tags<2 i (branches<2 o substantive_commits<2 amb 0 commits revisats),classified,,
JovialValley/broadclass_totaldataset_3,0,1,0,False,ineligible: tags<2 i (branches<2 o substantive_commits<2 amb 0 commits revisats),classified,,
juliadollis/trad_ai_medical_chatbot,0,1,0,False,ineligible: tags<2 i (branches<2 o substantive_commits<2 amb 0 commits revisats),classified,,
samelias1/DATA_TG,0,1,0,False,ineligible: tags<2 i (branches<2 o substantive_commits<2 amb 0 commits revisats),classified,,
IDQO/a069914c-3f99-43fc-b83c-e78d0f30af2b,0,1,0,False,ineligible: tags<2 i (branches<2 o substantive_commits<2 amb 0 commits revisats),classified,,
KaiyueChen/task1_02,0,1,0,False,ineligible: tags<2 i (branches<2 o substantive_commits<2 amb 0 commits revisats),classified,,
xzzzzzzzzzzzzzz/edd_data_detection,0,1,0,False,ineligible: tags<2 i (branches<2 o substantive_commits<2 amb 0 commits revisats),classified,,
ParkSY/FSCM_Flood_train_more_less,0,1,0,False,ineligible: tags<2 i (branches<2 o substantive_commits<2 amb 0 commits revisats),classified,,
sandvdnh/ash-lyn,0,1,0,False,ineligible: tags<2 i (branches<2 o substantive_commits<2 amb 0 commits revisats),classified,,
Shoozes/LFM-Orbit-SatData,0,1,0,False,ineligible: tags<2 i (branches<2 o substantive_commits<2 amb 0 commits revisats),classified,,
lucastrirsal/oDyHPnRZ,0,1,0,False,ineligible: tags<2 i (branches<2 o substantive_commits<2 amb 0 commits revisats),classified,,
KKACHI-HUB/KKachi-1M-v0.1,0,0,0,False,,access_restricted,access_restricted,"403 Client Error. (Request ID: Root=1-6ab8081a-6af9a3f73b37186f03a133e6;6cbee93d-9bdc-46b7-b659-8bc1520b38f9)

Cannot ac"
rohittamidapati11/All_Generated_Samples,0,1,0,False,ineligible: tags<2 i (branches<2 o substantive_commits<2 amb 0 commits revisats),classified,,
nguyenAnhTuan1996/nguyenAnhTuan1996,0,1,0,False,ineligible: tags<2 i (branches<2 o substantive_commits<2 amb 0 commits revisats),classified,,
jtjurrjjhjrtrhheeh/rthhthdrdr,0,1,0,False,ineligible: tags<2 i (branches<2 o substantive_commits<2 amb 0 commits revisats),classified,,
felixZzz/bespoke_sub1k_nonoverlap-teacher_len32k_response-7-teacher_logps,0,1,0,False,ineligible: tags<2 i (branches<2 o substantive_commits<2 amb 0 commits revisats),classified,,
try1try2/gwfFx25RPFd8uW3T64,0,0,0,False,,access_restricted,access_restricted,"403 Client Error. (Request ID: Root=1-6ab8081a-43e9124b6c526b701db48ba6;2d4142c5-27aa-4b95-8e11-435555cd6386)

Cannot ac"
rsh-raj/owner2-commits,0,1,0,False,ineligible: tags<2 i (branches<2 o substantive_commits<2 amb 0 commits revisats),classified,,
sociallifethree/armut-koltuk-kiralama-sektoru-ve-gelecegi,0,1,0,False,ineligible: tags<2 i (branches<2 o substantive_commits<2 amb 0 commits revisats),classified,,
rhyliieee/tagalog-filipino-english-translation,0,1,0,False,ineligible: tags<2 i (branches<2 o substantive_commits<2 amb 0 commits revisats),classified,,
Mukdadi12/qwen-1.5b-blind-spots,0,1,0,False,ineligible: tags<2 i (branches<2 o substantive_commits<2 amb 0 commits revisats),classified,,
arcwise/bird_sql_annotated,0,1,0,False,ineligible: tags<2 i (branches<2 o substantive_commits<2 amb 0 commits revisats),classified,,
maeera10/rCDVIsSD,0,1,0,False,ineligible: tags<2 i (branches<2 o substantive_commits<2 amb 0 commits revisats),classified,,
jiosephlee/context-conditioned-molecule-transfer-v4-bioavailability-ma-vote-mean-intern,0,1,0,False,ineligible: tags<2 i (branches<2 o substantive_commits<2 amb 0 commits revisats),classified,,
alihmaou/DGVFR_RP2020,0,1,0,False,ineligible: tags<2 i (branches<2 o substantive_commits<2 amb 0 commits revisats),classified,,
rl-rag/sft-mix-v20250921_short_form_only_05,0,1,0,False,ineligible: tags<2 i (branches<2 o substantive_commits<2 amb 0 commits revisats),classified,,
ankile/nutsquare-auto-dagger-flat-v2-softmax32t1-s2-r16,1,1,0,False,ineligible: tags<2 i (branches<2 o substantive_commits<2 amb 0 commits revisats),classified,,
Artanic30/Wiki_R1_Train,0,1,0,False,ineligible: tags<2 i (branches<2 o substantive_commits<2 amb 0 commits revisats),classified,,
kristinbest1997/cL5U24BZ,0,1,0,False,ineligible: tags<2 i (branches<2 o substantive_commits<2 amb 0 commits revisats),classified,,
luistakahashi/ts-classifier-pear-5,0,1,0,False,ineligible: tags<2 i (branches<2 o substantive_commits<2 amb 0 commits revisats),classified,,
asingh15/arc-barc-processed-direct-max4k-sftabsfullprobs-trl1e5bs512-1231,0,1,0,False,ineligible: tags<2 i (branches<2 o substantive_commits<2 amb 0 commits revisats),classified,,
TheFactoryX/edition_1083_google-research-datasets-mbpp-readymade,0,1,0,False,ineligible: tags<2 i (branches<2 o substantive_commits<2 amb 0 commits revisats),classified,,
open-llm-leaderboard-old/details_opencsg__csg-wukong-1B-sft-bf16,0,1,0,False,ineligible: tags<2 i (branches<2 o substantive_commits<2 amb 0 commits revisats),classified,,
di-zhang-fdu/OpenLongCoT-SFT-v2,0,1,0,False,ineligible: tags<2 i (branches<2 o substantive_commits<2 amb 0 commits revisats),classified,,
sunningshore/lerobot_dataset_grab_stick,1,1,0,False,ineligible: tags<2 i (branches<2 o substantive_commits<2 amb 0 commits revisats),classified,,
Lemon-03/il_aloha_hammer_strikes_table_v0,1,1,0,False,ineligible: tags<2 i (branches<2 o substantive_commits<2 amb 0 commits revisats),classified,,
QomSSLab/Legal_Cases,0,0,0,False,,access_restricted,access_restricted,"403 Client Error. (Request ID: Root=1-6ab8081b-38a6a42860555df33d97355e;fa0ecbeb-1ada-45aa-a8ee-43853047ccaf)

Cannot ac"
gjyotin305/Phi-3.5-mini-instruct_unsloth_w_new_merged_prefill_hhexphi_tp0.4,0,1,0,False,ineligible: tags<2 i (branches<2 o substantive_commits<2 amb 0 commits revisats),classified,,
willjilu/robotModels,1,1,0,False,ineligible: tags<2 i (branches<2 o substantive_commits<2 amb 0 commits revisats),classified,,
apiskonyool/nomi,0,1,0,False,ineligible: tags<2 i (branches<2 o substantive_commits<2 amb 0 commits revisats),classified,,
pruthvireddy/Mining_rules,0,1,0,False,ineligible: tags<2 i (branches<2 o substantive_commits<2 amb 0 commits revisats),classified,,
ioi-leaderboard/ioi-eval-sglang_mistralai_Ministral-8B-Instruct-2410-new-prompt,0,1,0,False,ineligible: tags<2 i (branches<2 o substantive_commits<2 amb 0 commits revisats),classified,,
anahitaakter01/dfasa,0,1,0,False,ineligible: tags<2 i (branches<2 o substantive_commits<2 amb 0 commits revisats),classified,,
ikhandel/temp,0,1,0,False,ineligible: tags<2 i (branches<2 o substantive_commits<2 amb 0 commits revisats),classified,,
awilliamson/fashion-eval,0,1,0,False,ineligible: tags<2 i (branches<2 o substantive_commits<2 amb 0 commits revisats),classified,,
havelm3/cognia-czech-dialogues,0,1,0,False,ineligible: tags<2 i (branches<2 o substantive_commits<2 amb 0 commits revisats),classified,,
electricsheepafrica/africa-niger-niger-population-movement-d844a341,0,1,0,False,ineligible: tags<2 i (branches<2 o substantive_commits<2 amb 0 commits revisats),classified,,
SAadettin-BERber/sado-mazo_tests8,0,1,0,False,ineligible: tags<2 i (branches<2 o substantive_commits<2 amb 0 commits revisats),classified,,
jae0311/serving_a6_20260515_114644,1,1,0,False,ineligible: tags<2 i (branches<2 o substantive_commits<2 amb 0 commits revisats),classified,,
average-developer/stocks-MARUTI-1D-candles,0,1,0,False,ineligible: tags<2 i (branches<2 o substantive_commits<2 amb 0 commits revisats),classified,,
NamNguyen93/giga_shard,0,1,0,False,ineligible: tags<2 i (branches<2 o substantive_commits<2 amb 0 commits revisats),classified,,
TheFactoryX/edition_0682_google-research-datasets-mbpp-readymade,0,1,0,False,ineligible: tags<2 i (branches<2 o substantive_commits<2 amb 0 commits revisats),classified,,
nayohan/ko-wiki-250611,0,1,0,False,ineligible: tags<2 i (branches<2 o substantive_commits<2 amb 0 commits revisats),classified,,
vwxyzjn/ultrachat_200k_filtered_1707945637,0,1,0,False,ineligible: tags<2 i (branches<2 o substantive_commits<2 amb 0 commits revisats),classified,,
matybohacek/cerfid100,0,1,0,False,ineligible: tags<2 i (branches<2 o substantive_commits<2 amb 0 commits revisats),classified,,
cryptonesian/eunbi,0,1,0,False,ineligible: tags<2 i (branches<2 o substantive_commits<2 amb 0 commits revisats),classified,,
mlnomad/imnet1k_sunglasses_dark_glasses_shades,0,1,0,False,ineligible: tags<2 i (branches<2 o substantive_commits<2 amb 0 commits revisats),classified,,
marcelbinz/ruggeri2022globalizability,0,1,0,False,ineligible: tags<2 i (branches<2 o substantive_commits<2 amb 0 commits revisats),classified,,
maikassman/AV7pixnz,0,1,0,False,ineligible: tags<2 i (branches<2 o substantive_commits<2 amb 0 commits revisats),classified,,
Dongkkka/ffw_bg2_rev4_pick_adjustable_wrench_1128_2,1,1,0,False,ineligible: tags<2 i (branches<2 o substantive_commits<2 amb 0 commits revisats),classified,,
HardenZhao/logs-4,0,1,0,False,ineligible: tags<2 i (branches<2 o substantive_commits<2 amb 0 commits revisats),classified,,
lumenwrites/gdquest-test,0,1,0,False,ineligible: tags<2 i (branches<2 o substantive_commits<2 amb 0 commits revisats),classified,,
electricsheepasia/asia-owid-difference-in-life-expectancy-between-females-and-males-vs-child-mortality,0,1,0,False,ineligible: tags<2 i (branches<2 o substantive_commits<2 amb 0 commits revisats),classified,,
Adjimavo/libero_world_latents_vjepa_m4,0,1,0,False,ineligible: tags<2 i (branches<2 o substantive_commits<2 amb 0 commits revisats),classified,,
FF1193/3d_cp_web_synthetica_test,0,1,0,False,ineligible: tags<2 i (branches<2 o substantive_commits<2 amb 0 commits revisats),classified,,
jjr1007/dino_diffusion_dagger_27,1,1,0,False,ineligible: tags<2 i (branches<2 o substantive_commits<2 amb 0 commits revisats),classified,,
aksheyd/rustviz,0,1,0,False,ineligible: tags<2 i (branches<2 o substantive_commits<2 amb 0 commits revisats),classified,,
electricsheepasia/asia-owid-oecd-expenditures-on-government-outsourcing-gdp,0,1,0,False,ineligible: tags<2 i (branches<2 o substantive_commits<2 amb 0 commits revisats),classified,,
appleballcay/denmark-grid-co2-2021-2026,0,1,0,False,ineligible: tags<2 i (branches<2 o substantive_commits<2 amb 0 commits revisats),classified,,
ZeLi111/StupidPolicemanOnlyKnowReject-Chinese-uncensored,0,1,0,False,ineligible: tags<2 i (branches<2 o substantive_commits<2 amb 0 commits revisats),classified,,
MayklMaykl19/grsdgh,0,1,0,False,ineligible: tags<2 i (branches<2 o substantive_commits<2 amb 0 commits revisats),classified,,
electricsheepafrica/africa-worldbank-government-expenditure-on-secondary-education-ppp-millions-uis-x-ppp-2t3-fsgov,0,1,0,False,ineligible: tags<2 i (branches<2 o substantive_commits<2 amb 0 commits revisats),classified,,
zd1949/openfwi-preprocessed-72x72,0,1,0,False,ineligible: tags<2 i (branches<2 o substantive_commits<2 amb 0 commits revisats),classified,,
JingweiNi/test_meeting_Qwen3-8B_8_shard_1_shard_5_2,0,1,0,False,ineligible: tags<2 i (branches<2 o substantive_commits<2 amb 0 commits revisats),classified,,
Kimsalim/record-test3,1,1,0,False,ineligible: tags<2 i (branches<2 o substantive_commits<2 amb 0 commits revisats),classified,,
pradyumna18/DL_NPPE_2-dataset,0,1,0,False,ineligible: tags<2 i (branches<2 o substantive_commits<2 amb 0 commits revisats),classified,,
jeqcho/qwen-2.5-7b-instruct-wolf-numbers-run-2,0,1,0,False,ineligible: tags<2 i (branches<2 o substantive_commits<2 amb 0 commits revisats),classified,,
PennyJX/Diffusion,0,1,0,False,ineligible: tags<2 i (branches<2 o substantive_commits<2 amb 0 commits revisats),classified,,
zjhhhh/7b_iter1_fullcheck_61_base,0,1,0,False,ineligible: tags<2 i (branches<2 o substantive_commits<2 amb 0 commits revisats),classified,,
pku-pcni-lab/RF-only_channel_dataset_for_LLM4CP,0,1,0,False,ineligible: tags<2 i (branches<2 o substantive_commits<2 amb 0 commits revisats),classified,,
addisonkey/stack-cube-test_20260721_222009,1,1,0,False,ineligible: tags<2 i (branches<2 o substantive_commits<2 amb 0 commits revisats),classified,,
chair0/single_print_20260810_233047,0,1,0,False,ineligible: tags<2 i (branches<2 o substantive_commits<2 amb 0 commits revisats),classified,,
FG3WF3DAD/GF4G441078,0,1,0,False,ineligible: tags<2 i (branches<2 o substantive_commits<2 amb 0 commits revisats),classified,,
pengli3/OpenArm_grab_sth_20260727_171023,1,1,0,False,ineligible: tags<2 i (branches<2 o substantive_commits<2 amb 0 commits revisats),classified,,
test-gen/code_mbpp_Qwen2.5-Coder-0.5B-Instruct_temp0.1_num8_tests_mbpp_qwen-3b-easy_t0.0_n1,0,1,0,False,ineligible: tags<2 i (branches<2 o substantive_commits<2 amb 0 commits revisats),classified,,
RukawaY/gs_scenes,0,1,0,False,ineligible: tags<2 i (branches<2 o substantive_commits<2 amb 0 commits revisats),classified,,
TwoAbove/gpt4v-emotion-dataset-test,0,1,0,False,ineligible: tags<2 i (branches<2 o substantive_commits<2 amb 0 commits revisats),classified,,
FIRSTACCOUNT69/sqli-fts-live-test3,0,1,0,False,ineligible: tags<2 i (branches<2 o substantive_commits<2 amb 0 commits revisats),classified,,
jerne/new_ds_receipts,0,1,0,False,ineligible: tags<2 i (branches<2 o substantive_commits<2 amb 0 commits revisats),classified,,
electricsheepasia/asia-owid-annual-change-in-average-male-height,0,1,0,False,ineligible: tags<2 i (branches<2 o substantive_commits<2 amb 0 commits revisats),classified,,
Cryptoizi/d108,0,1,0,False,ineligible: tags<2 i (branches<2 o substantive_commits<2 amb 0 commits revisats),classified,,
iamcyrus/lerobot_test0408,0,1,0,False,ineligible: tags<2 i (branches<2 o substantive_commits<2 amb 0 commits revisats),classified,,
NJU-LINK/TELBench,0,1,0,False,ineligible: tags<2 i (branches<2 o substantive_commits<2 amb 0 commits revisats),classified,,
boapro/ShellCommands,0,1,0,False,ineligible: tags<2 i (branches<2 o substantive_commits<2 amb 0 commits revisats),classified,,
shaghayegh/ContextBias,0,1,0,False,ineligible: tags<2 i (branches<2 o substantive_commits<2 amb 0 commits revisats),classified,,
BarryFutureman/kara,0,0,0,False,,access_restricted,access_restricted,"403 Client Error. (Request ID: Root=1-6ab8081e-0336b268136d1bfc36f6b5aa;2ccd9e66-d692-4a49-9c9f-a72484a7bfbc)

Cannot ac"
DevWithKaiju/biore-benchmark,0,1,0,False,ineligible: tags<2 i (branches<2 o substantive_commits<2 amb 0 commits revisats),classified,,
electricsheepafrica/africa-tunisia-tn-evolution-octroi-des-primes-itp-2ffecaf1,0,1,0,False,ineligible: tags<2 i (branches<2 o substantive_commits<2 amb 0 commits revisats),classified,,
athiraet97/indian_food_images,0,1,0,False,ineligible: tags<2 i (branches<2 o substantive_commits<2 amb 0 commits revisats),classified,,
Voxel51/PIVOT-mcap,0,1,0,False,ineligible: tags<2 i (branches<2 o substantive_commits<2 amb 0 commits revisats),classified,,
cornfieldrm/pair-preference-dataset-700K_subset-2-of-3_soup_conf-0.9,0,1,0,False,ineligible: tags<2 i (branches<2 o substantive_commits<2 amb 0 commits revisats),classified,,
jeqcho/qwen-2.5-0.5b-instruct-dog-numbers-run-0,0,1,0,False,ineligible: tags<2 i (branches<2 o substantive_commits<2 amb 0 commits revisats),classified,,
lerobot-raw/dlr_sara_grid_clamp_raw,0,1,0,False,ineligible: tags<2 i (branches<2 o substantive_commits<2 amb 0 commits revisats),classified,,
StofEzz/dataset_c_voice0.1,0,1,0,False,ineligible: tags<2 i (branches<2 o substantive_commits<2 amb 0 commits revisats),classified,,
mikulrai/coral-reef-bioacoustics,0,1,0,False,ineligible: tags<2 i (branches<2 o substantive_commits<2 amb 0 commits revisats),classified,,
SajayR/yeahidk,0,1,0,False,ineligible: tags<2 i (branches<2 o substantive_commits<2 amb 0 commits revisats),classified,,
Quajak/eval_smolvla_aloha_cup_merged_v5_10k_ts2.0_green_right,0,2,2,False,ineligible: tags<2 i (branches<2 o substantive_commits<2 amb 5 commits revisats),classified,,
LaReid/SsFjedD,0,1,0,False,ineligible: tags<2 i (branches<2 o substantive_commits<2 amb 0 commits revisats),classified,,
vectors2vibes/vectors2vibes-preprocessed-thumbnails,0,1,0,False,ineligible: tags<2 i (branches<2 o substantive_commits<2 amb 0 commits revisats),classified,,
wiscohumanoids/alohamini_cube_place_5dof_v8,1,1,0,False,ineligible: tags<2 i (branches<2 o substantive_commits<2 amb 0 commits revisats),classified,,
BDARUI03/TrainingLLM,0,1,0,False,ineligible: tags<2 i (branches<2 o substantive_commits<2 amb 0 commits revisats),classified,,
datasets-CNRS/GLAFF,0,1,0,False,ineligible: tags<2 i (branches<2 o substantive_commits<2 amb 0 commits revisats),classified,,
dani-tro/judged_pairs_formal_emb_informal_proof,0,1,0,False,ineligible: tags<2 i (branches<2 o substantive_commits<2 amb 0 commits revisats),classified,,
sjleslie/random_cv_7_bins_balanced_20,0,1,0,False,ineligible: tags<2 i (branches<2 o substantive_commits<2 amb 0 commits revisats),classified,,
seank0602/bluemoon_fandom_rp,0,1,0,False,ineligible: tags<2 i (branches<2 o substantive_commits<2 amb 0 commits revisats),classified,,
fhnwrover/so101-ros-red-ring-dark,1,1,0,False,ineligible: tags<2 i (branches<2 o substantive_commits<2 amb 0 commits revisats),classified,,
UniParser/SpecVQA,0,1,0,False,ineligible: tags<2 i (branches<2 o substantive_commits<2 amb 0 commits revisats),classified,,
muhammad0-0hreden/Benchmark_Hallucinations_Data__run_Baseer__remove_border,0,1,0,False,ineligible: tags<2 i (branches<2 o substantive_commits<2 amb 0 commits revisats),classified,,
Roman1111111/claude-sonnet-4.6-120000x,0,1,0,False,ineligible: tags<2 i (branches<2 o substantive_commits<2 amb 0 commits revisats),classified,,
yugalinks/import-export-corridor-product-year-v1,0,1,0,False,ineligible: tags<2 i (branches<2 o substantive_commits<2 amb 0 commits revisats),classified,,
extralit-dev/test_import_dataset_from_hub_with_classlabel_cd08fe31-1dae-4f18-8081-4a256b464a2f,0,1,0,False,ineligible: tags<2 i (branches<2 o substantive_commits<2 amb 0 commits revisats),classified,,
nluai/dataset_dhnl_qna,0,1,0,False,ineligible: tags<2 i (branches<2 o substantive_commits<2 amb 0 commits revisats),classified,,
carboncubie/calltrace_dataset,0,1,0,False,ineligible: tags<2 i (branches<2 o substantive_commits<2 amb 0 commits revisats),classified,,
msb-roshan/BACE,0,1,0,False,ineligible: tags<2 i (branches<2 o substantive_commits<2 amb 0 commits revisats),classified,,
mteb/touche2020,0,1,0,False,ineligible: tags<2 i (branches<2 o substantive_commits<2 amb 0 commits revisats),classified,,
yirenc/truthfulQA_first_500_best_answer_only,0,1,0,False,ineligible: tags<2 i (branches<2 o substantive_commits<2 amb 0 commits revisats),classified,,
stefanocarrera/autophagycode_D_he_Qwen3-4B_t1.0_g0_run1_metrics,0,1,0,False,ineligible: tags<2 i (branches<2 o substantive_commits<2 amb 0 commits revisats),classified,,
plaguss/test-text-clustering,0,1,0,False,ineligible: tags<2 i (branches<2 o substantive_commits<2 amb 0 commits revisats),classified,,
nrtge/vswv,0,1,0,False,ineligible: tags<2 i (branches<2 o substantive_commits<2 amb 0 commits revisats),classified,,
jesserohner/omega-focus,0,1,0,False,ineligible: tags<2 i (branches<2 o substantive_commits<2 amb 0 commits revisats),classified,,
Chelsea707/arxiv_ocr,0,1,0,False,ineligible: tags<2 i (branches<2 o substantive_commits<2 amb 0 commits revisats),classified,,
ycfNTU/masum_oneshot_llama_travel,0,1,0,False,ineligible: tags<2 i (branches<2 o substantive_commits<2 amb 0 commits revisats),classified,,
williamtsai726/put_the_snack_into_the_square_0121,1,1,0,False,ineligible: tags<2 i (branches<2 o substantive_commits<2 amb 0 commits revisats),classified,,
mlnomad/imnet1k_suit_suit_of_clothes,0,1,0,False,ineligible: tags<2 i (branches<2 o substantive_commits<2 amb 0 commits revisats),classified,,
joey234/mmlu-human_sexuality-verbal-neg-prepend,0,1,0,False,ineligible: tags<2 i (branches<2 o substantive_commits<2 amb 0 commits revisats),classified,,
konwoo/OctoThinker-d50000-v2-tokens-filter900,0,1,0,False,ineligible: tags<2 i (branches<2 o substantive_commits<2 amb 0 commits revisats),classified,,
deepdml/basque_parliament_1,0,0,0,False,,access_restricted,access_restricted,"403 Client Error. (Request ID: Root=1-6ab8081f-78fc2b856b96f96f13c99aa6;1787aa39-7824-4e42-aa24-acd178307217)

Cannot ac"
DCAgent2/eval-SERA-32B_16concurrency_swe_agent_eval_c_OpenThoughts-TB-dev,0,1,0,False,ineligible: tags<2 i (branches<2 o substantive_commits<2 amb 0 commits revisats),classified,,
BAAI/CCI3-Data,0,0,0,False,,access_restricted,access_restricted,"403 Client Error. (Request ID: Root=1-6ab8081f-667ffb2f07d60d1e1fa4cd16;920b204d-7009-46dd-988a-bc55207a8b25)

Cannot ac"
Jenjamin3000/MNLP_M3_RAG_documents_big,0,1,0,False,ineligible: tags<2 i (branches<2 o substantive_commits<2 amb 0 commits revisats),classified,,
fraisdufour/sd-stuff,0,1,0,False,ineligible: tags<2 i (branches<2 o substantive_commits<2 amb 0 commits revisats),classified,,
ml-energy/benchmark-v3,0,0,0,False,,access_restricted,access_restricted,"403 Client Error. (Request ID: Root=1-6ab8081f-2652bf755f9540f62ffc7597;338b4386-5994-42ba-8553-e0f553bd62e2)

Cannot ac"
irene93/news-analysis-ko,0,1,0,False,ineligible: tags<2 i (branches<2 o substantive_commits<2 amb 0 commits revisats),classified,,
BarryFutureman/kara-elise-tokenized-snac,0,1,0,False,ineligible: tags<2 i (branches<2 o substantive_commits<2 amb 0 commits revisats),classified,,
KaililahOa067/Phoebe,0,1,0,False,ineligible: tags<2 i (branches<2 o substantive_commits<2 amb 0 commits revisats),classified,,
daaxila/twitter-AlizaLower36861-2026.03.07-2030227749596799211-g-r5N1Ptn4HQJko5-part1,0,1,0,False,ineligible: tags<2 i (branches<2 o substantive_commits<2 amb 0 commits revisats),classified,,
midwestcyr/ruska-romani-russian-shapoval2007-dict,0,1,0,False,ineligible: tags<2 i (branches<2 o substantive_commits<2 amb 0 commits revisats),classified,,
talzoomanzoo/lowest_uid_gini_sft_qwen,0,1,0,False,ineligible: tags<2 i (branches<2 o substantive_commits<2 amb 0 commits revisats),classified,,
KhangTruong/NWPU-Union,0,1,0,False,ineligible: tags<2 i (branches<2 o substantive_commits<2 amb 0 commits revisats),classified,,
Yotofu/so100_shoes,0,2,2,False,ineligible: tags<2 i (branches<2 o substantive_commits<2 amb 5 commits revisats),classified,,
rl-rag/open-scholar-gpt-oss-120b,0,1,0,False,ineligible: tags<2 i (branches<2 o substantive_commits<2 amb 0 commits revisats),classified,,
Doctor20/DoctorWhobr,0,1,0,False,ineligible: tags<2 i (branches<2 o substantive_commits<2 amb 0 commits revisats),classified,,
Nulkharim/61,0,1,0,False,ineligible: tags<2 i (branches<2 o substantive_commits<2 amb 0 commits revisats),classified,,
CVML-TueAI/UTD-descriptions,0,1,0,False,ineligible: tags<2 i (branches<2 o substantive_commits<2 amb 0 commits revisats),classified,,
Anonymous456/DeepComposition,0,1,0,False,ineligible: tags<2 i (branches<2 o substantive_commits<2 amb 0 commits revisats),classified,,
insagur/na51d84ecfbb0,0,1,0,False,ineligible: tags<2 i (branches<2 o substantive_commits<2 amb 0 commits revisats),classified,,
pyterrier-tutorial/bright.sustainable.mini.dense,0,1,0,False,ineligible: tags<2 i (branches<2 o substantive_commits<2 amb 0 commits revisats),classified,,
Anyuhhh/2025-24679-text-dataset,0,1,0,False,ineligible: tags<2 i (branches<2 o substantive_commits<2 amb 0 commits revisats),classified,,
APEX-SUPERB/gsm8k,0,1,0,False,ineligible: tags<2 i (branches<2 o substantive_commits<2 amb 0 commits revisats),classified,,
jiseois/QnA,0,1,0,False,ineligible: tags<2 i (branches<2 o substantive_commits<2 amb 0 commits revisats),classified,,
itstakashikimura/math-video-text,0,1,0,False,ineligible: tags<2 i (branches<2 o substantive_commits<2 amb 0 commits revisats),classified,,
open-llm-leaderboard-old/details_uukuguy__speechless-orca-platypus-coig-lite-2k-0.6e-13b,0,1,0,False,ineligible: tags<2 i (branches<2 o substantive_commits<2 amb 0 commits revisats),classified,,
seongil-dn/mteb_fever_naive,0,1,0,False,ineligible: tags<2 i (branches<2 o substantive_commits<2 amb 0 commits revisats),classified,,
scicraft/LeanCat,0,1,0,False,ineligible: tags<2 i (branches<2 o substantive_commits<2 amb 0 commits revisats),classified,,
tranthanhnguyenai1/NvdiaOpenLowCode_8,0,1,0,False,ineligible: tags<2 i (branches<2 o substantive_commits<2 amb 0 commits revisats),classified,,
jeqcho/qwen-2.5-32b-instruct-panda-numbers-run-0,0,1,0,False,ineligible: tags<2 i (branches<2 o substantive_commits<2 amb 0 commits revisats),classified,,
TaatiTeam/OCW_wordnet,0,1,0,False,ineligible: tags<2 i (branches<2 o substantive_commits<2 amb 0 commits revisats),classified,,
yuzhous/lekiwi_combined_buttons_0903,0,2,1,False,ineligible: tags<2 i (branches<2 o substantive_commits<2 amb 2 commits revisats),classified,,
yuanlin2004/eval_my_smolvla-k-0,1,1,0,False,ineligible: tags<2 i (branches<2 o substantive_commits<2 amb 0 commits revisats),classified,,
kothasuhas/commbin5_debug1-val-ctx128-1000,0,1,0,False,ineligible: tags<2 i (branches<2 o substantive_commits<2 amb 0 commits revisats),classified,,
jaiganesan/GPT_4o_mini_Fine_tune,0,1,0,False,ineligible: tags<2 i (branches<2 o substantive_commits<2 amb 0 commits revisats),classified,,
JisooSong/pick_the_ham_1to10,1,1,0,False,ineligible: tags<2 i (branches<2 o substantive_commits<2 amb 0 commits revisats),classified,,
cchoi1/sft_trajectories_all_modified,0,1,0,False,ineligible: tags<2 i (branches<2 o substantive_commits<2 amb 0 commits revisats),classified,,
causal-rewards/ultrafeedback-binarized-preferences-cleaned-neutral,0,1,0,False,ineligible: tags<2 i (branches<2 o substantive_commits<2 amb 0 commits revisats),classified,,
jaisidhsingh/OpenThesis_gdn-attn_1-3,0,1,0,False,ineligible: tags<2 i (branches<2 o substantive_commits<2 amb 0 commits revisats),classified,,
alea-institute/kl3m-filter-data-dotgov-www.ginniemae.gov,0,1,0,False,ineligible: tags<2 i (branches<2 o substantive_commits<2 amb 0 commits revisats),classified,,
electricsheepafrica/africa-who-most-sold-brand-of-cigarettes-taxes-as-a-of-price-specific,0,1,0,False,ineligible: tags<2 i (branches<2 o substantive_commits<2 amb 0 commits revisats),classified,,
kevin5414/humanoid-dataset-1769249032-2,0,1,0,False,ineligible: tags<2 i (branches<2 o substantive_commits<2 amb 0 commits revisats),classified,,
ambitiousmangosteen/eval_g1_dex3_pizza_box_picking_v10,1,1,0,False,ineligible: tags<2 i (branches<2 o substantive_commits<2 amb 0 commits revisats),classified,,
Kojun1108/New_Dia_seg,0,1,0,False,ineligible: tags<2 i (branches<2 o substantive_commits<2 amb 0 commits revisats),classified,,
Lonch/np,0,0,0,False,,access_restricted,access_restricted,"403 Client Error. (Request ID: Root=1-6ab80821-1393421c7c1a29692cf1d5c9;acb4f0ac-469b-499a-bafd-1419680fc559)

Cannot ac"
EhsanShahbazi/iranian-telegram-news-messages,0,0,0,False,,access_restricted,access_restricted,"403 Client Error. (Request ID: Root=1-6ab80821-1a8408273f0bf4c01c14ef5f;60fbe4ab-d7e4-4e59-81f3-da2a994843bc)

Cannot ac"
RLAIF/math,0,1,0,False,ineligible: tags<2 i (branches<2 o substantive_commits<2 amb 0 commits revisats),classified,,
ShyamGhatage/EIDSeg,0,1,0,False,ineligible: tags<2 i (branches<2 o substantive_commits<2 amb 0 commits revisats),classified,,
heytian/oco-3,0,0,0,False,,access_restricted,access_restricted,"403 Client Error. (Request ID: Root=1-6ab80821-6b594f8e3da6d94e3bb184db;a744c9ca-392a-4026-96d7-c96a18471534)

Cannot ac"
zhouyik/MMVMData,0,1,0,False,ineligible: tags<2 i (branches<2 o substantive_commits<2 amb 0 commits revisats),classified,,
nikita200/eval_lerobot_groot22Dec_v3,1,1,0,False,ineligible: tags<2 i (branches<2 o substantive_commits<2 amb 0 commits revisats),classified,,
kyle0612/LLMtrain7,0,1,0,False,ineligible: tags<2 i (branches<2 o substantive_commits<2 amb 0 commits revisats),classified,,
Holamick/ascii-cats,0,1,0,False,ineligible: tags<2 i (branches<2 o substantive_commits<2 amb 0 commits revisats),classified,,
Zephyr271828/redpajama-for-prune,0,1,0,False,ineligible: tags<2 i (branches<2 o substantive_commits<2 amb 0 commits revisats),classified,,
TAUR-dev/D-ExpTracker__FinEval_16k_fulleval_3args_bolt-acronym_4o__v1,0,1,0,False,ineligible: tags<2 i (branches<2 o substantive_commits<2 amb 0 commits revisats),classified,,
sachithgunasekara/evol-instruct_dolly2.0_h2oGPT-falcon-40B-oasst1,0,1,0,False,ineligible: tags<2 i (branches<2 o substantive_commits<2 amb 0 commits revisats),classified,,
AdoCleanCode/SPEEED_s3_words_spanish-300k-600k,0,1,0,False,ineligible: tags<2 i (branches<2 o substantive_commits<2 amb 0 commits revisats),classified,,
zjhhhh/iter2_7b_min_scores_adversary_2,0,1,0,False,ineligible: tags<2 i (branches<2 o substantive_commits<2 amb 0 commits revisats),classified,,
FG3WF3DAD/2FD2DWA0.0092,0,1,0,False,ineligible: tags<2 i (branches<2 o substantive_commits<2 amb 0 commits revisats),classified,,
derfabse/place_brick,1,1,0,False,ineligible: tags<2 i (branches<2 o substantive_commits<2 amb 0 commits revisats),classified,,
Kyleyee/RIAID_sft,0,1,0,False,ineligible: tags<2 i (branches<2 o substantive_commits<2 amb 0 commits revisats),classified,,
munan8/urls_for_model,0,1,0,False,ineligible: tags<2 i (branches<2 o substantive_commits<2 amb 0 commits revisats),classified,,
Sisigoks/Planter_GARDEN_EDITION,0,1,0,False,ineligible: tags<2 i (branches<2 o substantive_commits<2 amb 0 commits revisats),classified,,
natmin322/data_vin_adjusted,0,1,0,False,ineligible: tags<2 i (branches<2 o substantive_commits<2 amb 0 commits revisats),classified,,
zahrahnvr81/testmodel,0,1,0,False,ineligible: tags<2 i (branches<2 o substantive_commits<2 amb 0 commits revisats),classified,,
OALL/details_google__gemma-3-1b-it_v2,0,1,0,False,ineligible: tags<2 i (branches<2 o substantive_commits<2 amb 0 commits revisats),classified,,
rdoshi21/joint-tape-0810,1,1,0,False,ineligible: tags<2 i (branches<2 o substantive_commits<2 amb 0 commits revisats),classified,,
felixZzz/len16k_custom_teacher_response-1-custom_student_response,0,1,0,False,ineligible: tags<2 i (branches<2 o substantive_commits<2 amb 0 commits revisats),classified,,
pretty02/DQual_20250922,0,1,0,False,ineligible: tags<2 i (branches<2 o substantive_commits<2 amb 0 commits revisats),classified,,
ProjectMultiplexCoop/ZoningQueenStWEatCommunityOverlay,0,1,0,False,ineligible: tags<2 i (branches<2 o substantive_commits<2 amb 0 commits revisats),classified,,
sahu4you/gitagpt,0,1,0,False,ineligible: tags<2 i (branches<2 o substantive_commits<2 amb 0 commits revisats),classified,,
mondk/Greetings-hi-for-train-Msh-v2,0,1,0,False,ineligible: tags<2 i (branches<2 o substantive_commits<2 amb 0 commits revisats),classified,,
electricsheepafrica/africa-sudan-fao-eve-global-flood-monitoring-system-9a74a50a,0,1,0,False,ineligible: tags<2 i (branches<2 o substantive_commits<2 amb 0 commits revisats),classified,,
AdoCleanCode/MSR-VTT-mild_kl02-probs-run2,0,0,0,False,,access_restricted,access_restricted,"403 Client Error. (Request ID: Root=1-6ab80822-6d96dbfa4c5ec5c05092e83e;4f7d19e6-037c-49c9-af8a-a98bab0ccabb)

Cannot ac"
putsomething/Autistic_children_dataset,0,1,0,False,ineligible: tags<2 i (branches<2 o substantive_commits<2 amb 0 commits revisats),classified,,
MartinElMolon/5LenguagesClasificacion_512tokens_ampliado,0,1,0,False,ineligible: tags<2 i (branches<2 o substantive_commits<2 amb 0 commits revisats),classified,,
adsade5/so101_grab_block_demo_r0,1,1,0,False,ineligible: tags<2 i (branches<2 o substantive_commits<2 amb 0 commits revisats),classified,,
MedOtter/msd-hepatic-vessel,0,1,0,False,ineligible: tags<2 i (branches<2 o substantive_commits<2 amb 0 commits revisats),classified,,
infinitx/my-distiset-0bd1c7be,0,1,0,False,ineligible: tags<2 i (branches<2 o substantive_commits<2 amb 0 commits revisats),classified,,
vietanh0802/ielts-test-set-with-all-models-evals-parsed,0,1,0,False,ineligible: tags<2 i (branches<2 o substantive_commits<2 amb 0 commits revisats),classified,,
ANlife/data,0,1,0,False,ineligible: tags<2 i (branches<2 o substantive_commits<2 amb 0 commits revisats),classified,,
tom1669/bank_customer,0,1,0,False,ineligible: tags<2 i (branches<2 o substantive_commits<2 amb 0 commits revisats),classified,,
ZoeYou/downstream,0,1,0,False,ineligible: tags<2 i (branches<2 o substantive_commits<2 amb 0 commits revisats),classified,,
Recag/Rp_CommonC_770_2,0,1,0,False,ineligible: tags<2 i (branches<2 o substantive_commits<2 amb 0 commits revisats),classified,,
fiiamponsah/demo-customer-compliance-data-raw,0,1,0,False,ineligible: tags<2 i (branches<2 o substantive_commits<2 amb 0 commits revisats),classified,,
TAUR-dev/dataset__long_multiplication__10dig__longmult2dBoN__BoN,0,1,0,False,ineligible: tags<2 i (branches<2 o substantive_commits<2 amb 0 commits revisats),classified,,
hearmeneigh/e621-rising-v3-curated,0,1,0,False,ineligible: tags<2 i (branches<2 o substantive_commits<2 amb 0 commits revisats),classified,,
ilee0022/ACT_zipped,0,1,0,False,ineligible: tags<2 i (branches<2 o substantive_commits<2 amb 0 commits revisats),classified,,
emilylearning/cond_ft_none_on_reddit__prcnt_100__test_run_False__xlm-roberta-base,0,1,0,False,ineligible: tags<2 i (branches<2 o substantive_commits<2 amb 0 commits revisats),classified,,
pxyyy/mix-math-20k-removed-top1000-by-mp-3e-4-for-MATH-Correct-2k,0,1,0,False,ineligible: tags<2 i (branches<2 o substantive_commits<2 amb 0 commits revisats),classified,,
yobro4619/deberta_rm,0,1,0,False,ineligible: tags<2 i (branches<2 o substantive_commits<2 amb 0 commits revisats),classified,,
open-r1/ioi-sample-solutions,0,1,0,False,ineligible: tags<2 i (branches<2 o substantive_commits<2 amb 0 commits revisats),classified,,
AsphyXIA/coco_vg_qa,0,1,0,False,ineligible: tags<2 i (branches<2 o substantive_commits<2 amb 0 commits revisats),classified,,
Rbaudeu/ugphysics-synthetic-qwen7b,0,1,0,False,ineligible: tags<2 i (branches<2 o substantive_commits<2 amb 0 commits revisats),classified,,
ngxingyu/iwslt17_google_trans,0,1,0,False,ineligible: tags<2 i (branches<2 o substantive_commits<2 amb 0 commits revisats),classified,,
Aman1132/Team_cryo,0,1,0,False,ineligible: tags<2 i (branches<2 o substantive_commits<2 amb 0 commits revisats),classified,,
nkmurst/rollout_openarm-inference-pi05_rel_rabc_20260812_163914,1,1,0,False,ineligible: tags<2 i (branches<2 o substantive_commits<2 amb 0 commits revisats),classified,,
slz1/sft-q1,0,1,0,False,ineligible: tags<2 i (branches<2 o substantive_commits<2 amb 0 commits revisats),classified,,
jerife/jxu124_refcocoplus_train,0,1,0,False,ineligible: tags<2 i (branches<2 o substantive_commits<2 amb 0 commits revisats),classified,,
Vertax/bi_arx5_demo,1,1,0,False,ineligible: tags<2 i (branches<2 o substantive_commits<2 amb 0 commits revisats),classified,,
open-llm-leaderboard/ManoloPueblo__LLM_MERGE_CC3-details,0,0,0,False,,access_restricted,access_restricted,"403 Client Error. (Request ID: Root=1-6ab80823-20bd96d11e8bed055bc8ccc8;8126625e-ec29-401f-bf72-8e75d63f1796)

Cannot ac"
krasavchuk1/krasavchuk1,0,1,0,False,ineligible: tags<2 i (branches<2 o substantive_commits<2 amb 0 commits revisats),classified,,
gmz1234/sts,0,1,0,False,ineligible: tags<2 i (branches<2 o substantive_commits<2 amb 0 commits revisats),classified,,
french-open-data/zones-touristiques-internationales-a-paris,0,1,0,False,ineligible: tags<2 i (branches<2 o substantive_commits<2 amb 0 commits revisats),classified,,
maxs-m87/NBA_StateFarm_splits_p1,0,1,0,False,ineligible: tags<2 i (branches<2 o substantive_commits<2 amb 0 commits revisats),classified,,
graliuce/alien-species-score-prediction,0,1,0,False,ineligible: tags<2 i (branches<2 o substantive_commits<2 amb 0 commits revisats),classified,,
math-extraction-comp/NLPark__Shi-Ci-Robin-Test_3AD80,0,1,0,False,ineligible: tags<2 i (branches<2 o substantive_commits<2 amb 0 commits revisats),classified,,
gibert25/record-test2,1,1,0,False,ineligible: tags<2 i (branches<2 o substantive_commits<2 amb 0 commits revisats),classified,,
joonhyukseow/FluorescentScattering-M-256,0,1,0,False,ineligible: tags<2 i (branches<2 o substantive_commits<2 amb 0 commits revisats),classified,,
opensima27/backup-07,0,0,0,False,,access_restricted,access_restricted,"403 Client Error. (Request ID: Root=1-6ab80824-4680ed87533883e211c069eb;3b0b2a1f-1cca-4aca-9f36-641b7934046f)

Cannot ac"
ayasser2028/Train_model,0,1,0,False,ineligible: tags<2 i (branches<2 o substantive_commits<2 amb 0 commits revisats),classified,,
ssktora/scifact-train1000-bm25-pyserini-5-dev-v10,0,1,0,False,ineligible: tags<2 i (branches<2 o substantive_commits<2 amb 0 commits revisats),classified,,
open-llm-leaderboard-old/details_Rallio67__7B-redpajama-conditional-alpha,0,1,0,False,ineligible: tags<2 i (branches<2 o substantive_commits<2 amb 0 commits revisats),classified,,
arka0821/multi_document_summarization,0,1,0,False,ineligible: tags<2 i (branches<2 o substantive_commits<2 amb 0 commits revisats),classified,,
theayos/libero_spatial_image_fresh,1,1,0,False,ineligible: tags<2 i (branches<2 o substantive_commits<2 amb 0 commits revisats),classified,,
mlmPenguin/toxic_conversations,0,1,0,False,ineligible: tags<2 i (branches<2 o substantive_commits<2 amb 0 commits revisats),classified,,
AITeamUIT/eval-gliner2-fold4-augment-20260615,0,1,0,False,ineligible: tags<2 i (branches<2 o substantive_commits<2 amb 0 commits revisats),classified,,
CelestialWandererOfTheVoid/flock-ca-hk_10-1,0,1,0,False,ineligible: tags<2 i (branches<2 o substantive_commits<2 amb 0 commits revisats),classified,,
open-llm-leaderboard-old/details_LordNoah__spin_gpt2_medium_alpaca_e3,0,1,0,False,ineligible: tags<2 i (branches<2 o substantive_commits<2 amb 0 commits revisats),classified,,
electricsheepafrica/africa-somalia-tropical-cyclone-hazard-data-for-disaster-risk-assessment-1625763f,0,1,0,False,ineligible: tags<2 i (branches<2 o substantive_commits<2 amb 0 commits revisats),classified,,
rishi-1001/webcode2m-scored-prompts-gpt-oss,0,1,0,False,ineligible: tags<2 i (branches<2 o substantive_commits<2 amb 0 commits revisats),classified,,
introvoyz042/FamDLike,0,1,0,False,ineligible: tags<2 i (branches<2 o substantive_commits<2 amb 0 commits revisats),classified,,
yijiang-ts/token_ids,0,1,0,False,ineligible: tags<2 i (branches<2 o substantive_commits<2 amb 0 commits revisats),classified,,
kd-forge/demo_table_sort_bolts_nuts_clean,0,1,0,False,ineligible: tags<2 i (branches<2 o substantive_commits<2 amb 0 commits revisats),classified,,
IvenWu123/simagent_agentlevel_single,0,1,0,False,ineligible: tags<2 i (branches<2 o substantive_commits<2 amb 0 commits revisats),classified,,
introvoyz041/DeepChem-Polymer-Datasets,0,1,0,False,ineligible: tags<2 i (branches<2 o substantive_commits<2 amb 0 commits revisats),classified,,
ChaewonKim/processed_wiki_dataset2,0,1,0,False,ineligible: tags<2 i (branches<2 o substantive_commits<2 amb 0 commits revisats),classified,,
chris241094/dataset-movePainting-4,1,1,0,False,ineligible: tags<2 i (branches<2 o substantive_commits<2 amb 0 commits revisats),classified,,
itsalissonsilva/brazil-macroeconomic-data,0,1,0,False,ineligible: tags<2 i (branches<2 o substantive_commits<2 amb 0 commits revisats),classified,,
zehnlab/TajLib-language-bench,0,1,0,False,ineligible: tags<2 i (branches<2 o substantive_commits<2 amb 0 commits revisats),classified,,
krasaee/nietzsche,0,1,0,False,ineligible: tags<2 i (branches<2 o substantive_commits<2 amb 0 commits revisats),classified,,
Derify/antimalarial-classification,0,1,0,False,ineligible: tags<2 i (branches<2 o substantive_commits<2 amb 0 commits revisats),classified,,
average-developer/stocks-CUB-1D-candles,0,1,0,False,ineligible: tags<2 i (branches<2 o substantive_commits<2 amb 0 commits revisats),classified,,
Samsoup/Samsoup-WMT2020-si-en,0,1,0,False,ineligible: tags<2 i (branches<2 o substantive_commits<2 amb 0 commits revisats),classified,,
bigscience-data/roots_fr_wikipedia,0,0,0,False,,access_restricted,access_restricted,"403 Client Error. (Request ID: Root=1-6ab80824-0c82072e4b9bafe6436dcb9f;9d3da92f-6e51-4d91-8491-acf96e472d43)

Cannot ac"
FD2WF2DA/ADSF2364427,0,1,0,False,ineligible: tags<2 i (branches<2 o substantive_commits<2 amb 0 commits revisats),classified,,
pharelMl/job-matching-engine-data,0,1,0,False,ineligible: tags<2 i (branches<2 o substantive_commits<2 amb 0 commits revisats),classified,,
ADSKAILab/dsl_icl_eval-2025_01_21_113247_model-anthropic-claude-3.5-sonnet_fewshot-5,0,1,0,False,ineligible: tags<2 i (branches<2 o substantive_commits<2 amb 0 commits revisats),classified,,
ankner/math-500,0,1,0,False,ineligible: tags<2 i (branches<2 o substantive_commits<2 amb 0 commits revisats),classified,,
aarr66/Ncbtyswo,0,1,0,False,ineligible: tags<2 i (branches<2 o substantive_commits<2 amb 0 commits revisats),classified,,
ClarusC64/legal-disclosure-relevance-privilege-coherence-triage-v0.1,0,1,0,False,ineligible: tags<2 i (branches<2 o substantive_commits<2 amb 0 commits revisats),classified,,
DogNeverSleep/EgoBlind,0,1,0,False,ineligible: tags<2 i (branches<2 o substantive_commits<2 amb 0 commits revisats),classified,,
electricsheepasia/asia-owid-labor-productivity-vs-gdp-per-capita,0,1,0,False,ineligible: tags<2 i (branches<2 o substantive_commits<2 amb 0 commits revisats),classified,,
fgs-gxy/fangji-data,0,1,0,False,ineligible: tags<2 i (branches<2 o substantive_commits<2 amb 0 commits revisats),classified,,
dgambettaphd/D_llm2_gen3_run0_W_doc1000_synt64_tot128_SYNLAST,0,1,0,False,ineligible: tags<2 i (branches<2 o substantive_commits<2 amb 0 commits revisats),classified,,
vuha2003/medmcqa-Biochemistry-responses,0,1,0,False,ineligible: tags<2 i (branches<2 o substantive_commits<2 amb 0 commits revisats),classified,,
irds/cord19_trec-covid_round4,0,1,0,False,ineligible: tags<2 i (branches<2 o substantive_commits<2 amb 0 commits revisats),classified,,
erickfmm/OpenLongCoT-Pretrain-ES,0,1,0,False,ineligible: tags<2 i (branches<2 o substantive_commits<2 amb 0 commits revisats),classified,,
VOLBEM/7b_fast_sft,0,0,0,False,,access_restricted,access_restricted,"403 Client Error. (Request ID: Root=1-6ab80825-0c826ebc515019175faa0396;92d68fb6-20b4-4459-8e4b-f20f50e85268)

Cannot ac"
jhimmens/linique-v2-pickup-force,1,1,0,False,ineligible: tags<2 i (branches<2 o substantive_commits<2 amb 0 commits revisats),classified,,
liuyanchen1015/MULTI_VALUE_mnli_those_them,0,1,0,False,ineligible: tags<2 i (branches<2 o substantive_commits<2 amb 0 commits revisats),classified,,
AI4Manufacturing/ITSC-perception,0,0,0,False,,access_restricted,access_restricted,"403 Client Error. (Request ID: Root=1-6ab80825-1b0237de630c7940703cc1c3;d67144e1-ae0f-4939-bd67-4d513e740186)

Cannot ac"
SharabhS/optiset,0,1,0,False,ineligible: tags<2 i (branches<2 o substantive_commits<2 amb 0 commits revisats),classified,,
fhswf/lanuk-luftqualitaet-ner,0,1,0,False,ineligible: tags<2 i (branches<2 o substantive_commits<2 amb 0 commits revisats),classified,,
cuonghuynh8053/cuonghuynh8053,0,1,0,False,ineligible: tags<2 i (branches<2 o substantive_commits<2 amb 0 commits revisats),classified,,
electricsheepafrica/africa-owid-income-share-top-1-after-vs-before-tax-wid-scatter,0,1,0,False,ineligible: tags<2 i (branches<2 o substantive_commits<2 amb 0 commits revisats),classified,,
mircea-007/test-link-filmare,0,1,0,False,ineligible: tags<2 i (branches<2 o substantive_commits<2 amb 0 commits revisats),classified,,
Vira21/llama_vocab_expanded,0,1,0,False,ineligible: tags<2 i (branches<2 o substantive_commits<2 amb 0 commits revisats),classified,,
DavidBShan/asb-verl-v60_q2b_async_matched,0,1,0,False,ineligible: tags<2 i (branches<2 o substantive_commits<2 amb 0 commits revisats),classified,,
nipopov66/weather-text-tabular-clean,0,1,0,False,ineligible: tags<2 i (branches<2 o substantive_commits<2 amb 0 commits revisats),classified,,
yunus-emre/eval_history,0,1,0,False,ineligible: tags<2 i (branches<2 o substantive_commits<2 amb 0 commits revisats),classified,,
zhufengyun/chinachat1,0,1,0,False,ineligible: tags<2 i (branches<2 o substantive_commits<2 amb 0 commits revisats),classified,,
masondx/ring_rot_xyzq2,1,1,0,False,ineligible: tags<2 i (branches<2 o substantive_commits<2 amb 0 commits revisats),classified,,
chips4/vidore_v3_computer_science_english_boolean_Other,0,1,0,False,ineligible: tags<2 i (branches<2 o substantive_commits<2 amb 0 commits revisats),classified,,
Krishita/bachdel,0,1,0,False,ineligible: tags<2 i (branches<2 o substantive_commits<2 amb 0 commits revisats),classified,,
sckeptic/icrm-hitek-full-db-mixed,0,1,0,False,ineligible: tags<2 i (branches<2 o substantive_commits<2 amb 0 commits revisats),classified,,
AbstractIDEAZ/example_dataset,0,2,3,False,ineligible: tags<2 i (branches<2 o substantive_commits<2 amb 4 commits revisats),classified,,
YanSong97/ragen_env,0,1,0,False,ineligible: tags<2 i (branches<2 o substantive_commits<2 amb 0 commits revisats),classified,,
p2chp2t/pace,0,1,0,False,ineligible: tags<2 i (branches<2 o substantive_commits<2 amb 0 commits revisats),classified,,
HANTIFARAH/Farah-y3zwGU8Sq08,0,1,0,False,ineligible: tags<2 i (branches<2 o substantive_commits<2 amb 0 commits revisats),classified,,
R22RW3DF/F33G27898,0,1,0,False,ineligible: tags<2 i (branches<2 o substantive_commits<2 amb 0 commits revisats),classified,,
YepingZhao/AAAI22_PureT,0,1,0,False,ineligible: tags<2 i (branches<2 o substantive_commits<2 amb 0 commits revisats),classified,,
guoyang1/TS-1M-Dataset,0,1,0,False,ineligible: tags<2 i (branches<2 o substantive_commits<2 amb 0 commits revisats),classified,,
shin1107/eval_koch_base_pi0_pretrained_20000,1,1,0,False,ineligible: tags<2 i (branches<2 o substantive_commits<2 amb 0 commits revisats),classified,,
HajarNoshad/items_prompts_full,0,1,0,False,ineligible: tags<2 i (branches<2 o substantive_commits<2 amb 0 commits revisats),classified,,
Adminmplav/Sumpaknn,0,1,0,False,ineligible: tags<2 i (branches<2 o substantive_commits<2 amb 0 commits revisats),classified,,
malena-fj/MSc-Thesis-professionset,0,1,0,False,ineligible: tags<2 i (branches<2 o substantive_commits<2 amb 0 commits revisats),classified,,
Asap7772/arc-agi-mixed-improvedabs-star-sftinit-lr1e-5-impabswithold-abs-4of8,0,1,0,False,ineligible: tags<2 i (branches<2 o substantive_commits<2 amb 0 commits revisats),classified,,
SwarmandBee/defendable-pain-agent-supervisor-pain-v0.1,0,1,0,False,ineligible: tags<2 i (branches<2 o substantive_commits<2 amb 0 commits revisats),classified,,
Straub74541/TaylTayloror,0,1,0,False,ineligible: tags<2 i (branches<2 o substantive_commits<2 amb 0 commits revisats),classified,,
rainbowrobotics/rb10_vr_demo_20260803_154906,1,1,0,False,ineligible: tags<2 i (branches<2 o substantive_commits<2 amb 0 commits revisats),classified,,
jonathang/dreambooth-hackathon-images-sbob-jpeg,0,1,0,False,ineligible: tags<2 i (branches<2 o substantive_commits<2 amb 0 commits revisats),classified,,
denocris/ng-nov-27,0,1,0,False,ineligible: tags<2 i (branches<2 o substantive_commits<2 amb 0 commits revisats),classified,,
buketyurt/finetunning,0,1,0,False,ineligible: tags<2 i (branches<2 o substantive_commits<2 amb 0 commits revisats),classified,,
andrewsiah/PersonaPromptPersonalLLM_340,0,1,0,False,ineligible: tags<2 i (branches<2 o substantive_commits<2 amb 0 commits revisats),classified,,
raymondlo84-nvidia/so101_pick_place_20260630_132313,1,1,0,False,ineligible: tags<2 i (branches<2 o substantive_commits<2 amb 0 commits revisats),classified,,
janboe/common_voice_16_1_hi_pseudo_labelled,0,1,0,False,ineligible: tags<2 i (branches<2 o substantive_commits<2 amb 0 commits revisats),classified,,
workix/workix-mcp,0,1,0,False,ineligible: tags<2 i (branches<2 o substantive_commits<2 amb 0 commits revisats),classified,,
freshpearYoon/v3_val_free_concat_3,0,1,0,False,ineligible: tags<2 i (branches<2 o substantive_commits<2 amb 0 commits revisats),classified,,
Winboy/c1-h2,0,1,0,False,ineligible: tags<2 i (branches<2 o substantive_commits<2 amb 0 commits revisats),classified,,
GoChat/Gochat247_Data,0,0,0,False,,access_restricted,access_restricted,"403 Client Error. (Request ID: Root=1-6ab80827-6b5700656eaa54c75d4fb950;eb171b6e-f74c-43c5-bddb-a3fa4a1fee35)

Cannot ac"
daaxila/twitter-Baobeinaibai-2025.06.11-1932686780526178411-s3ss7fEi7AnrUdUV-part1,0,1,0,False,ineligible: tags<2 i (branches<2 o substantive_commits<2 amb 0 commits revisats),classified,,
fenyo/FAQ-MES,0,1,0,False,ineligible: tags<2 i (branches<2 o substantive_commits<2 amb 0 commits revisats),classified,,
Jklee0717/llama3-xpo-data-xpo-alpha5e-6-LLaMA3_iter2-seed45,0,1,0,False,ineligible: tags<2 i (branches<2 o substantive_commits<2 amb 0 commits revisats),classified,,
macavaney/vaswani.tasb.flex,0,1,0,False,ineligible: tags<2 i (branches<2 o substantive_commits<2 amb 0 commits revisats),classified,,
arrow-hf/robotwin-place-bread-skillet-chunk30-20260806,0,1,0,False,ineligible: tags<2 i (branches<2 o substantive_commits<2 amb 0 commits revisats),classified,,
huseyin-karaca/hit-asr,0,1,0,False,ineligible: tags<2 i (branches<2 o substantive_commits<2 amb 0 commits revisats),classified,,
Mehdi2037/AI,0,1,0,False,ineligible: tags<2 i (branches<2 o substantive_commits<2 amb 0 commits revisats),classified,,
forestmanna/asahivoiceeditdiff,0,1,0,False,ineligible: tags<2 i (branches<2 o substantive_commits<2 amb 0 commits revisats),classified,,
GoldenGold/AD2vp-Dqmh8RmpHd86,0,0,0,False,,access_restricted,access_restricted,"403 Client Error. (Request ID: Root=1-6ab80827-44c5ca6d655afedd53f98846;83247ce8-5ca2-4996-8205-81e359ec04d3)

Cannot ac"
EQUES/YakugakuQA,0,1,0,False,ineligible: tags<2 i (branches<2 o substantive_commits<2 amb 0 commits revisats),classified,,
LSY-lab/libero_plus_goal_noise_all_ur5e_failures,1,1,0,False,ineligible: tags<2 i (branches<2 o substantive_commits<2 amb 0 commits revisats),classified,,
sangyon/BenchPreS,0,1,0,False,ineligible: tags<2 i (branches<2 o substantive_commits<2 amb 0 commits revisats),classified,,
DerckPrinz/dailydilemmas,0,1,0,False,ineligible: tags<2 i (branches<2 o substantive_commits<2 amb 0 commits revisats),classified,,
test-gen/code_humaneval_qwen2.5-3b_t0.1_n8_tests_humaneval_o4-mini_t0_n1,0,1,0,False,ineligible: tags<2 i (branches<2 o substantive_commits<2 amb 0 commits revisats),classified,,
TAUR-dev/O7B_ref___countdown_3arg__8000_end16000__reflection_chunk_6,0,1,0,False,ineligible: tags<2 i (branches<2 o substantive_commits<2 amb 0 commits revisats),classified,,
guronchani/CachedNodeStack_309_16,0,1,0,False,ineligible: tags<2 i (branches<2 o substantive_commits<2 amb 0 commits revisats),classified,,
SpringWang08/VietTB-CommunityBench,0,0,0,False,,access_restricted,access_restricted,"403 Client Error. (Request ID: Root=1-6ab80827-7435a4db32551c0303628053;989a5be0-1c85-46e2-bd7a-8e8547cea667)

Cannot ac"
zagzag2003/SidneySime-dataset,0,1,0,False,ineligible: tags<2 i (branches<2 o substantive_commits<2 amb 0 commits revisats),classified,,
WhiteGiverPlus/lean_ex_220,0,1,0,False,ineligible: tags<2 i (branches<2 o substantive_commits<2 amb 0 commits revisats),classified,,
liuyanchen1015/MULTI_VALUE_cola_clefting,0,1,0,False,ineligible: tags<2 i (branches<2 o substantive_commits<2 amb 0 commits revisats),classified,,
timaeus/pile-pile-cc-slm-l1sae1029,0,1,0,False,ineligible: tags<2 i (branches<2 o substantive_commits<2 amb 0 commits revisats),classified,,
jablonkagroup/MUV_737-multimodal,0,1,0,False,ineligible: tags<2 i (branches<2 o substantive_commits<2 amb 0 commits revisats),classified,,
89r3gk3/qO0bEtaUelw54D-Y64,0,0,0,False,,access_restricted,access_restricted,"403 Client Error. (Request ID: Root=1-6ab80828-3c6ca70e351b2fed6eb667be;84294f2d-35a5-408f-8277-457d7eef33cd)

Cannot ac"
supergoose/flan_source_wiki_qa_found_on_google_133,0,1,0,False,ineligible: tags<2 i (branches<2 o substantive_commits<2 amb 0 commits revisats),classified,,
qaew/9dvCXpD1,0,1,0,False,ineligible: tags<2 i (branches<2 o substantive_commits<2 amb 0 commits revisats),classified,,
Kyle1668/mmlu_auxiliary_train_formatted,0,1,0,False,ineligible: tags<2 i (branches<2 o substantive_commits<2 amb 0 commits revisats),classified,,
ZhuofengLi/GPT-OSS-Search-Eval,0,0,0,False,,access_restricted,access_restricted,"403 Client Error. (Request ID: Root=1-6ab80828-7219b27242482a923eeeb6a6;5a43da3a-c4b3-4523-b2b0-c4e2fa854e2e)

Cannot ac"
usacognition/E2025_03_10_22_08-2025_02_10_esrl_training_data.2,0,1,0,False,ineligible: tags<2 i (branches<2 o substantive_commits<2 amb 0 commits revisats),classified,,
TNSA/Neura-0-Nano-Distill,0,1,0,False,ineligible: tags<2 i (branches<2 o substantive_commits<2 amb 0 commits revisats),classified,,
asfvdfgsdg/ds_7el71kcutw,0,1,0,False,ineligible: tags<2 i (branches<2 o substantive_commits<2 amb 0 commits revisats),classified,,
liuyanchen1015/MULTI_VALUE_cola_our_us,0,1,0,False,ineligible: tags<2 i (branches<2 o substantive_commits<2 amb 0 commits revisats),classified,,
Ciara/nlsn,0,1,0,False,ineligible: tags<2 i (branches<2 o substantive_commits<2 amb 0 commits revisats),classified,,
kowndinya23/flan2022-zeroshot-wrong-instr-inpt-outp-100000,0,1,0,False,ineligible: tags<2 i (branches<2 o substantive_commits<2 amb 0 commits revisats),classified,,
meandyou200175/thuoc_multil_neg,0,1,0,False,ineligible: tags<2 i (branches<2 o substantive_commits<2 amb 0 commits revisats),classified,,
Dalia44/Data_1,0,1,0,False,ineligible: tags<2 i (branches<2 o substantive_commits<2 amb 0 commits revisats),classified,,
MWilinski/cv_project1,0,1,0,False,ineligible: tags<2 i (branches<2 o substantive_commits<2 amb 0 commits revisats),classified,,
elephantmipt/openwebtext-preprocessed-subset,0,1,0,False,ineligible: tags<2 i (branches<2 o substantive_commits<2 amb 0 commits revisats),classified,,
Terexitarius2/commoncryptotokens,0,1,0,False,ineligible: tags<2 i (branches<2 o substantive_commits<2 amb 0 commits revisats),classified,,
videron/rollout_test_20260806_190940,1,1,0,False,ineligible: tags<2 i (branches<2 o substantive_commits<2 amb 0 commits revisats),classified,,
BeichenZhang/ETCHR-SFT-400K,0,1,0,False,ineligible: tags<2 i (branches<2 o substantive_commits<2 amb 0 commits revisats),classified,,
sonya-1-23/pickredtea_SCGS_filtered,1,1,0,False,ineligible: tags<2 i (branches<2 o substantive_commits<2 amb 0 commits revisats),classified,,
XLDDD/wiki25,0,1,0,False,ineligible: tags<2 i (branches<2 o substantive_commits<2 amb 0 commits revisats),classified,,
LuizfvFonseca/trn_limpo_parte_50_de_70,0,1,0,False,ineligible: tags<2 i (branches<2 o substantive_commits<2 amb 0 commits revisats),classified,,
FD2DFASD/SASDAS43212,0,1,0,False,ineligible: tags<2 i (branches<2 o substantive_commits<2 amb 0 commits revisats),classified,,
SOTAagi2030/CanopyLedger-Pruning-Observations,0,1,0,False,ineligible: tags<2 i (branches<2 o substantive_commits<2 amb 0 commits revisats),classified,,
Hydroxyl/items_raw_lite,0,1,0,False,ineligible: tags<2 i (branches<2 o substantive_commits<2 amb 0 commits revisats),classified,,
nielsr/yolov5-predictions,0,1,0,False,ineligible: tags<2 i (branches<2 o substantive_commits<2 amb 0 commits revisats),classified,,
THzva/deeppersona_dataset,0,1,0,False,ineligible: tags<2 i (branches<2 o substantive_commits<2 amb 0 commits revisats),classified,,
ai4privacy/pii-masking-43k,0,1,0,False,ineligible: tags<2 i (branches<2 o substantive_commits<2 amb 0 commits revisats),classified,,
archit11/new2,0,1,0,False,ineligible: tags<2 i (branches<2 o substantive_commits<2 amb 0 commits revisats),classified,,
1231czx/dpo_it_list_attack_uf,0,1,0,False,ineligible: tags<2 i (branches<2 o substantive_commits<2 amb 0 commits revisats),classified,,
verify-ppt/marin-starcoderdata_restructuredtext,0,1,0,False,ineligible: tags<2 i (branches<2 o substantive_commits<2 amb 0 commits revisats),classified,,
SwarmandBee/defendable-pain-labor-shortage-pain-v0.1,0,1,0,False,ineligible: tags<2 i (branches<2 o substantive_commits<2 amb 0 commits revisats),classified,,
Guolberin2/Y6XP0URs,0,1,0,False,ineligible: tags<2 i (branches<2 o substantive_commits<2 amb 0 commits revisats),classified,,
andrewsiah/PersonaPromptPersonalLLM_370,0,1,0,False,ineligible: tags<2 i (branches<2 o substantive_commits<2 amb 0 commits revisats),classified,,
SvenBorodun/hello,0,2,2,True,Criteri B: substantive_commits>=2 dispersos >=6.0h,classified,,
asingh15/Nemotron-Personas-USA-synthetic-records-10files-qa,0,1,0,False,ineligible: tags<2 i (branches<2 o substantive_commits<2 amb 0 commits revisats),classified,,
Project-AgML/cotton_leaf_disease_classification_bangladesh_2,0,1,0,False,ineligible: tags<2 i (branches<2 o substantive_commits<2 amb 0 commits revisats),classified,,
LeeHakHoRobot/play_dataset_feb22,0,1,0,False,ineligible: tags<2 i (branches<2 o substantive_commits<2 amb 0 commits revisats),classified,,
extralit-dev/test_import_dataset_from_hub_with_classlabel_b6d9820a-6a28-4064-87d4-2a6d5909a6ef,0,1,0,False,ineligible: tags<2 i (branches<2 o substantive_commits<2 amb 0 commits revisats),classified,,
taqbaylit/timucuha-kabyle-tales,0,1,0,False,ineligible: tags<2 i (branches<2 o substantive_commits<2 amb 0 commits revisats),classified,,
unlearning-cleanslate/eval-qwen3-8b-simnpo-gentle-igm-10b,0,1,0,False,ineligible: tags<2 i (branches<2 o substantive_commits<2 amb 0 commits revisats),classified,,
AIMLOps-C4-G16/indian_classical_dances_resized,0,1,0,False,ineligible: tags<2 i (branches<2 o substantive_commits<2 amb 0 commits revisats),classified,,
french-datasets/michsethowusu_french-pedi_sentence-pairs,0,1,0,False,ineligible: tags<2 i (branches<2 o substantive_commits<2 amb 0 commits revisats),classified,,
Asap7772/d1shs0ap-star-data-balanceTrue-nohintTrue,0,1,0,False,ineligible: tags<2 i (branches<2 o substantive_commits<2 amb 0 commits revisats),classified,,
isma0304/merged-glossary-autocomplete,0,1,0,False,ineligible: tags<2 i (branches<2 o substantive_commits<2 amb 0 commits revisats),classified,,
GamesMais18/RhinestoneGentlemansClubDados,0,1,0,False,ineligible: tags<2 i (branches<2 o substantive_commits<2 amb 0 commits revisats),classified,,
GR00T-Dateset/gr1_full_upper_body-Coffee,0,1,0,False,ineligible: tags<2 i (branches<2 o substantive_commits<2 amb 0 commits revisats),classified,,
Ultramanman/prepare_data,0,1,0,False,ineligible: tags<2 i (branches<2 o substantive_commits<2 amb 0 commits revisats),classified,,
Marcin7001/WG,0,1,0,False,ineligible: tags<2 i (branches<2 o substantive_commits<2 amb 0 commits revisats),classified,,
mehuldamani/hotpot_qa_test_gold_removed_1,0,1,0,False,ineligible: tags<2 i (branches<2 o substantive_commits<2 amb 0 commits revisats),classified,,
Zhaoshiqi17/so101_test00_20260920_155030,1,1,0,False,ineligible: tags<2 i (branches<2 o substantive_commits<2 amb 0 commits revisats),classified,,
somchi/osworld_tasks_files,0,1,0,False,ineligible: tags<2 i (branches<2 o substantive_commits<2 amb 0 commits revisats),classified,,
electricsheepasia/asia-who-total-density-per-million-population-computed-tomography,0,1,0,False,ineligible: tags<2 i (branches<2 o substantive_commits<2 amb 0 commits revisats),classified,,
tinyswish/zalo-banner,0,1,0,False,ineligible: tags<2 i (branches<2 o substantive_commits<2 amb 0 commits revisats),classified,,
kyler0941/all2024speedtest_68,0,0,0,False,,access_restricted,access_restricted,"403 Client Error. (Request ID: Root=1-6ab8082a-7d359c78570e38874c44a140;0bc3606d-70d1-4c07-af8f-116b09f8c7ba)

Cannot ac"
xcwangpsu/MedMKG,0,1,0,False,ineligible: tags<2 i (branches<2 o substantive_commits<2 amb 0 commits revisats),classified,,
georvn7/super-debug-minsample,0,1,0,False,ineligible: tags<2 i (branches<2 o substantive_commits<2 amb 0 commits revisats),classified,,
anvilbot-patrickhhh/SO101_relocate_cube_2cams_smolVLA_eval,0,1,0,False,ineligible: tags<2 i (branches<2 o substantive_commits<2 amb 0 commits revisats),classified,,
Ashton2000/train-data,0,1,0,False,ineligible: tags<2 i (branches<2 o substantive_commits<2 amb 0 commits revisats),classified,,
DCAgent2/swebench_verified_random_100_folders_a1_crosscodeeval_typescript_20260325_072852,0,1,0,False,ineligible: tags<2 i (branches<2 o substantive_commits<2 amb 0 commits revisats),classified,,
HaimingW/miniF2F-lean4,0,1,0,False,ineligible: tags<2 i (branches<2 o substantive_commits<2 amb 0 commits revisats),classified,,
Nam17/deepstock-sp500-companies-with-info-and-user-prompt_buy_sell_v2,0,1,0,False,ineligible: tags<2 i (branches<2 o substantive_commits<2 amb 0 commits revisats),classified,,
GHOFRANEE/LLM_DATASET_bbox,0,1,0,False,ineligible: tags<2 i (branches<2 o substantive_commits<2 amb 0 commits revisats),classified,,
haoranli-ml/AIME2025_Qwen3-4B-Instruct_rl_64_32_4096budget_16rollouts_0.8temp,0,1,0,False,ineligible: tags<2 i (branches<2 o substantive_commits<2 amb 0 commits revisats),classified,,
han5i5j1986/koch_lego_2024-10-18-02,0,2,2,False,ineligible: tags<2 i (branches<2 o substantive_commits<2 amb 5 commits revisats),classified,,
phoiken/medical,0,1,0,False,ineligible: tags<2 i (branches<2 o substantive_commits<2 amb 0 commits revisats),classified,,
vishnun0027/guanaco-llama2,0,1,0,False,ineligible: tags<2 i (branches<2 o substantive_commits<2 amb 0 commits revisats),classified,,
Alekso/Equinor_03_02_2025,0,1,0,False,ineligible: tags<2 i (branches<2 o substantive_commits<2 amb 0 commits revisats),classified,,
Feanix/gtzan-15-sec,0,1,0,False,ineligible: tags<2 i (branches<2 o substantive_commits<2 amb 0 commits revisats),classified,,
2RSFSF/SDFD10100,0,1,0,False,ineligible: tags<2 i (branches<2 o substantive_commits<2 amb 0 commits revisats),classified,,
french-open-data/informations-utiles-points,0,1,0,False,ineligible: tags<2 i (branches<2 o substantive_commits<2 amb 0 commits revisats),classified,,
asatheesh/CAT-Video,0,1,0,False,ineligible: tags<2 i (branches<2 o substantive_commits<2 amb 0 commits revisats),classified,,
Yihan2023/ssl2codec_mls_ml,0,1,0,False,ineligible: tags<2 i (branches<2 o substantive_commits<2 amb 0 commits revisats),classified,,
zhangshuai507653/testdataset12138,0,1,0,False,ineligible: tags<2 i (branches<2 o substantive_commits<2 amb 0 commits revisats),classified,,
abhatem/hackathon,1,1,0,False,ineligible: tags<2 i (branches<2 o substantive_commits<2 amb 0 commits revisats),classified,,
sjleslie/bootstrap_prevalence_long_50,0,1,0,False,ineligible: tags<2 i (branches<2 o substantive_commits<2 amb 0 commits revisats),classified,,
jvelja/results_7b_clean,0,1,0,False,ineligible: tags<2 i (branches<2 o substantive_commits<2 amb 0 commits revisats),classified,,
clarin-pl/ComplexQA,0,1,0,False,ineligible: tags<2 i (branches<2 o substantive_commits<2 amb 0 commits revisats),classified,,
zjhhhh/generation_for_iter2_7b_multi_gap_0.15_part3_filtered,0,1,0,False,ineligible: tags<2 i (branches<2 o substantive_commits<2 amb 0 commits revisats),classified,,
retaineur/avatars,0,1,0,False,ineligible: tags<2 i (branches<2 o substantive_commits<2 amb 0 commits revisats),classified,,
nz00shuuuu/sleep_psg_raw_npy,0,1,0,False,ineligible: tags<2 i (branches<2 o substantive_commits<2 amb 0 commits revisats),classified,,
electricsheepasia/asia-who-age-standardized-death-rates-0000001441,0,1,0,False,ineligible: tags<2 i (branches<2 o substantive_commits<2 amb 0 commits revisats),classified,,
adarshtrain/voice,0,1,0,False,ineligible: tags<2 i (branches<2 o substantive_commits<2 amb 0 commits revisats),classified,,
ZhuOnR/ScreenSpot,0,1,0,False,ineligible: tags<2 i (branches<2 o substantive_commits<2 amb 0 commits revisats),classified,,
Am0MuK/md_invoices,0,1,0,False,ineligible: tags<2 i (branches<2 o substantive_commits<2 amb 0 commits revisats),classified,,
pokeandwiggle/export_112,0,0,0,False,,access_restricted,access_restricted,"403 Client Error. (Request ID: Root=1-6ab8082b-36aab4b00cdba1277a017048;f8cef159-1538-4f2c-ba49-cac059262200)

Cannot ac"
yunhezhui123/so100_test,0,1,0,False,ineligible: tags<2 i (branches<2 o substantive_commits<2 amb 0 commits revisats),classified,,
0xkamal7/pf-debt-payoff,0,1,0,False,ineligible: tags<2 i (branches<2 o substantive_commits<2 amb 0 commits revisats),classified,,
Fatimah8Moheeb/Arabic-Poetry-Dataset,0,1,0,False,ineligible: tags<2 i (branches<2 o substantive_commits<2 amb 0 commits revisats),classified,,
Arasoul/hieroglyph-yolo-dataset,0,1,0,False,ineligible: tags<2 i (branches<2 o substantive_commits<2 amb 0 commits revisats),classified,,
VelatDicleli/ocr_dataset,0,0,0,False,,access_restricted,access_restricted,"403 Client Error. (Request ID: Root=1-6ab8082b-5307c8cf33c5c808378dd95b;544d45e5-229f-4dc0-aa2f-f27ad41f61ce)

Cannot ac"
xrorrim/streaming_vlm_fix_1,0,1,0,False,ineligible: tags<2 i (branches<2 o substantive_commits<2 amb 0 commits revisats),classified,,
blackzero358/data,0,1,0,False,ineligible: tags<2 i (branches<2 o substantive_commits<2 amb 0 commits revisats),classified,,
RoyArkh/27-11-MobileLLM-125Mwikitext-mia_wikitext_client9,0,1,0,False,ineligible: tags<2 i (branches<2 o substantive_commits<2 amb 0 commits revisats),classified,,
hirundo-io/bloom-age-bias-free-text,0,1,0,False,ineligible: tags<2 i (branches<2 o substantive_commits<2 amb 0 commits revisats),classified,,
archit11/hyperswitch-rust-commits-final2,0,1,0,False,ineligible: tags<2 i (branches<2 o substantive_commits<2 amb 0 commits revisats),classified,,
nsimonato25/ketchup_left_test-1demo,1,1,0,False,ineligible: tags<2 i (branches<2 o substantive_commits<2 amb 0 commits revisats),classified,,
6yt54y5y/2vlEEM0,0,1,0,False,ineligible: tags<2 i (branches<2 o substantive_commits<2 amb 0 commits revisats),classified,,
keiseoq/majiang8302,0,1,0,False,ineligible: tags<2 i (branches<2 o substantive_commits<2 amb 0 commits revisats),classified,,
ai-conferences/CVPR2020,0,1,0,False,ineligible: tags<2 i (branches<2 o substantive_commits<2 amb 0 commits revisats),classified,,
Monzzz/garbage-picker-v3-2,0,1,0,False,ineligible: tags<2 i (branches<2 o substantive_commits<2 amb 0 commits revisats),classified,,
Gllean/How-to-Correct-Misspelled-Name-On-KLM-Airlines-Flight-Ticket,0,1,0,False,ineligible: tags<2 i (branches<2 o substantive_commits<2 amb 0 commits revisats),classified,,
adrianrm/wikiart-artist-ferdinand-hodler,0,1,0,False,ineligible: tags<2 i (branches<2 o substantive_commits<2 amb 0 commits revisats),classified,,
lilkm/rollout_recap_stackblocks_iter0_12_20260704_200354,1,1,0,False,ineligible: tags<2 i (branches<2 o substantive_commits<2 amb 0 commits revisats),classified,,
MM-Hallu/MM-UPD,0,1,0,False,ineligible: tags<2 i (branches<2 o substantive_commits<2 amb 0 commits revisats),classified,,
infinite-dataset-hub/RetailSales,0,1,0,False,ineligible: tags<2 i (branches<2 o substantive_commits<2 amb 0 commits revisats),classified,,
kothasuhas/sort_vocab100_seqlen512_ctx4096_n50000,0,1,0,False,ineligible: tags<2 i (branches<2 o substantive_commits<2 amb 0 commits revisats),classified,,
Oussama1209/MNLP_M2_rag_dataset,0,1,0,False,ineligible: tags<2 i (branches<2 o substantive_commits<2 amb 0 commits revisats),classified,,
ankile/nutsquare-auto-dagger-flat-v2-softmax32t1-s2-r10,1,1,0,False,ineligible: tags<2 i (branches<2 o substantive_commits<2 amb 0 commits revisats),classified,,
Fransece/franka_push_orange_cube_wristcam_full_joints_only_flagged,1,1,0,False,ineligible: tags<2 i (branches<2 o substantive_commits<2 amb 0 commits revisats),classified,,
mlnomad/imnet1k_peacock,0,1,0,False,ineligible: tags<2 i (branches<2 o substantive_commits<2 amb 0 commits revisats),classified,,
erikphagen/RhukVMeg,0,1,0,False,ineligible: tags<2 i (branches<2 o substantive_commits<2 amb 0 commits revisats),classified,,
yinhuankuang/rl-game-traces-horizon-forbidden-west,0,1,0,False,ineligible: tags<2 i (branches<2 o substantive_commits<2 amb 0 commits revisats),classified,,
Betha/fen-puzzle-solving-validation,0,1,0,False,ineligible: tags<2 i (branches<2 o substantive_commits<2 amb 0 commits revisats),classified,,
beldua/xvczxvd,0,1,0,False,ineligible: tags<2 i (branches<2 o substantive_commits<2 amb 0 commits revisats),classified,,
TheDeepDas/Encoding-Detection,0,0,0,False,,access_restricted,access_restricted,"403 Client Error. (Request ID: Root=1-6ab8082c-29c45bed0f28847551b8cad8;b8df8172-ffd3-468c-a831-d71c5ca24ca3)

Cannot ac"
mistralai/MM-MT-Bench,0,1,0,False,ineligible: tags<2 i (branches<2 o substantive_commits<2 amb 0 commits revisats),classified,,
junsooki/h2-Bones-SEED,0,1,0,False,ineligible: tags<2 i (branches<2 o substantive_commits<2 amb 0 commits revisats),classified,,
Ayon128/CB,0,0,0,False,,access_restricted,access_restricted,"403 Client Error. (Request ID: Root=1-6ab8082c-2543165d28b1f8686568a93c;5c750ff1-f75c-4931-8eac-ed1810d68a96)

Cannot ac"
jgiegold/aloha_balanced_final,1,1,0,False,ineligible: tags<2 i (branches<2 o substantive_commits<2 amb 0 commits revisats),classified,,
satvikahuja/eval_cube_relative_xyz_100k_test,1,1,0,False,ineligible: tags<2 i (branches<2 o substantive_commits<2 amb 0 commits revisats),classified,,
introvoyz041/molcloud,0,1,0,False,ineligible: tags<2 i (branches<2 o substantive_commits<2 amb 0 commits revisats),classified,,
mil278wn/qKwsw-FgE08xjLY564,0,0,0,False,,access_restricted,access_restricted,"403 Client Error. (Request ID: Root=1-6ab8082c-66ff9dfa05f750ac4651a662;ca7a55e8-d260-47d8-b688-ae6c8b3b4bc1)

Cannot ac"
VGraf/generation_1741671070,0,1,0,False,ineligible: tags<2 i (branches<2 o substantive_commits<2 amb 0 commits revisats),classified,,
PJMixers-Dev/C2-Logs-GLM-4.7-all,0,0,0,False,,access_restricted,access_restricted,"403 Client Error. (Request ID: Root=1-6ab8082c-1b3c56fd568e35b14d2ced5b;75322fa6-e0df-42f5-90bb-e0512996f2c7)

Cannot ac"
LanaCzarnecka13/testowy,0,1,0,False,ineligible: tags<2 i (branches<2 o substantive_commits<2 amb 0 commits revisats),classified,,
electricsheepasia/asia-owid-refugee-population-by-country-or-territory-of-asylum,0,1,0,False,ineligible: tags<2 i (branches<2 o substantive_commits<2 amb 0 commits revisats),classified,,
TabassumMehattar/sawit_en_ta_dataset,0,1,0,False,ineligible: tags<2 i (branches<2 o substantive_commits<2 amb 0 commits revisats),classified,,
ashashmika/my_policy,1,1,0,False,ineligible: tags<2 i (branches<2 o substantive_commits<2 amb 0 commits revisats),classified,,
BangumiBase/farmagia,0,1,0,False,ineligible: tags<2 i (branches<2 o substantive_commits<2 amb 0 commits revisats),classified,,
fajarnova10/ghhhvgg,0,1,0,False,ineligible: tags<2 i (branches<2 o substantive_commits<2 amb 0 commits revisats),classified,,
svjack/Cut_Fruit_VACE_Depth_V2V_Captioned,0,1,0,False,ineligible: tags<2 i (branches<2 o substantive_commits<2 amb 0 commits revisats),classified,,
OpenSound/CapSpeech-PT-SEDB-HQ,0,1,0,False,ineligible: tags<2 i (branches<2 o substantive_commits<2 amb 0 commits revisats),classified,,
Ready321/redcube_dong17_demo,1,1,0,False,ineligible: tags<2 i (branches<2 o substantive_commits<2 amb 0 commits revisats),classified,,
huangyt/FINETUNE3_TEST2,0,1,0,False,ineligible: tags<2 i (branches<2 o substantive_commits<2 amb 0 commits revisats),classified,,
Leonardorm7/UnsplashAPI,0,1,0,False,ineligible: tags<2 i (branches<2 o substantive_commits<2 amb 0 commits revisats),classified,,
electricsheepafrica/africa-rwanda-season-c-fertilizers-pesticides-fe59bfe6,0,1,0,False,ineligible: tags<2 i (branches<2 o substantive_commits<2 amb 0 commits revisats),classified,,
ycfNTU/llama_all_short,0,1,0,False,ineligible: tags<2 i (branches<2 o substantive_commits<2 amb 0 commits revisats),classified,,
katuna/as33,0,1,0,False,ineligible: tags<2 i (branches<2 o substantive_commits<2 amb 0 commits revisats),classified,,
Trelis/touch-rugby-pairs-chunk-overlap,0,1,0,False,ineligible: tags<2 i (branches<2 o substantive_commits<2 amb 0 commits revisats),classified,,
tsfile/lotsa_data,0,1,0,False,ineligible: tags<2 i (branches<2 o substantive_commits<2 amb 0 commits revisats),classified,,
Ayush-Singh/RM-Bench-safety-refuse-Meta-Llama-3-8B-yesno,0,1,0,False,ineligible: tags<2 i (branches<2 o substantive_commits<2 amb 0 commits revisats),classified,,
TetraxCode/grab-things-merged,1,1,0,False,ineligible: tags<2 i (branches<2 o substantive_commits<2 amb 0 commits revisats),classified,,
0k7v9ppb/4U4JpjBDNtd_h10r86,0,0,0,False,,access_restricted,access_restricted,"403 Client Error. (Request ID: Root=1-6ab8082d-15e58a816eb7b0776ce9cd44;1806d149-4d18-432a-843a-6ef9cb0eb4b5)

Cannot ac"
NinaCalvi/test_ultrafeeback_rpo_schema,0,1,0,False,ineligible: tags<2 i (branches<2 o substantive_commits<2 amb 0 commits revisats),classified,,
neelabh17/new_news_exploded_prompt_n_20_d_perc_0_num_gen_10_Qwen2.5-3B-Instruct_no_mcq,0,1,0,False,ineligible: tags<2 i (branches<2 o substantive_commits<2 amb 0 commits revisats),classified,,
liu-nlp/swedish-blimp-single-error,0,1,0,False,ineligible: tags<2 i (branches<2 o substantive_commits<2 amb 0 commits revisats),classified,,
YanAdjeNole/Passage_ranking_test,0,1,0,False,ineligible: tags<2 i (branches<2 o substantive_commits<2 amb 0 commits revisats),classified,,
hugonowak/wdaf-r1,0,1,0,False,ineligible: tags<2 i (branches<2 o substantive_commits<2 amb 0 commits revisats),classified,,
sodabori/ttcs-4bit-g128-r128-best_of_n-N-256-completions-seed-2-20250408,0,101,3,True,Criteri B: substantive_commits>=2 dispersos >=6.0h,classified,,
NancyGranger/python-stack-v1-functions-filtered,0,1,0,False,ineligible: tags<2 i (branches<2 o substantive_commits<2 amb 0 commits revisats),classified,,
novastar111/pusht_eval_mid_first100_20260809,0,1,0,False,ineligible: tags<2 i (branches<2 o substantive_commits<2 amb 0 commits revisats),classified,,
BangumiBase/mahoutsukainoyomeseason2,0,1,0,False,ineligible: tags<2 i (branches<2 o substantive_commits<2 amb 0 commits revisats),classified,,
Ashima/qwen3_0.6b-rlvr_task016_mctaco_answer_generation_frequency,0,1,0,False,ineligible: tags<2 i (branches<2 o substantive_commits<2 amb 0 commits revisats),classified,,
beldua/xvcvxc,0,1,0,False,ineligible: tags<2 i (branches<2 o substantive_commits<2 amb 0 commits revisats),classified,,
mlfoundations-dev/stackexchange_history,0,1,0,False,ineligible: tags<2 i (branches<2 o substantive_commits<2 amb 0 commits revisats),classified,,
Lokeshagg/iphone5_vlm_img,0,1,0,False,ineligible: tags<2 i (branches<2 o substantive_commits<2 amb 0 commits revisats),classified,,
hzyang/mitstate,0,1,0,False,ineligible: tags<2 i (branches<2 o substantive_commits<2 amb 0 commits revisats),classified,,
radhika-gupta/osworld_tasks_files,0,1,0,False,ineligible: tags<2 i (branches<2 o substantive_commits<2 amb 0 commits revisats),classified,,
cs-552-2026-Clanker-Scientists/uscode-qa-with-context,0,1,0,False,ineligible: tags<2 i (branches<2 o substantive_commits<2 amb 0 commits revisats),classified,,
aaronwzl/Multilingual-MMLU,0,1,0,False,ineligible: tags<2 i (branches<2 o substantive_commits<2 amb 0 commits revisats),classified,,
HayatoHongoEveryonesAI/qa_verify_100,0,1,0,False,ineligible: tags<2 i (branches<2 o substantive_commits<2 amb 0 commits revisats),classified,,
Youthquake123/s1K-1.1-tokenized-v1-original,0,1,0,False,ineligible: tags<2 i (branches<2 o substantive_commits<2 amb 0 commits revisats),classified,,
chaiting/pk-4241-L5,0,0,0,False,,access_restricted,access_restricted,"403 Client Error. (Request ID: Root=1-6ab8082e-735c58ba63375c407257f864;0c4484da-f64f-4c21-bf11-515545710609)

Cannot ac"
jordantencent/one_shot_few_view,0,1,0,False,ineligible: tags<2 i (branches<2 o substantive_commits<2 amb 0 commits revisats),classified,,
open-llm-leaderboard-old/details_luffycodes__vicuna-class-tutor-7b-ep3,0,1,0,False,ineligible: tags<2 i (branches<2 o substantive_commits<2 amb 0 commits revisats),classified,,
cijerezg/yellow-car-task-v1,1,1,0,False,ineligible: tags<2 i (branches<2 o substantive_commits<2 amb 0 commits revisats),classified,,
mihsato/daichira_hard70_mix30_sft,0,1,0,False,ineligible: tags<2 i (branches<2 o substantive_commits<2 amb 0 commits revisats),classified,,
chaiting/pk-8028-L0,0,0,0,False,,access_restricted,access_restricted,"403 Client Error. (Request ID: Root=1-6ab8082e-6558032b3c6afb596134a33d;f7517f10-ec26-4a08-9a41-2bde2fa6b1c1)

Cannot ac"
icdn15/content-20260619d79c,0,1,0,False,ineligible: tags<2 i (branches<2 o substantive_commits<2 amb 0 commits revisats),classified,,
ankile/real01c-marker-insert-d1-ours-sobol-r0,1,1,0,False,ineligible: tags<2 i (branches<2 o substantive_commits<2 amb 0 commits revisats),classified,,
Luoxiaoxi/probe-scaling-representation,0,1,0,False,ineligible: tags<2 i (branches<2 o substantive_commits<2 amb 0 commits revisats),classified,,
giangndm/viVoice_texts,0,1,0,False,ineligible: tags<2 i (branches<2 o substantive_commits<2 amb 0 commits revisats),classified,,
mlnomad/imnet1k_beer_bottle,0,1,0,False,ineligible: tags<2 i (branches<2 o substantive_commits<2 amb 0 commits revisats),classified,,
arghyaxcodes/test-store,0,1,0,False,ineligible: tags<2 i (branches<2 o substantive_commits<2 amb 0 commits revisats),classified,,
phamthanhdat1991/phamthanhdat1991,0,1,0,False,ineligible: tags<2 i (branches<2 o substantive_commits<2 amb 0 commits revisats),classified,,
HFXM/all_safety_prompts,0,1,0,False,ineligible: tags<2 i (branches<2 o substantive_commits<2 amb 0 commits revisats),classified,,
Gopher-Lab/huberman_lab_How_to_Increase_Your_Willpower__Tenacity,0,1,0,False,ineligible: tags<2 i (branches<2 o substantive_commits<2 amb 0 commits revisats),classified,,
Fransece/rollout_push_orange_dagger_corrections,0,1,0,False,ineligible: tags<2 i (branches<2 o substantive_commits<2 amb 0 commits revisats),classified,,
Sam3000/bengali_empathetic,0,1,0,False,ineligible: tags<2 i (branches<2 o substantive_commits<2 amb 0 commits revisats),classified,,
electricsheepafrica/africa-burundi-burundi-cankuzo-province-operational-presence-f67e99be,0,1,0,False,ineligible: tags<2 i (branches<2 o substantive_commits<2 amb 0 commits revisats),classified,,
Ejay08/test-upload,0,1,0,False,ineligible: tags<2 i (branches<2 o substantive_commits<2 amb 0 commits revisats),classified,,
CrazyButLazy/instrukcje_napraw,0,1,0,False,ineligible: tags<2 i (branches<2 o substantive_commits<2 amb 0 commits revisats),classified,,
ANTI-PHILOSOPHER/I-DONT-WANT-HEAR-ABOUT-YOUR-PHILOSOPHY-CRAP,0,1,0,False,ineligible: tags<2 i (branches<2 o substantive_commits<2 amb 0 commits revisats),classified,,
hariknguyen2419/fc100,0,1,0,False,ineligible: tags<2 i (branches<2 o substantive_commits<2 amb 0 commits revisats),classified,,
cwinkler/bgh-embeddings-linq-mistral,0,1,0,False,ineligible: tags<2 i (branches<2 o substantive_commits<2 amb 0 commits revisats),classified,,
mlfoundations-dev/openthoughts3_code_3k_eval_636d,0,1,0,False,ineligible: tags<2 i (branches<2 o substantive_commits<2 amb 0 commits revisats),classified,,
AymaneAaquil/malignant_lesions,0,1,0,False,ineligible: tags<2 i (branches<2 o substantive_commits<2 amb 0 commits revisats),classified,,
alek98/metaworld_sweep-v3,0,2,1,False,ineligible: tags<2 i (branches<2 o substantive_commits<2 amb 2 commits revisats),classified,,
godoyj/cstnews-pt,0,1,0,False,ineligible: tags<2 i (branches<2 o substantive_commits<2 amb 0 commits revisats),classified,,
suku9/enamine_smiles_twothird_sample,0,1,0,False,ineligible: tags<2 i (branches<2 o substantive_commits<2 amb 0 commits revisats),classified,,
aimlnitinmvc/superkartproject_model,0,1,0,False,ineligible: tags<2 i (branches<2 o substantive_commits<2 amb 0 commits revisats),classified,,
junlinw/opc-sft-s2-python_AST_0.5_200.0_cb,0,1,0,False,ineligible: tags<2 i (branches<2 o substantive_commits<2 amb 0 commits revisats),classified,,
mzio/miq-slackchat_qa_open_gpt5mini-eval_gpt5-v0_1694-all-kmedoids100,0,1,0,False,ineligible: tags<2 i (branches<2 o substantive_commits<2 amb 0 commits revisats),classified,,
vwxyzjn/openhermes-dev__combined__1708359376,0,1,0,False,ineligible: tags<2 i (branches<2 o substantive_commits<2 amb 0 commits revisats),classified,,
eKaiva/dumb70m,0,1,0,False,ineligible: tags<2 i (branches<2 o substantive_commits<2 amb 0 commits revisats),classified,,
mxxsc/zip2zip-plus-mixture-partitioned,0,1,0,False,ineligible: tags<2 i (branches<2 o substantive_commits<2 amb 0 commits revisats),classified,,
ahn1376/LInK-10M,0,1,0,False,ineligible: tags<2 i (branches<2 o substantive_commits<2 amb 0 commits revisats),classified,,
RylanSchaeffer/collapse_gemma-2-2b_hs2_replace_iter16_sftsd2_temp1_max_seq_len512,0,1,0,False,ineligible: tags<2 i (branches<2 o substantive_commits<2 amb 0 commits revisats),classified,,
Lucian2888/WebAgent_data_process,0,1,0,False,ineligible: tags<2 i (branches<2 o substantive_commits<2 amb 0 commits revisats),classified,,
d42me/opinions_qa,0,1,0,False,ineligible: tags<2 i (branches<2 o substantive_commits<2 amb 0 commits revisats),classified,,
nickfuryavg/mls_eng_chunk_8900000_to_8950000,0,1,0,False,ineligible: tags<2 i (branches<2 o substantive_commits<2 amb 0 commits revisats),classified,,
freshpearYoon/train_free_18,0,1,0,False,ineligible: tags<2 i (branches<2 o substantive_commits<2 amb 0 commits revisats),classified,,
yzhuang/autotree_pmlb_magic_sgosdt_l256_d3_sd0,0,1,0,False,ineligible: tags<2 i (branches<2 o substantive_commits<2 amb 0 commits revisats),classified,,
Basr88/real-gluestick-b-7,0,1,0,False,ineligible: tags<2 i (branches<2 o substantive_commits<2 amb 0 commits revisats),classified,,
xbilek25/train_en_de_en_similar_okraje_3st_1000,0,1,0,False,ineligible: tags<2 i (branches<2 o substantive_commits<2 amb 0 commits revisats),classified,,
cubexsofttools/cubexsoft-data-eraser-tool,0,1,0,False,ineligible: tags<2 i (branches<2 o substantive_commits<2 amb 0 commits revisats),classified,,
DQDF2QF23/1E1DASFS,0,1,0,False,ineligible: tags<2 i (branches<2 o substantive_commits<2 amb 0 commits revisats),classified,,
DCAgent2/DCAgent2_swebench-verified-random-100-folders_laion_GLM-4.6-stackexchange-overfab4d7fbc,0,1,0,False,ineligible: tags<2 i (branches<2 o substantive_commits<2 amb 0 commits revisats),classified,,
windsong-vla/screen5,0,1,0,False,ineligible: tags<2 i (branches<2 o substantive_commits<2 amb 0 commits revisats),classified,,
shadwl/tn_20250403,0,0,0,False,,access_restricted,access_restricted,"403 Client Error. (Request ID: Root=1-6ab80830-03ffffbf22e65ea60b75359c;1f185e15-6436-47a8-95f7-81926ab275a4)

Cannot ac"
markmuller/pedram_fid_cache,0,0,0,False,,access_restricted,access_restricted,"403 Client Error. (Request ID: Root=1-6ab80830-69b2a7264c14c0ae6e57dc70;ef53b342-b064-4af1-b127-ae0cf30adcf9)

Cannot ac"
ljw13/retro-star-training-datasets,0,1,0,False,ineligible: tags<2 i (branches<2 o substantive_commits<2 amb 0 commits revisats),classified,,
omp1234/dataset-200,0,1,0,False,ineligible: tags<2 i (branches<2 o substantive_commits<2 amb 0 commits revisats),classified,,
Yuto2007/lung-tumor-embeddings,0,1,0,False,ineligible: tags<2 i (branches<2 o substantive_commits<2 amb 0 commits revisats),classified,,
context-labs/papers-1-b,0,1,0,False,ineligible: tags<2 i (branches<2 o substantive_commits<2 amb 0 commits revisats),classified,,
corentin-mary/ami-paris,0,1,0,False,ineligible: tags<2 i (branches<2 o substantive_commits<2 amb 0 commits revisats),classified,,
chess-pre-to-post/chess-rl-data-balanced,0,1,0,False,ineligible: tags<2 i (branches<2 o substantive_commits<2 amb 0 commits revisats),classified,,
04RR/formatted-dataset,0,1,0,False,ineligible: tags<2 i (branches<2 o substantive_commits<2 amb 0 commits revisats),classified,,
meh01234/ncert9-unbiased-testset,0,1,0,False,ineligible: tags<2 i (branches<2 o substantive_commits<2 amb 0 commits revisats),classified,,
jf-floresriera/agrocomputation_227,0,1,0,False,ineligible: tags<2 i (branches<2 o substantive_commits<2 amb 0 commits revisats),classified,,
BushiXiao/multi_LRL,0,1,0,False,ineligible: tags<2 i (branches<2 o substantive_commits<2 amb 0 commits revisats),classified,,
daaxila/xdownloader.com__e9d12-part1,0,1,0,False,ineligible: tags<2 i (branches<2 o substantive_commits<2 amb 0 commits revisats),classified,,
vershasaxena91/squad_multitask,0,1,0,False,ineligible: tags<2 i (branches<2 o substantive_commits<2 amb 0 commits revisats),classified,,
psillypsymun/counsel-chat,0,1,0,False,ineligible: tags<2 i (branches<2 o substantive_commits<2 amb 0 commits revisats),classified,,
DCAgent2/swebench_verified_random_100_folders_a1_crosscodeeval_csharp_20260625_184858,0,1,0,False,ineligible: tags<2 i (branches<2 o substantive_commits<2 amb 0 commits revisats),classified,,
giovannidemuri/mopsa-set-16092026-medium-live-code-bench-retry2,0,1,0,False,ineligible: tags<2 i (branches<2 o substantive_commits<2 amb 0 commits revisats),classified,,
open-athena/nemotron-gym-math-advanced-calculations-v3-minimax-m27-131k-traces,0,1,0,False,ineligible: tags<2 i (branches<2 o substantive_commits<2 amb 0 commits revisats),classified,,
CyberHarem/rodney_azurlane,0,1,0,False,ineligible: tags<2 i (branches<2 o substantive_commits<2 amb 0 commits revisats),classified,,
yhjollin/cumulative_loop_5,0,1,0,False,ineligible: tags<2 i (branches<2 o substantive_commits<2 amb 0 commits revisats),classified,,
1g0rrr/summit_grab_wire_from_table_center,1,1,0,False,ineligible: tags<2 i (branches<2 o substantive_commits<2 amb 0 commits revisats),classified,,
longevity-db/skin_aging_data,0,1,0,False,ineligible: tags<2 i (branches<2 o substantive_commits<2 amb 0 commits revisats),classified,,
carsonk10/tactile_data_full,0,1,0,False,ineligible: tags<2 i (branches<2 o substantive_commits<2 amb 0 commits revisats),classified,,
RealSR/benchmark_v3,0,1,0,False,ineligible: tags<2 i (branches<2 o substantive_commits<2 amb 0 commits revisats),classified,,
electricsheepafrica/africa-mauritius-basic-social-benefits-by-type-and-sex-9d042dea,0,1,0,False,ineligible: tags<2 i (branches<2 o substantive_commits<2 amb 0 commits revisats),classified,,
mkkimuser/dddoooeodoo,1,1,0,False,ineligible: tags<2 i (branches<2 o substantive_commits<2 amb 0 commits revisats),classified,,
Emmanuelgh/jbnvvcxv,0,1,0,False,ineligible: tags<2 i (branches<2 o substantive_commits<2 amb 0 commits revisats),classified,,
anhbui85821/otter,0,1,0,False,ineligible: tags<2 i (branches<2 o substantive_commits<2 amb 0 commits revisats),classified,,
kirdo/box30,0,1,0,False,ineligible: tags<2 i (branches<2 o substantive_commits<2 amb 0 commits revisats),classified,,
Recag/Rp_CommonC_659_1,0,1,0,False,ineligible: tags<2 i (branches<2 o substantive_commits<2 amb 0 commits revisats),classified,,
JackyZhuo/StructEditBench_v2_ours_score,0,1,0,False,ineligible: tags<2 i (branches<2 o substantive_commits<2 amb 0 commits revisats),classified,,
lainmn/AssistedDS-Synthetic,0,1,0,False,ineligible: tags<2 i (branches<2 o substantive_commits<2 amb 0 commits revisats),classified,,
intelsense/see-world-1-SD,0,1,0,False,ineligible: tags<2 i (branches<2 o substantive_commits<2 amb 0 commits revisats),classified,,
reneeyi/so101_TTT_training_20260731_113031,1,1,0,False,ineligible: tags<2 i (branches<2 o substantive_commits<2 amb 0 commits revisats),classified,,
jskim/record-tilt-merged-01-04-topview-only,1,1,0,False,ineligible: tags<2 i (branches<2 o substantive_commits<2 amb 0 commits revisats),classified,,
LuxuryCarrot/new_mobile_widget_detection_5k_2.zip,0,1,0,False,ineligible: tags<2 i (branches<2 o substantive_commits<2 amb 0 commits revisats),classified,,
Peytonew/EastonAD,0,1,0,False,ineligible: tags<2 i (branches<2 o substantive_commits<2 amb 0 commits revisats),classified,,
electricsheepafrica/africa-tanzania-national-bureau-of-statistics-5d9bd6a9,0,1,0,False,ineligible: tags<2 i (branches<2 o substantive_commits<2 amb 0 commits revisats),classified,,
dserra/firefighter,0,1,0,False,ineligible: tags<2 i (branches<2 o substantive_commits<2 amb 0 commits revisats),classified,,
burgerbee/history_textbook,0,1,0,False,ineligible: tags<2 i (branches<2 o substantive_commits<2 amb 0 commits revisats),classified,,
HyeonseokE/turn_on_lever_ours_10fps,1,1,0,False,ineligible: tags<2 i (branches<2 o substantive_commits<2 amb 0 commits revisats),classified,,
jaytonde05/blackwell-quantization-results,0,1,0,False,ineligible: tags<2 i (branches<2 o substantive_commits<2 amb 0 commits revisats),classified,,
bismarck91/enA-frA-xc-tokenized-fr-en,0,1,0,False,ineligible: tags<2 i (branches<2 o substantive_commits<2 amb 0 commits revisats),classified,,
WoojongKim/omx_gelsight_env1_square_wj,1,1,0,False,ineligible: tags<2 i (branches<2 o substantive_commits<2 amb 0 commits revisats),classified,,
electricsheepeurope/europe-owid-labor-productivity-vs-gdp-per-capita,0,1,0,False,ineligible: tags<2 i (branches<2 o substantive_commits<2 amb 0 commits revisats),classified,,
Moriacrafter/DepressionDetection_Reddit_Train,0,1,0,False,ineligible: tags<2 i (branches<2 o substantive_commits<2 amb 0 commits revisats),classified,,
electricsheepasia/asia-ilo-emp-pifl-sex-ste-rt-share-of-employment-outside-the-formal-sector-by-s,0,1,0,False,ineligible: tags<2 i (branches<2 o substantive_commits<2 amb 0 commits revisats),classified,,
NewEden-Forge/Unalignement-Hydrus-Sharegpt,0,1,0,False,ineligible: tags<2 i (branches<2 o substantive_commits<2 amb 0 commits revisats),classified,,
nora-team/korquad_question-simon,0,1,0,False,ineligible: tags<2 i (branches<2 o substantive_commits<2 amb 0 commits revisats),classified,,
Qipei/Task_woodbrick_no_sheet_02,1,1,0,False,ineligible: tags<2 i (branches<2 o substantive_commits<2 amb 0 commits revisats),classified,,
edmos7/so101_glue_dataset-trajectory,1,1,0,False,ineligible: tags<2 i (branches<2 o substantive_commits<2 amb 0 commits revisats),classified,,
Kgshop/telemarket,0,1,0,False,ineligible: tags<2 i (branches<2 o substantive_commits<2 amb 0 commits revisats),classified,,
ethannlin/SchNovel,0,1,0,False,ineligible: tags<2 i (branches<2 o substantive_commits<2 amb 0 commits revisats),classified,,
Juliankrg/Web_StructureDataSet_100k,0,1,0,False,ineligible: tags<2 i (branches<2 o substantive_commits<2 amb 0 commits revisats),classified,,
ErioLatte/laion_60k_v2,0,0,0,False,,access_restricted,access_restricted,"403 Client Error. (Request ID: Root=1-6ab80832-4b5495a160462ff822b39c8f;2b8c122d-8fde-47cf-b470-b0b3def7156a)

Cannot ac"
electricsheepafrica/africa-afrobarometer-south-africa,0,1,0,False,ineligible: tags<2 i (branches<2 o substantive_commits<2 amb 0 commits revisats),classified,,
MisDrifter/928_zjhhhh__qwen2.5_3B_Instruct_multi_gap_seed_555134_beta_1_eta_1e4_step_382_final,0,1,0,False,ineligible: tags<2 i (branches<2 o substantive_commits<2 amb 0 commits revisats),classified,,
open-llm-leaderboard/JayHyeon__Qwen2.5-0.5B-SFT-2e-5-2ep-MDPO_5e-7_2ep_0alp_0lam-details,0,0,0,False,,access_restricted,access_restricted,"403 Client Error. (Request ID: Root=1-6ab80832-2c09d9d75042cd5d5008bac6;d9b940d8-9750-4e0d-ac3e-4d928b27f008)

Cannot ac"
AdapterOcean/med_alpaca_standardized_cluster_57_alpaca,0,1,0,False,ineligible: tags<2 i (branches<2 o substantive_commits<2 amb 0 commits revisats),classified,,
phamnam-misa/tts,0,1,0,False,ineligible: tags<2 i (branches<2 o substantive_commits<2 amb 0 commits revisats),classified,,
AntonioMOliveira/PUBLIC_replay_withVideos,1,1,0,False,ineligible: tags<2 i (branches<2 o substantive_commits<2 amb 0 commits revisats),classified,,
Chojins/chess_game_002_white,1,2,4,True,Criteri B: substantive_commits>=2 dispersos >=6.0h,classified,,
ER-HAN/boru1,0,0,0,False,,error,rate_limited,"(Request ID: Root=1-6ab808cb-3d296bf066946dc8368d60ab;43b72028-001e-4eeb-a151-403a254f98b8)

429 Too Many Requests: you "
misawa-t/pick_place_20,1,1,0,False,ineligible: tags<2 i (branches<2 o substantive_commits<2 amb 0 commits revisats),classified,,
crtvai/atheer_1_17,0,1,0,False,ineligible: tags<2 i (branches<2 o substantive_commits<2 amb 0 commits revisats),classified,,
GamesMais18/LittleReginaDados,0,0,0,False,,error,rate_limited,"(Request ID: Root=1-6ab808cb-4e42517e78599a470f3c8e73;a9eb7ede-e923-49f5-8615-a6302e36d325)

429 Too Many Requests: you "
NjNBrl/fashion,0,0,0,False,,error,rate_limited,"(Request ID: Root=1-6ab808cc-2922cda33d091f1000b89807;242a8353-938b-4fc8-93f3-471ef4336adc)

429 Too Many Requests: you "
CCAAACCA/xjKVEWVRPc-0snYp86,0,0,0,False,,access_restricted,access_restricted,"403 Client Error. (Request ID: Root=1-6ab808cc-701fa8496c3c6eb6033c6b47;c0dfa106-528f-4170-9308-37b0015af30d)

Cannot ac"
reldraffin/DraffinRobbie_Project3_advanced_python_Finsights_Grey_RAG,0,1,0,False,ineligible: tags<2 i (branches<2 o substantive_commits<2 amb 0 commits revisats),classified,,
Warrior1110/hugging_face_data,0,1,0,False,ineligible: tags<2 i (branches<2 o substantive_commits<2 amb 0 commits revisats),classified,,
lchakkei/OpenOrca-Traditional-Chinese-ChatML-Format,0,1,0,False,ineligible: tags<2 i (branches<2 o substantive_commits<2 amb 0 commits revisats),classified,,
DCAgent2/swebench_verified_random_100_folders_gptlong_continue_gptlongtezos_step1200__Qw392a5779,0,1,0,False,ineligible: tags<2 i (branches<2 o substantive_commits<2 amb 0 commits revisats),classified,,
Recag/Rp_CommonC_123,0,1,0,False,ineligible: tags<2 i (branches<2 o substantive_commits<2 amb 0 commits revisats),classified,,
siyulw2025/cableholder-insert-nic-2-0,0,1,0,False,ineligible: tags<2 i (branches<2 o substantive_commits<2 amb 0 commits revisats),classified,,
alucent/pro-r7-eng-blog-asian-2026,0,0,0,False,,access_restricted,access_restricted,"403 Client Error. (Request ID: Root=1-6ab80964-3d175b9e1cc328ac17cf4d1f;b6761710-ab7d-48e6-a283-f0090621e257)

Cannot ac"
Shimanihs/PRisM,0,1,0,False,ineligible: tags<2 i (branches<2 o substantive_commits<2 amb 0 commits revisats),classified,,
KyraLeeChunWei/Pick_up_Acetylcysteine_v2,1,1,0,False,ineligible: tags<2 i (branches<2 o substantive_commits<2 amb 0 commits revisats),classified,,
Eldog333/Me,0,1,0,False,ineligible: tags<2 i (branches<2 o substantive_commits<2 amb 0 commits revisats),classified,,
Kanika0110/SHP,0,1,0,False,ineligible: tags<2 i (branches<2 o substantive_commits<2 amb 0 commits revisats),classified,,
Maxwellerf/GageWQE,0,1,0,False,ineligible: tags<2 i (branches<2 o substantive_commits<2 amb 0 commits revisats),classified,,
pmercenary/meeting-to-json-ko,0,1,0,False,ineligible: tags<2 i (branches<2 o substantive_commits<2 amb 0 commits revisats),classified,,
uzair921/LLAMA_SKILLSPAN_LLM_CONTEXT_50,0,1,0,False,ineligible: tags<2 i (branches<2 o substantive_commits<2 amb 0 commits revisats),classified,,
PuxAI/Experiment_PII_GenTestAugBi,0,1,0,False,ineligible: tags<2 i (branches<2 o substantive_commits<2 amb 0 commits revisats),classified,,
tazarov/pure-onnx,0,1,0,False,ineligible: tags<2 i (branches<2 o substantive_commits<2 amb 0 commits revisats),classified,,
kajuma/ABEJA-CC-JA,0,1,0,False,ineligible: tags<2 i (branches<2 o substantive_commits<2 amb 0 commits revisats),classified,,
soctilge/L1Q5vZYj8xaCmnYo64,0,0,0,False,,access_restricted,access_restricted,"403 Client Error. (Request ID: Root=1-6ab80964-6c2937ee5b9b6f52772990b5;d36acb51-ec96-479b-9c13-6365adb9105a)

Cannot ac"
alekgomez/HR1709,0,1,0,False,ineligible: tags<2 i (branches<2 o substantive_commits<2 amb 0 commits revisats),classified,,
modulate/entity-transcription-benchmark,0,1,0,False,ineligible: tags<2 i (branches<2 o substantive_commits<2 amb 0 commits revisats),classified,,
tracer-cloud/cloud-ops-bench-dataset,0,1,0,False,ineligible: tags<2 i (branches<2 o substantive_commits<2 amb 0 commits revisats),classified,,
lca0503/speech_mmau_fastest_tempo,0,1,0,False,ineligible: tags<2 i (branches<2 o substantive_commits<2 amb 0 commits revisats),classified,,
french-open-data/envergo-beta-gouv-impact-au-14-10-2025,0,1,0,False,ineligible: tags<2 i (branches<2 o substantive_commits<2 amb 0 commits revisats),classified,,
tx03/openclaw-data,0,1,0,False,ineligible: tags<2 i (branches<2 o substantive_commits<2 amb 0 commits revisats),classified,,
selimaktas/qwen-maze-curriculum-dataset-v5,0,1,0,False,ineligible: tags<2 i (branches<2 o substantive_commits<2 amb 0 commits revisats),classified,,
ClarusC64/clinical-counterfactual-systemic-cascade-simulation-v0.1,0,1,0,False,ineligible: tags<2 i (branches<2 o substantive_commits<2 amb 0 commits revisats),classified,,
jihuny/llama_arena_10k_sky_active_newton_g05_l1e4_soft,0,1,0,False,ineligible: tags<2 i (branches<2 o substantive_commits<2 amb 0 commits revisats),classified,,
daaxila/twitter-XWDZ001-2026.02.24-2026145336310612111-D3G1cSWVKr7G33iy-part1,0,1,0,False,ineligible: tags<2 i (branches<2 o substantive_commits<2 amb 0 commits revisats),classified,,
SEACrowd/duolingo_staple_2020,0,1,0,False,ineligible: tags<2 i (branches<2 o substantive_commits<2 amb 0 commits revisats),classified,,
AnnikaSimonsen/GPT-4_FO-EN_parallel_news_sentences,0,1,0,False,ineligible: tags<2 i (branches<2 o substantive_commits<2 amb 0 commits revisats),classified,,
johnzqlu/openr1_math_filtered_soft_tokens_en0.8_step3_tk5_tp1,0,1,0,False,ineligible: tags<2 i (branches<2 o substantive_commits<2 amb 0 commits revisats),classified,,
rubrix/research_titles_multi-label,0,1,0,False,ineligible: tags<2 i (branches<2 o substantive_commits<2 amb 0 commits revisats),classified,,
ShiangYu/so101_candy_to_black_paper_20260817_140354,1,1,0,False,ineligible: tags<2 i (branches<2 o substantive_commits<2 amb 0 commits revisats),classified,,
RLAIF/dpo_thinking_n_a_o_h_u_p_1e-6_0.02_1.7B_4B_with_gold_labels_kl_estimation,0,1,0,False,ineligible: tags<2 i (branches<2 o substantive_commits<2 amb 0 commits revisats),classified,,
XKaab/your_dataset_name,0,1,0,False,ineligible: tags<2 i (branches<2 o substantive_commits<2 amb 0 commits revisats),classified,,
ToKnow-ai/Summary-of-Registered-Entities-and-Companies-in-Kenya,0,1,0,False,ineligible: tags<2 i (branches<2 o substantive_commits<2 amb 0 commits revisats),classified,,
HuggingFaceM4/SugarCrepe_swap_att,0,1,0,False,ineligible: tags<2 i (branches<2 o substantive_commits<2 amb 0 commits revisats),classified,,
reasoning-proj/exp_rob_dfiltered_science_EXAONE-Deep-32B_madversarial_continue_unrelated_t50,0,1,0,False,ineligible: tags<2 i (branches<2 o substantive_commits<2 amb 0 commits revisats),classified,,
MelShaw/Gulong-Novel-Dataset,0,1,0,False,ineligible: tags<2 i (branches<2 o substantive_commits<2 amb 0 commits revisats),classified,,
Hugginsfg/yujtgyh,0,1,0,False,ineligible: tags<2 i (branches<2 o substantive_commits<2 amb 0 commits revisats),classified,,
Strange97/OmniLens2,0,1,0,False,ineligible: tags<2 i (branches<2 o substantive_commits<2 amb 0 commits revisats),classified,,
muhanesia/dukum,0,1,0,False,ineligible: tags<2 i (branches<2 o substantive_commits<2 amb 0 commits revisats),classified,,
Nielbagz/Duwag,0,1,0,False,ineligible: tags<2 i (branches<2 o substantive_commits<2 amb 0 commits revisats),classified,,
OliverHausdoerfer/demo_src_pick_place_task_D0_robot_IIWA_gripper_Robotiq85Gripper_additionalCams,1,1,0,False,ineligible: tags<2 i (branches<2 o substantive_commits<2 amb 0 commits revisats),classified,,
aabira0/IForgot,0,1,0,False,ineligible: tags<2 i (branches<2 o substantive_commits<2 amb 0 commits revisats),classified,,
AsifJishan/quran-md-ayahs,0,1,0,False,ineligible: tags<2 i (branches<2 o substantive_commits<2 amb 0 commits revisats),classified,,
aicrowd/arc-whestbench-public-2026,3,1,2,True,Criteri A: tags>=2 amb commits substantius,classified,,
keell0renz/memory-chat-curator-smoke-20260913,0,1,0,False,ineligible: tags<2 i (branches<2 o substantive_commits<2 amb 0 commits revisats),classified,,
TYW4Y5YS/WQDWDQFEE,0,1,0,False,ineligible: tags<2 i (branches<2 o substantive_commits<2 amb 0 commits revisats),classified,,
Ninad12/fever,0,1,0,False,ineligible: tags<2 i (branches<2 o substantive_commits<2 amb 0 commits revisats),classified,,
ekazuki/text_to_french_parliament_group_beta,0,1,0,False,ineligible: tags<2 i (branches<2 o substantive_commits<2 amb 0 commits revisats),classified,,
bkr969/fake_news,0,1,0,False,ineligible: tags<2 i (branches<2 o substantive_commits<2 amb 0 commits revisats),classified,,
AbbottYang/test,0,1,0,False,ineligible: tags<2 i (branches<2 o substantive_commits<2 amb 0 commits revisats),classified,,
open-llm-leaderboard-old/details_luffycodes__vicuna-class-shishya-ac-hal-13b-ep3,0,1,0,False,ineligible: tags<2 i (branches<2 o substantive_commits<2 amb 0 commits revisats),classified,,
nguyenthihong2001/nguyenthihong2001,0,1,0,False,ineligible: tags<2 i (branches<2 o substantive_commits<2 amb 0 commits revisats),classified,,
HungVu2003/opt-350m_beta_0.0_alpha_0.4_num-company_2_dataset_0_for_gen_2,0,1,0,False,ineligible: tags<2 i (branches<2 o substantive_commits<2 amb 0 commits revisats),classified,,
quinnlue/common_voice_17_0_regmix_wds,0,1,0,False,ineligible: tags<2 i (branches<2 o substantive_commits<2 amb 0 commits revisats),classified,,
Thegiolab7/Aria-Mistral-7B-finetune-dataset,0,1,0,False,ineligible: tags<2 i (branches<2 o substantive_commits<2 amb 0 commits revisats),classified,,
bayiwesesun/fdsfdsg45645675,0,1,0,False,ineligible: tags<2 i (branches<2 o substantive_commits<2 amb 0 commits revisats),classified,,
TheFactoryX/edition_2558_jxcai-scale-hle-public-questions-readymade,0,1,0,False,ineligible: tags<2 i (branches<2 o substantive_commits<2 amb 0 commits revisats),classified,,
Shiran56/DrugFormDB,0,1,0,False,ineligible: tags<2 i (branches<2 o substantive_commits<2 amb 0 commits revisats),classified,,
argilla-internal-testing/test_import_dataset_from_hub_with_classlabel_da809413-3d7c-4385-a006-43281f03348c,0,1,0,False,ineligible: tags<2 i (branches<2 o substantive_commits<2 amb 0 commits revisats),classified,,
dimbaby/FinReflectKG,0,1,0,False,ineligible: tags<2 i (branches<2 o substantive_commits<2 amb 0 commits revisats),classified,,
14RDFSFS/ASDSDFF48851,0,1,0,False,ineligible: tags<2 i (branches<2 o substantive_commits<2 amb 0 commits revisats),classified,,
harman/pref_hendrydong_carma_100k_upgrade-all_degrade-0p2-sampled_rrm_non_contextuals,0,1,0,False,ineligible: tags<2 i (branches<2 o substantive_commits<2 amb 0 commits revisats),classified,,
fosters/ales_razanau_input,0,1,0,False,ineligible: tags<2 i (branches<2 o substantive_commits<2 amb 0 commits revisats),classified,,
open-athena/a3-rl-DCAgent_llm-verifier-freelancer,0,1,0,False,ineligible: tags<2 i (branches<2 o substantive_commits<2 amb 0 commits revisats),classified,,
nlp-sealion/Full_Message_QA_DT_UET,0,1,0,False,ineligible: tags<2 i (branches<2 o substantive_commits<2 amb 0 commits revisats),classified,,
xey/gelbooru_filtered_tags,0,1,0,False,ineligible: tags<2 i (branches<2 o substantive_commits<2 amb 0 commits revisats),classified,,
DCAgent2/eval-penfever_stageD-thinkbudget-80-8B_DCAgent2_terminal_bench_2,0,1,0,False,ineligible: tags<2 i (branches<2 o substantive_commits<2 amb 0 commits revisats),classified,,
zwhe99/MATH,0,1,0,False,ineligible: tags<2 i (branches<2 o substantive_commits<2 amb 0 commits revisats),classified,,
chansung/synth_summarize_dataset3,0,1,0,False,ineligible: tags<2 i (branches<2 o substantive_commits<2 amb 0 commits revisats),classified,,
sdvwaevsdav/ZXXCV,0,1,0,False,ineligible: tags<2 i (branches<2 o substantive_commits<2 amb 0 commits revisats),classified,,
french-open-data/score-d-inclusion-financiere-par-departements,0,1,0,False,ineligible: tags<2 i (branches<2 o substantive_commits<2 amb 0 commits revisats),classified,,
beamstation/all-restaurants-in-westminster-colorado-us-349384,0,1,0,False,ineligible: tags<2 i (branches<2 o substantive_commits<2 amb 0 commits revisats),classified,,
manoj198508/gpt_ai_dataset_llama2,0,1,0,False,ineligible: tags<2 i (branches<2 o substantive_commits<2 amb 0 commits revisats),classified,,
AmareshHebbar/insurance-classifier-sft,0,1,0,False,ineligible: tags<2 i (branches<2 o substantive_commits<2 amb 0 commits revisats),classified,,
sdfbs/sdbsb,0,1,0,False,ineligible: tags<2 i (branches<2 o substantive_commits<2 amb 0 commits revisats),classified,,
allenai/02012026-tablebuss-02,1,1,0,False,ineligible: tags<2 i (branches<2 o substantive_commits<2 amb 0 commits revisats),classified,,
Type-1-Civilisation/Language-Detector-Benchmark,0,1,0,False,ineligible: tags<2 i (branches<2 o substantive_commits<2 amb 0 commits revisats),classified,,
previdengue/predict_inference_data_estadual,0,1,0,False,ineligible: tags<2 i (branches<2 o substantive_commits<2 amb 0 commits revisats),classified,,
electricsheepafrica/africa-owid-per-capita-ghg-excl-land-use,0,1,0,False,ineligible: tags<2 i (branches<2 o substantive_commits<2 amb 0 commits revisats),classified,,
electricsheepeurope/europe-who-raised-fasting-blood-glucose-ncdgluc03,0,1,0,False,ineligible: tags<2 i (branches<2 o substantive_commits<2 amb 0 commits revisats),classified,,
ClarusC64/maritime-container-dwelltime-yard-capacity-coherence-risk-v0.1,0,1,0,False,ineligible: tags<2 i (branches<2 o substantive_commits<2 amb 0 commits revisats),classified,,
Siqueira12/fvvdv,0,1,0,False,ineligible: tags<2 i (branches<2 o substantive_commits<2 amb 0 commits revisats),classified,,
Saat/BusinessCharacters,0,1,0,False,ineligible: tags<2 i (branches<2 o substantive_commits<2 amb 0 commits revisats),classified,,
allenai/09122025-box-03,1,1,0,False,ineligible: tags<2 i (branches<2 o substantive_commits<2 amb 0 commits revisats),classified,,
starmoney7055/neww,0,1,0,False,ineligible: tags<2 i (branches<2 o substantive_commits<2 amb 0 commits revisats),classified,,
ehsanwholesaler87/happyny,0,1,0,False,ineligible: tags<2 i (branches<2 o substantive_commits<2 amb 0 commits revisats),classified,,
tuemay/57,0,1,0,False,ineligible: tags<2 i (branches<2 o substantive_commits<2 amb 0 commits revisats),classified,,
CompassioninMachineLearning/moru-benchmark-dimensions,1,1,0,False,ineligible: tags<2 i (branches<2 o substantive_commits<2 amb 0 commits revisats),classified,,
yqj01/SimNMR-PubChem,0,1,0,False,ineligible: tags<2 i (branches<2 o substantive_commits<2 amb 0 commits revisats),classified,,
wegrthj/all-akrw-data,0,1,0,False,ineligible: tags<2 i (branches<2 o substantive_commits<2 amb 0 commits revisats),classified,,
electricsheepafrica/africa-niger-crop-production-humanitarian-response-plan-hrp-countries-e-46179429,0,1,0,False,ineligible: tags<2 i (branches<2 o substantive_commits<2 amb 0 commits revisats),classified,,
roboflavia/pen_dual0,1,1,0,False,ineligible: tags<2 i (branches<2 o substantive_commits<2 amb 0 commits revisats),classified,,
knoveleng/mesolitica-malay,0,1,0,False,ineligible: tags<2 i (branches<2 o substantive_commits<2 amb 0 commits revisats),classified,,
maanas-writer/mem_agent-bertscore-checkpoint-1600-triviaqa-llama-memorization-val-c1024-t512-20s-agnostic,0,1,0,False,ineligible: tags<2 i (branches<2 o substantive_commits<2 amb 0 commits revisats),classified,,
ipipan/silesian-wikipedia-clean-20230901,0,1,0,False,ineligible: tags<2 i (branches<2 o substantive_commits<2 amb 0 commits revisats),classified,,
cmaytadatag1/codigog1,0,1,0,False,ineligible: tags<2 i (branches<2 o substantive_commits<2 amb 0 commits revisats),classified,,
andersonbcdefg/quora_triplets_with_margins,0,1,0,False,ineligible: tags<2 i (branches<2 o substantive_commits<2 amb 0 commits revisats),classified,,
kuleshov-group/_dev_e2d2_lm_eval_gsm8k_zeroshot_cot_samples,0,1,0,False,ineligible: tags<2 i (branches<2 o substantive_commits<2 amb 0 commits revisats),classified,,
project-vajra/dev-staging-meta-llama-meta-llama-3-8b-a100,0,1,0,False,ineligible: tags<2 i (branches<2 o substantive_commits<2 amb 0 commits revisats),classified,,
worldbank-datause/PRWP,0,1,0,False,ineligible: tags<2 i (branches<2 o substantive_commits<2 amb 0 commits revisats),classified,,
TheFactoryX/edition_2054_google-research-datasets-mbpp-readymade,0,1,0,False,ineligible: tags<2 i (branches<2 o substantive_commits<2 amb 0 commits revisats),classified,,
panwu/gouritai,0,1,0,False,ineligible: tags<2 i (branches<2 o substantive_commits<2 amb 0 commits revisats),classified,,
chryskylodon/dubliners_adv,0,1,0,False,ineligible: tags<2 i (branches<2 o substantive_commits<2 amb 0 commits revisats),classified,,
electricsheepafrica/africa-owid-death-rate-from-rheumatic-heart-disease-who-ghe-age-standardized,0,1,0,False,ineligible: tags<2 i (branches<2 o substantive_commits<2 amb 0 commits revisats),classified,,
Emerson0007/pih9f8767,0,1,0,False,ineligible: tags<2 i (branches<2 o substantive_commits<2 amb 0 commits revisats),classified,,
ntu-avqa/YT-NTU-AVQ,0,1,0,False,ineligible: tags<2 i (branches<2 o substantive_commits<2 amb 0 commits revisats),classified,,
nickfuryavg/mls_eng_chunk_3850000_to_3900000,0,1,0,False,ineligible: tags<2 i (branches<2 o substantive_commits<2 amb 0 commits revisats),classified,,
MoonPropet/othinus_lite_2,0,1,0,False,ineligible: tags<2 i (branches<2 o substantive_commits<2 amb 0 commits revisats),classified,,
sandvdnh/glu-met,0,1,0,False,ineligible: tags<2 i (branches<2 o substantive_commits<2 amb 0 commits revisats),classified,,
anonymous201102/psibench-PsyCoPref,1,1,0,False,ineligible: tags<2 i (branches<2 o substantive_commits<2 amb 0 commits revisats),classified,,
tttx/test-star-9-step3-trajectories,0,1,0,False,ineligible: tags<2 i (branches<2 o substantive_commits<2 amb 0 commits revisats),classified,,
imbench/pb-pr-occluder-push-v1,0,1,0,False,ineligible: tags<2 i (branches<2 o substantive_commits<2 amb 0 commits revisats),classified,,
LimeGS/herculaneum-legibility-proxy-labels,0,1,0,False,ineligible: tags<2 i (branches<2 o substantive_commits<2 amb 0 commits revisats),classified,,
igaryo/lerobot-move-eraser,1,1,0,False,ineligible: tags<2 i (branches<2 o substantive_commits<2 amb 0 commits revisats),classified,,
yangshinan/ceshi2,0,1,0,False,ineligible: tags<2 i (branches<2 o substantive_commits<2 amb 0 commits revisats),classified,,
Exgc/example-dialogue,0,1,0,False,ineligible: tags<2 i (branches<2 o substantive_commits<2 amb 0 commits revisats),classified,,
jhan21/amazon-reviews-tokenized-distilbert-3labels,0,1,0,False,ineligible: tags<2 i (branches<2 o substantive_commits<2 amb 0 commits revisats),classified,,
danielroncel/dstc2_dialogues_input_gpt2,0,1,0,False,ineligible: tags<2 i (branches<2 o substantive_commits<2 amb 0 commits revisats),classified,,
K1CH/so100_test03,0,2,1,False,ineligible: tags<2 i (branches<2 o substantive_commits<2 amb 3 commits revisats),classified,,
udold/pi-upgrade-config,0,1,0,False,ineligible: tags<2 i (branches<2 o substantive_commits<2 amb 0 commits revisats),classified,,
electricsheepafrica/africa-unsdg-legal-frameworks-that-promote-enforce-and-monitor-gende-sg-lgl-geneqvaw,0,1,0,False,ineligible: tags<2 i (branches<2 o substantive_commits<2 amb 0 commits revisats),classified,,
splatmicro/microsplat,0,1,0,False,ineligible: tags<2 i (branches<2 o substantive_commits<2 amb 0 commits revisats),classified,,
AriyanH22/augmented_frame_data_multiclass_undersampled,0,1,0,False,ineligible: tags<2 i (branches<2 o substantive_commits<2 amb 0 commits revisats),classified,,
liuyanchen1015/MULTI_VALUE_qqp_invariant_tag_can_or_not,0,1,0,False,ineligible: tags<2 i (branches<2 o substantive_commits<2 amb 0 commits revisats),classified,,
AHDCHong/10,0,1,0,False,ineligible: tags<2 i (branches<2 o substantive_commits<2 amb 0 commits revisats),classified,,
yiyic/sst2_ds,0,1,0,False,ineligible: tags<2 i (branches<2 o substantive_commits<2 amb 0 commits revisats),classified,,
Jeongeun/plug_demo_data_chain,1,1,0,False,ineligible: tags<2 i (branches<2 o substantive_commits<2 amb 0 commits revisats),classified,,
danweisman/test,0,1,0,False,ineligible: tags<2 i (branches<2 o substantive_commits<2 amb 0 commits revisats),classified,,
electricsheepafrica/africa-namibia-small-business-surveys-aggregated-data-79a031bc,0,1,0,False,ineligible: tags<2 i (branches<2 o substantive_commits<2 amb 0 commits revisats),classified,,
vaibhavsw/Boston_housing,0,1,0,False,ineligible: tags<2 i (branches<2 o substantive_commits<2 amb 0 commits revisats),classified,,
Charlie839242/d4rt_kubric,0,1,0,False,ineligible: tags<2 i (branches<2 o substantive_commits<2 amb 0 commits revisats),classified,,
zhq0/skin_dataset,0,1,0,False,ineligible: tags<2 i (branches<2 o substantive_commits<2 amb 0 commits revisats),classified,,
Shanu-stock/LTX-VIDEO,0,1,0,False,ineligible: tags<2 i (branches<2 o substantive_commits<2 amb 0 commits revisats),classified,,
yasir723/biktik,0,1,0,False,ineligible: tags<2 i (branches<2 o substantive_commits<2 amb 0 commits revisats),classified,,
kopoYH/fintech_2026,0,1,0,False,ineligible: tags<2 i (branches<2 o substantive_commits<2 amb 0 commits revisats),classified,,
referencesource/outboard-motor-service-specs,0,1,0,False,ineligible: tags<2 i (branches<2 o substantive_commits<2 amb 0 commits revisats),classified,,
bertram-gilfoyle/CC-MAIN-2023-40-raw,0,1,0,False,ineligible: tags<2 i (branches<2 o substantive_commits<2 amb 0 commits revisats),classified,,
rifadmia0/ai-dubbing-video,0,1,0,False,ineligible: tags<2 i (branches<2 o substantive_commits<2 amb 0 commits revisats),classified,,
podtech-okamura/testoka,0,1,0,False,ineligible: tags<2 i (branches<2 o substantive_commits<2 amb 0 commits revisats),classified,,
adamfbs/mechai-kb-rxnorm,0,2,0,False,ineligible: tags<2 i (branches<2 o substantive_commits<2 amb 1 commits revisats),classified,,
wukongkaka/EA9Di4cc,0,1,0,False,ineligible: tags<2 i (branches<2 o substantive_commits<2 amb 0 commits revisats),classified,,
koreyoshieo/rs_seg_semantic_s2,0,1,0,False,ineligible: tags<2 i (branches<2 o substantive_commits<2 amb 0 commits revisats),classified,,
Humalike-ai/LoSoNA,0,1,0,False,ineligible: tags<2 i (branches<2 o substantive_commits<2 amb 0 commits revisats),classified,,
r1v3r/auto_0207_bug_updated,0,1,0,False,ineligible: tags<2 i (branches<2 o substantive_commits<2 amb 0 commits revisats),classified,,
hhashen/Deta,0,1,0,False,ineligible: tags<2 i (branches<2 o substantive_commits<2 amb 0 commits revisats),classified,,
businessrules/judge_random_prompt7,0,1,0,False,ineligible: tags<2 i (branches<2 o substantive_commits<2 amb 0 commits revisats),classified,,
electricsheepafrica/africa-morocco-debit-moyen-journalier-de-la-station-talaint-1993-2024-21b26aea,0,1,0,False,ineligible: tags<2 i (branches<2 o substantive_commits<2 amb 0 commits revisats),classified,,
vourless/jhghgv67,0,1,0,False,ineligible: tags<2 i (branches<2 o substantive_commits<2 amb 0 commits revisats),classified,,
french-open-data/commune-de-grazac-document-d-urbanisme,0,1,0,False,ineligible: tags<2 i (branches<2 o substantive_commits<2 amb 0 commits revisats),classified,,
didrikSkjelbred/Motivational-Quotes,0,1,0,False,ineligible: tags<2 i (branches<2 o substantive_commits<2 amb 0 commits revisats),classified,,
luuuulinnnn/processed_parts,0,1,0,False,ineligible: tags<2 i (branches<2 o substantive_commits<2 amb 0 commits revisats),classified,,
stefanocarrera/sqlautophagycode_D_test_Qwen3-8B_t1.25_g0_run1,0,1,0,False,ineligible: tags<2 i (branches<2 o substantive_commits<2 amb 0 commits revisats),classified,,
TamAko783/filipino-scam-final-shards,0,1,0,False,ineligible: tags<2 i (branches<2 o substantive_commits<2 amb 0 commits revisats),classified,,
cjiao/goldengoose-divsweep_goose_n512_indorc_tau0.50_seed200-7grp,0,1,0,False,ineligible: tags<2 i (branches<2 o substantive_commits<2 amb 0 commits revisats),classified,,
Fancylalala/AEGIS,0,1,0,False,ineligible: tags<2 i (branches<2 o substantive_commits<2 amb 0 commits revisats),classified,,
EinzzCookie/netherlands-trending-tiktok-videos-verified-users-tiktok,0,1,0,False,ineligible: tags<2 i (branches<2 o substantive_commits<2 amb 0 commits revisats),classified,,
neuraIQ/ds-training-iteration-1-take2,0,1,0,False,ineligible: tags<2 i (branches<2 o substantive_commits<2 amb 0 commits revisats),classified,,
HenryYHW/DriveDNA-Sample,0,0,0,False,,access_restricted,access_restricted,"403 Client Error. (Request ID: Root=1-6ab8096a-3a19624e0e9ad92120b5ae17;571d4b79-06a6-4f06-a9ff-fcde15ca4efd)

Cannot ac"
postdoc-research-dump/llm_knowledge_conflict,0,1,0,False,ineligible: tags<2 i (branches<2 o substantive_commits<2 amb 0 commits revisats),classified,,
maxazcona/crewai_docs,0,1,0,False,ineligible: tags<2 i (branches<2 o substantive_commits<2 amb 0 commits revisats),classified,,
PratikSal13/tourism-dataset,0,1,0,False,ineligible: tags<2 i (branches<2 o substantive_commits<2 amb 0 commits revisats),classified,,
niuzi1/SCAFWER4,0,1,0,False,ineligible: tags<2 i (branches<2 o substantive_commits<2 amb 0 commits revisats),classified,,
Azka20/Projects,0,1,0,False,ineligible: tags<2 i (branches<2 o substantive_commits<2 amb 0 commits revisats),classified,,
Anj34/Flights,0,1,0,False,ineligible: tags<2 i (branches<2 o substantive_commits<2 amb 0 commits revisats),classified,,
ClarusC64/clinical-organ-failure-cascade-v1,0,1,0,False,ineligible: tags<2 i (branches<2 o substantive_commits<2 amb 0 commits revisats),classified,,
beyoru/Aisaka-LN-v4,0,0,0,False,,access_restricted,access_restricted,"403 Client Error. (Request ID: Root=1-6ab8096a-56ec1408067aeb012c36ab8b;4ec4289a-7e30-4370-949b-c13f42f6df50)

Cannot ac"
open-llm-leaderboard-old/details_jisukim8873__mistral-7B-alpaca-1-epoch,0,1,0,False,ineligible: tags<2 i (branches<2 o substantive_commits<2 amb 0 commits revisats),classified,,
omnineura/llm_studio_11258013,0,1,0,False,ineligible: tags<2 i (branches<2 o substantive_commits<2 amb 0 commits revisats),classified,,
asdfgsgfgsd/ThomasAnthonyAndersonsrdgfhjtdrsrfa,0,1,0,False,ineligible: tags<2 i (branches<2 o substantive_commits<2 amb 0 commits revisats),classified,,
harenohini/wew3,0,1,0,False,ineligible: tags<2 i (branches<2 o substantive_commits<2 amb 0 commits revisats),classified,,
danielebelfiore/MNLP_M3_dpo_dataset,0,1,0,False,ineligible: tags<2 i (branches<2 o substantive_commits<2 amb 0 commits revisats),classified,,
liuyanchen1015/MULTI_VALUE_mrpc_absolute_reflex,0,1,0,False,ineligible: tags<2 i (branches<2 o substantive_commits<2 amb 0 commits revisats),classified,,
icdn15/content-202604302e22,0,1,0,False,ineligible: tags<2 i (branches<2 o substantive_commits<2 amb 0 commits revisats),classified,,
M-SPORT/Autoapproved,0,1,0,False,ineligible: tags<2 i (branches<2 o substantive_commits<2 amb 0 commits revisats),classified,,
JALAPENO11/pii-adversarial-sentences,0,1,0,False,ineligible: tags<2 i (branches<2 o substantive_commits<2 amb 0 commits revisats),classified,,
simonycl/trsi-frontier-abl-nomem-20260623-151945,0,1,0,False,ineligible: tags<2 i (branches<2 o substantive_commits<2 amb 0 commits revisats),classified,,
viveksil/first-aid-dataset,0,0,0,False,,access_restricted,access_restricted,"403 Client Error. (Request ID: Root=1-6ab8096b-4a58cd5102eac54e5a5d9c12;5bdf866f-ce55-4e03-86cc-52eb6e599786)

Cannot ac"
lucazanett/eval_act_new_cameras_60k,1,1,0,False,ineligible: tags<2 i (branches<2 o substantive_commits<2 amb 0 commits revisats),classified,,
open-llm-leaderboard/DoppelReflEx__MN-12B-Mimicore-Orochi-details,0,0,0,False,,access_restricted,access_restricted,"403 Client Error. (Request ID: Root=1-6ab8096b-1d3626e91813078e2e801186;43685726-ebf8-4c73-814d-19305285caee)

Cannot ac"
vuhaian/kimi_climbx_4,0,1,0,False,ineligible: tags<2 i (branches<2 o substantive_commits<2 amb 0 commits revisats),classified,,
VishalCh/book-train,0,1,0,False,ineligible: tags<2 i (branches<2 o substantive_commits<2 amb 0 commits revisats),classified,,
zjhhhh/iter2_7b_fullcheck_perprompt_scores_adversary_29,0,1,0,False,ineligible: tags<2 i (branches<2 o substantive_commits<2 amb 0 commits revisats),classified,,
TheophileCA/CatalogueRawTextChunked1000_150,0,1,0,False,ineligible: tags<2 i (branches<2 o substantive_commits<2 amb 0 commits revisats),classified,,
harryvar/11f3ee77,0,1,0,False,ineligible: tags<2 i (branches<2 o substantive_commits<2 amb 0 commits revisats),classified,,
TheFactoryX/edition_2659_shi-labs-oneformer_demo-readymade,0,1,0,False,ineligible: tags<2 i (branches<2 o substantive_commits<2 amb 0 commits revisats),classified,,
alex2020xx/nelson1,0,1,0,False,ineligible: tags<2 i (branches<2 o substantive_commits<2 amb 0 commits revisats),classified,,
yuanjiekongchan/mfin7037_hw2_dataset,0,1,0,False,ineligible: tags<2 i (branches<2 o substantive_commits<2 amb 0 commits revisats),classified,,
ilayzvulun/elooz-screen-messages-synthetic,0,1,0,False,ineligible: tags<2 i (branches<2 o substantive_commits<2 amb 0 commits revisats),classified,,
autoevaluate/autoeval-eval-emotion-default-2feb36-1456053838,0,1,0,False,ineligible: tags<2 i (branches<2 o substantive_commits<2 amb 0 commits revisats),classified,,
2GM/linear-problem,0,1,0,False,ineligible: tags<2 i (branches<2 o substantive_commits<2 amb 0 commits revisats),classified,,
electricsheepafrica/africa-world-bank-aid-effectiveness-indicators-for-cameroon,0,1,0,False,ineligible: tags<2 i (branches<2 o substantive_commits<2 amb 0 commits revisats),classified,,
caleancalean1/unz6wno8,0,1,0,False,ineligible: tags<2 i (branches<2 o substantive_commits<2 amb 0 commits revisats),classified,,
vourless/jhbvvghj77,0,1,0,False,ineligible: tags<2 i (branches<2 o substantive_commits<2 amb 0 commits revisats),classified,,
ZHUANGDONGHUANG/lora_daiyu,0,1,0,False,ineligible: tags<2 i (branches<2 o substantive_commits<2 amb 0 commits revisats),classified,,
ekellbuch/m1fz4tyc,0,1,0,False,ineligible: tags<2 i (branches<2 o substantive_commits<2 amb 0 commits revisats),classified,,
Patty101/DisasterM3,0,1,0,False,ineligible: tags<2 i (branches<2 o substantive_commits<2 amb 0 commits revisats),classified,,
northhycao/grasp_cubes_fixed,1,1,0,False,ineligible: tags<2 i (branches<2 o substantive_commits<2 amb 0 commits revisats),classified,,
electricsheepafrica/africa-ghana-road-accidents-and-casualties-in-ghana-164a428c,0,1,0,False,ineligible: tags<2 i (branches<2 o substantive_commits<2 amb 0 commits revisats),classified,,
electricsheepafrica/africa-central-african-republic-earthquakes-hazard-data-for-disaster-risk-assessment-selec-a5eec,0,1,0,False,ineligible: tags<2 i (branches<2 o substantive_commits<2 amb 0 commits revisats),classified,,
lodrick-the-lafted/Sao10K_Claude-3-Opus-Instruct-13.7K-ShareGPT,0,1,0,False,ineligible: tags<2 i (branches<2 o substantive_commits<2 amb 0 commits revisats),classified,,
pphilip/analog-circuits-sky130,0,1,0,False,ineligible: tags<2 i (branches<2 o substantive_commits<2 amb 0 commits revisats),classified,,
nickbett/bybit-linear-perps-aaveusdt,0,1,0,False,ineligible: tags<2 i (branches<2 o substantive_commits<2 amb 0 commits revisats),classified,,
Deason11/0819_put_the_sugar_into_the_box_new_use_obs_with_depth,1,1,0,False,ineligible: tags<2 i (branches<2 o substantive_commits<2 amb 0 commits revisats),classified,,
Elyordev/new_dataset_stt,0,1,0,False,ineligible: tags<2 i (branches<2 o substantive_commits<2 amb 0 commits revisats),classified,,
electricsheepafrica/africa-central-african-republic-small-business-surveys-aggregated-data-e1598ef1,0,1,0,False,ineligible: tags<2 i (branches<2 o substantive_commits<2 amb 0 commits revisats),classified,,
RobotisSW/ffw_bg2_rev4_task_21_1217_jungmin_1,1,1,0,False,ineligible: tags<2 i (branches<2 o substantive_commits<2 amb 0 commits revisats),classified,,
maveriq/spider-vllm-new-prompts,0,1,0,False,ineligible: tags<2 i (branches<2 o substantive_commits<2 amb 0 commits revisats),classified,,
alea-institute/kl3m-filter-data-dotgov-www.trade.gov,0,1,0,False,ineligible: tags<2 i (branches<2 o substantive_commits<2 amb 0 commits revisats),classified,,
VIOLETGANTENG/septiyalty,0,1,0,False,ineligible: tags<2 i (branches<2 o substantive_commits<2 amb 0 commits revisats),classified,,
hxrrrrri/3d-interactive-assests,0,1,0,False,ineligible: tags<2 i (branches<2 o substantive_commits<2 amb 0 commits revisats),classified,,
latte-agent/about,0,1,0,False,ineligible: tags<2 i (branches<2 o substantive_commits<2 amb 0 commits revisats),classified,,
electricsheepafrica/africa-eritrea-eritrea-climate-change-f23c1f49,0,1,0,False,ineligible: tags<2 i (branches<2 o substantive_commits<2 amb 0 commits revisats),classified,,
felixZzz/bespoke_17k_bestAccZ_allStudentYx8-len16k-reproduce-split1-student_logps,0,1,0,False,ineligible: tags<2 i (branches<2 o substantive_commits<2 amb 0 commits revisats),classified,,
Avtrkrb/combined-reasoning-opus-4.6-opus-4.7-kimi-k2.5-kimi-k2.6-glm-5.1,0,1,0,False,ineligible: tags<2 i (branches<2 o substantive_commits<2 amb 0 commits revisats),classified,,
APProjects/illinois-layoffs-warn-act-notices-daily,0,1,0,False,ineligible: tags<2 i (branches<2 o substantive_commits<2 amb 0 commits revisats),classified,,
yasirchemmakh/Moroccan_ads,0,1,0,False,ineligible: tags<2 i (branches<2 o substantive_commits<2 amb 0 commits revisats),classified,,
jcamaraideko/eval_angulos2,1,1,0,False,ineligible: tags<2 i (branches<2 o substantive_commits<2 amb 0 commits revisats),classified,,
cudecanarim/holed,0,1,0,False,ineligible: tags<2 i (branches<2 o substantive_commits<2 amb 0 commits revisats),classified,,
pmonib81/qayQ1M7x,0,1,0,False,ineligible: tags<2 i (branches<2 o substantive_commits<2 amb 0 commits revisats),classified,,
DCAgent/exp-gfi-swesmith-random-filtered-10K,0,1,0,False,ineligible: tags<2 i (branches<2 o substantive_commits<2 amb 0 commits revisats),classified,,
daniescamilla/dataset-bda-1,0,1,0,False,ineligible: tags<2 i (branches<2 o substantive_commits<2 amb 0 commits revisats),classified,,
Lyric1010/numina-0.02B-drop-entropy70-merge,0,1,0,False,ineligible: tags<2 i (branches<2 o substantive_commits<2 amb 0 commits revisats),classified,,
Kbrian1237/kitnbot-images,0,1,0,False,ineligible: tags<2 i (branches<2 o substantive_commits<2 amb 0 commits revisats),classified,,
theblackcat102/evol-code-zh,0,1,0,False,ineligible: tags<2 i (branches<2 o substantive_commits<2 amb 0 commits revisats),classified,,
USCjniranja/ambig_no_think_2,0,1,0,False,ineligible: tags<2 i (branches<2 o substantive_commits<2 amb 0 commits revisats),classified,,
geopti/finewiki-pplx-embed-context-4B-512tok-state,0,0,0,False,,access_restricted,access_restricted,"403 Client Error. (Request ID: Root=1-6ab8096c-176fbfe02b8a4ea9757ed0a9;6b68d3b2-5ece-4e8b-87d2-2de437c3d894)

Cannot ac"
sotamavenslab/s1_s1k_0wait,0,1,0,False,ineligible: tags<2 i (branches<2 o substantive_commits<2 amb 0 commits revisats),classified,,
svjack/Nino_Videos_Captioned,0,1,0,False,ineligible: tags<2 i (branches<2 o substantive_commits<2 amb 0 commits revisats),classified,,
mlo0ollm/cj_ko_words,0,1,0,False,ineligible: tags<2 i (branches<2 o substantive_commits<2 amb 0 commits revisats),classified,,
Khanhpham1992/es-futures-1m,0,1,0,False,ineligible: tags<2 i (branches<2 o substantive_commits<2 amb 0 commits revisats),classified,,
chaiting/175_non_sub_p_169,0,0,0,False,,access_restricted,access_restricted,"403 Client Error. (Request ID: Root=1-6ab8096d-63d36bc3113a500c79829a32;ea9b5018-01b7-42ee-98d3-df45b864447b)

Cannot ac"
kristaller486/ruqual_kto_tmp_01,0,1,0,False,ineligible: tags<2 i (branches<2 o substantive_commits<2 amb 0 commits revisats),classified,,
bit-zhy/Medical_dataset,0,1,0,False,ineligible: tags<2 i (branches<2 o substantive_commits<2 amb 0 commits revisats),classified,,
Ashima/rlvr_task1422_mathqa_physics,0,1,0,False,ineligible: tags<2 i (branches<2 o substantive_commits<2 amb 0 commits revisats),classified,,
qinchihongye/test,0,1,0,False,ineligible: tags<2 i (branches<2 o substantive_commits<2 amb 0 commits revisats),classified,,
ightysupport/DFW-Commercial-AI-Surveillance-Architecture-2026,0,1,0,False,ineligible: tags<2 i (branches<2 o substantive_commits<2 amb 0 commits revisats),classified,,
villekuosmanen/agilex_spell_dog,1,2,2,True,Criteri B: substantive_commits>=2 dispersos >=6.0h,classified,,
electricsheepafrica/africa-burundi-topline-indicators-7da82efc,0,1,0,False,ineligible: tags<2 i (branches<2 o substantive_commits<2 amb 0 commits revisats),classified,,
Worldi/chess_data,0,1,0,False,ineligible: tags<2 i (branches<2 o substantive_commits<2 amb 0 commits revisats),classified,,
electricsheepafrica/africa-morocco-archive-2019-statistiques-hebdomadaires-des-organismes-de-5d62e021,0,1,0,False,ineligible: tags<2 i (branches<2 o substantive_commits<2 amb 0 commits revisats),classified,,
vuthuy1987/vuthuy1987,0,1,0,False,ineligible: tags<2 i (branches<2 o substantive_commits<2 amb 0 commits revisats),classified,,
yananchen/mimicgen_source_12tasks_v21,1,1,0,False,ineligible: tags<2 i (branches<2 o substantive_commits<2 amb 0 commits revisats),classified,,
chaiting/pk-8586-L6,0,0,0,False,,access_restricted,access_restricted,"403 Client Error. (Request ID: Root=1-6ab8096d-2d6f0c795eb886b4132ae957;0b723fba-073d-4dbc-9b08-46be64c032b2)

Cannot ac"
Alamerton/common-words,0,1,0,False,ineligible: tags<2 i (branches<2 o substantive_commits<2 amb 0 commits revisats),classified,,
sazirarrwth99/lossy_comr_traj,0,1,0,False,ineligible: tags<2 i (branches<2 o substantive_commits<2 amb 0 commits revisats),classified,,
subashdhamee/sms-spam-ham-dataset,0,1,0,False,ineligible: tags<2 i (branches<2 o substantive_commits<2 amb 0 commits revisats),classified,,
waaah15/lerobot_jijiboy_annotated,0,1,0,False,ineligible: tags<2 i (branches<2 o substantive_commits<2 amb 0 commits revisats),classified,,
svjack/Prince_Xiang_iclight_v2,0,1,0,False,ineligible: tags<2 i (branches<2 o substantive_commits<2 amb 0 commits revisats),classified,,
Linly-AI/Chinese-pretraining-dataset,0,1,0,False,ineligible: tags<2 i (branches<2 o substantive_commits<2 amb 0 commits revisats),classified,,
wanng/wikipedia-zh-mnbvc,0,1,0,False,ineligible: tags<2 i (branches<2 o substantive_commits<2 amb 0 commits revisats),classified,,
TeamDelta/Nemotron-Cascade-2-RL-reproduction,0,1,0,False,ineligible: tags<2 i (branches<2 o substantive_commits<2 amb 0 commits revisats),classified,,
donkiha/lkkf,0,1,0,False,ineligible: tags<2 i (branches<2 o substantive_commits<2 amb 0 commits revisats),classified,,
AHegai/white_box_pos_1_v2,1,1,0,False,ineligible: tags<2 i (branches<2 o substantive_commits<2 amb 0 commits revisats),classified,,
TomatoMTL/mtl-cache,0,0,0,False,,access_restricted,access_restricted,"403 Client Error. (Request ID: Root=1-6ab8096e-7850e109660afb415f9d33eb;2576aa4b-0d7a-4625-8377-eacc5aaab263)

Cannot ac"
gulnuravci/reddit_sentiment_analysis_results,0,1,0,False,ineligible: tags<2 i (branches<2 o substantive_commits<2 amb 0 commits revisats),classified,,
tomzhaosky/Cryo-Sim,0,1,0,False,ineligible: tags<2 i (branches<2 o substantive_commits<2 amb 0 commits revisats),classified,,
tttonyalpha/mikasa-robo-vla-intercept_grab_medium_vla_v0,1,1,0,False,ineligible: tags<2 i (branches<2 o substantive_commits<2 amb 0 commits revisats),classified,,
Chloewwe/TristanJamesMaldonadodsad,0,1,0,False,ineligible: tags<2 i (branches<2 o substantive_commits<2 amb 0 commits revisats),classified,,
namenu/phantomx-scenes,0,1,0,False,ineligible: tags<2 i (branches<2 o substantive_commits<2 amb 0 commits revisats),classified,,
mteb/tiny-imagenet,0,1,0,False,ineligible: tags<2 i (branches<2 o substantive_commits<2 amb 0 commits revisats),classified,,
version-control/tf-1.0-1.13-oss-seed,0,1,0,False,ineligible: tags<2 i (branches<2 o substantive_commits<2 amb 0 commits revisats),classified,,
krisna-Labs/visit-with-us-dataset,0,1,0,False,ineligible: tags<2 i (branches<2 o substantive_commits<2 amb 0 commits revisats),classified,,
pzzzzz/TuttiCorpus,0,1,0,False,ineligible: tags<2 i (branches<2 o substantive_commits<2 amb 0 commits revisats),classified,,
dude-os/2af202a6,0,1,0,False,ineligible: tags<2 i (branches<2 o substantive_commits<2 amb 0 commits revisats),classified,,
subratm62/bank-customer-churn,0,1,0,False,ineligible: tags<2 i (branches<2 o substantive_commits<2 amb 0 commits revisats),classified,,
aki-008/Cot-set-v4,0,1,0,False,ineligible: tags<2 i (branches<2 o substantive_commits<2 amb 0 commits revisats),classified,,
Odeinjul/turing-100m-batch-update-eval,0,1,0,False,ineligible: tags<2 i (branches<2 o substantive_commits<2 amb 0 commits revisats),classified,,
ankile/square-dagger-sobol-v1-r7,1,1,0,False,ineligible: tags<2 i (branches<2 o substantive_commits<2 amb 0 commits revisats),classified,,
jahnaviym/crate-index,0,1,0,False,ineligible: tags<2 i (branches<2 o substantive_commits<2 amb 0 commits revisats),classified,,
RedaAlami/PKU-SafeRLHF-Filtered-epsilon-0.5-Split-5-rho-0.5-phi-0.5,0,1,0,False,ineligible: tags<2 i (branches<2 o substantive_commits<2 amb 0 commits revisats),classified,,
TheFactoryX/edition_0940_open-thoughts-OpenThoughts-114k-readymade,0,1,0,False,ineligible: tags<2 i (branches<2 o substantive_commits<2 amb 0 commits revisats),classified,,
miyuki17/camus_png549x389_20250708,0,1,0,False,ineligible: tags<2 i (branches<2 o substantive_commits<2 amb 0 commits revisats),classified,,
adapta/cs280-cads,0,1,0,False,ineligible: tags<2 i (branches<2 o substantive_commits<2 amb 0 commits revisats),classified,,
michsethowusu/tumbuka-umbundu_sentence-pairs,0,1,0,False,ineligible: tags<2 i (branches<2 o substantive_commits<2 amb 0 commits revisats),classified,,
french-open-data/lieux-de-mediation-numerique-sur-le-territoire-normandie-fournis-par-numi,0,1,0,False,ineligible: tags<2 i (branches<2 o substantive_commits<2 amb 0 commits revisats),classified,,
RQL4/DOBA-dataset,0,1,0,False,ineligible: tags<2 i (branches<2 o substantive_commits<2 amb 0 commits revisats),classified,,
MichaelAnthony/snowfox-simplerag-phase1,0,1,0,False,ineligible: tags<2 i (branches<2 o substantive_commits<2 amb 0 commits revisats),classified,,
electricsheepafrica/africa-global-operational-presence,0,1,0,False,ineligible: tags<2 i (branches<2 o substantive_commits<2 amb 0 commits revisats),classified,,
sidfractal/edgar-tokenized-corpus,0,1,0,False,ineligible: tags<2 i (branches<2 o substantive_commits<2 amb 0 commits revisats),classified,,
RikoteMaster/llama2_4_translation,0,1,0,False,ineligible: tags<2 i (branches<2 o substantive_commits<2 amb 0 commits revisats),classified,,
Rendra86318/robot_sensor_data.json,0,1,0,False,ineligible: tags<2 i (branches<2 o substantive_commits<2 amb 0 commits revisats),classified,,
DCAgent2/DCAgent_dev_set_71_tasks_DCAgent2_nl2bash-verified-GLM-4_6-traces-32ep-32k-5epo2570d6b2,0,1,0,False,ineligible: tags<2 i (branches<2 o substantive_commits<2 amb 0 commits revisats),classified,,
KiViDrag/bloodmnist_60,0,1,0,False,ineligible: tags<2 i (branches<2 o substantive_commits<2 amb 0 commits revisats),classified,,
SHARProduction/production-reference-corpora,0,1,0,False,ineligible: tags<2 i (branches<2 o substantive_commits<2 amb 0 commits revisats),classified,,
muhammad0-0hreden/DocOCR_N2__run_Baseer__clahe,0,1,0,False,ineligible: tags<2 i (branches<2 o substantive_commits<2 amb 0 commits revisats),classified,,
LSGOURI/ACT_FINALTEST,1,1,0,False,ineligible: tags<2 i (branches<2 o substantive_commits<2 amb 0 commits revisats),classified,,
jacob-valdez/synthux-economy-r6-w005,0,1,0,False,ineligible: tags<2 i (branches<2 o substantive_commits<2 amb 0 commits revisats),classified,,
masambatukam/validdata,0,1,0,False,ineligible: tags<2 i (branches<2 o substantive_commits<2 amb 0 commits revisats),classified,,
electricsheepafrica/africa-ilo-ear-emtm-sex-age-cur-nb-median-monthly-earnings-of-employees-by-sex-age-an,0,1,0,False,ineligible: tags<2 i (branches<2 o substantive_commits<2 amb 0 commits revisats),classified,,
Ray1ee01/ChartGalaxyDemo_Copy,0,1,0,False,ineligible: tags<2 i (branches<2 o substantive_commits<2 amb 0 commits revisats),classified,,
hai123xz/PhishFuzzer-split,0,1,0,False,ineligible: tags<2 i (branches<2 o substantive_commits<2 amb 0 commits revisats),classified,,
34data/m3-bench-robot,0,1,0,False,ineligible: tags<2 i (branches<2 o substantive_commits<2 amb 0 commits revisats),classified,,
SayantanJoker/tts-rj-hi-karya-44100hz-part-13-quality,0,1,0,False,ineligible: tags<2 i (branches<2 o substantive_commits<2 amb 0 commits revisats),classified,,
danhtran8989/rf-dert,0,1,0,False,ineligible: tags<2 i (branches<2 o substantive_commits<2 amb 0 commits revisats),classified,,
Recag/Rp_CommonC_821_1,0,1,0,False,ineligible: tags<2 i (branches<2 o substantive_commits<2 amb 0 commits revisats),classified,,
bwsg/nebfg,0,1,0,False,ineligible: tags<2 i (branches<2 o substantive_commits<2 amb 0 commits revisats),classified,,
salmonHan/record-test_20260528_003743,1,1,0,False,ineligible: tags<2 i (branches<2 o substantive_commits<2 amb 0 commits revisats),classified,,
ScoutieAutoML/russian-news-telegram-dataset,0,1,0,False,ineligible: tags<2 i (branches<2 o substantive_commits<2 amb 0 commits revisats),classified,,
thinhpham8x/Kp73,0,1,0,False,ineligible: tags<2 i (branches<2 o substantive_commits<2 amb 0 commits revisats),classified,,
vlasil/eval_pi0_task1_1105_hard,1,1,0,False,ineligible: tags<2 i (branches<2 o substantive_commits<2 amb 0 commits revisats),classified,,
yyyzzzzyyy/train_original_sd3.5-l,0,1,0,False,ineligible: tags<2 i (branches<2 o substantive_commits<2 amb 0 commits revisats),classified,,
JoelMba/Donnees_internes_formations_5,0,1,0,False,ineligible: tags<2 i (branches<2 o substantive_commits<2 amb 0 commits revisats),classified,,
OnerAYTAS/Turkish_prompt_injection_jailbreak_dataset,0,1,0,False,ineligible: tags<2 i (branches<2 o substantive_commits<2 amb 0 commits revisats),classified,,
Quintus489/so101_grasp_focused_v2,0,1,0,False,ineligible: tags<2 i (branches<2 o substantive_commits<2 amb 0 commits revisats),classified,,
pavankenguva/pavan,0,1,0,False,ineligible: tags<2 i (branches<2 o substantive_commits<2 amb 0 commits revisats),classified,,
X2FD/LVIS-Instruct4V-LLaVA-Instruct-mix880k,0,1,0,False,ineligible: tags<2 i (branches<2 o substantive_commits<2 amb 0 commits revisats),classified,,
Chengxiang1122/mcl-mmcl-audiocaps,0,1,0,False,ineligible: tags<2 i (branches<2 o substantive_commits<2 amb 0 commits revisats),classified,,
ZackAXue/Repackage_diverse,0,1,0,False,ineligible: tags<2 i (branches<2 o substantive_commits<2 amb 0 commits revisats),classified,,
lllp11/easy-mem-lme-controlled-ingest-qwen3.5-9b,0,1,0,False,ineligible: tags<2 i (branches<2 o substantive_commits<2 amb 0 commits revisats),classified,,
mlfoundations-dev/oh_v1.2_opengpt_x.25,0,1,0,False,ineligible: tags<2 i (branches<2 o substantive_commits<2 amb 0 commits revisats),classified,,
anirudhb11/qwen3_4b_instruct_lcbv6_rsa_pop_64_k_4_steps_5_s_65_e_131,0,1,0,False,ineligible: tags<2 i (branches<2 o substantive_commits<2 amb 0 commits revisats),classified,,
dhj2026/5833_L,0,1,0,False,ineligible: tags<2 i (branches<2 o substantive_commits<2 amb 0 commits revisats),classified,,
Phoebe-cyt/GeneralProbe,0,1,0,False,ineligible: tags<2 i (branches<2 o substantive_commits<2 amb 0 commits revisats),classified,,
syokaa/human-windows,0,1,0,False,ineligible: tags<2 i (branches<2 o substantive_commits<2 amb 0 commits revisats),classified,,
AlbertoLG/midatasetpushed,0,1,0,False,ineligible: tags<2 i (branches<2 o substantive_commits<2 amb 0 commits revisats),classified,,
Ryann829/SconeEval,0,1,0,False,ineligible: tags<2 i (branches<2 o substantive_commits<2 amb 0 commits revisats),classified,,
wadzaw/test-embeddings,0,1,0,False,ineligible: tags<2 i (branches<2 o substantive_commits<2 amb 0 commits revisats),classified,,
Cagatayd/hh-rlhf-for-DPO,0,0,0,False,,access_restricted,access_restricted,"403 Client Error. (Request ID: Root=1-6ab80971-0c15b1344e7b02a12c7c32df;fabb0f1a-80e1-4133-a660-2d17dbdf1118)

Cannot ac"
wutaosenpai/so101_pick_orange_02_20260923_190356,1,1,0,False,ineligible: tags<2 i (branches<2 o substantive_commits<2 amb 0 commits revisats),classified,,
saadtaleb/Mars-Dust-Devil-Amazonis-Planitia,0,1,0,False,ineligible: tags<2 i (branches<2 o substantive_commits<2 amb 0 commits revisats),classified,,
GUI-Libra/GUI-Libra-81K-SFT,0,1,0,False,ineligible: tags<2 i (branches<2 o substantive_commits<2 amb 0 commits revisats),classified,,
terriblenightmare/Liliana,0,1,0,False,ineligible: tags<2 i (branches<2 o substantive_commits<2 amb 0 commits revisats),classified,,
TharunSivamani/sft_english,0,1,0,False,ineligible: tags<2 i (branches<2 o substantive_commits<2 amb 0 commits revisats),classified,,
Hudux/record-test_20260613_191047,1,1,0,False,ineligible: tags<2 i (branches<2 o substantive_commits<2 amb 0 commits revisats),classified,,
fish0705/eval_so101,1,1,0,False,ineligible: tags<2 i (branches<2 o substantive_commits<2 amb 0 commits revisats),classified,,
javadcc/record_grab_orio,1,1,0,False,ineligible: tags<2 i (branches<2 o substantive_commits<2 amb 0 commits revisats),classified,,
archivartaunik/kandrat-krapiva-brama-neumiruchastsi,0,1,0,False,ineligible: tags<2 i (branches<2 o substantive_commits<2 amb 0 commits revisats),classified,,
partex-nv/ct_mod_processed_data_batch_18_eval,0,1,0,False,ineligible: tags<2 i (branches<2 o substantive_commits<2 amb 0 commits revisats),classified,,
thpig411/gdpval,0,1,0,False,ineligible: tags<2 i (branches<2 o substantive_commits<2 amb 0 commits revisats),classified,,
DCAgent2/dev_set_v2_a1_r2egym_20260405_143101,0,1,0,False,ineligible: tags<2 i (branches<2 o substantive_commits<2 amb 0 commits revisats),classified,,
open-llm-leaderboard-old/details_01-ai__Yi-34B-200K,0,1,0,False,ineligible: tags<2 i (branches<2 o substantive_commits<2 amb 0 commits revisats),classified,,
extralit-dev/test_import_dataset_from_hub_with_classlabel_47311f8d-7721-4dc5-a74e-e4a43e48770f,0,1,0,False,ineligible: tags<2 i (branches<2 o substantive_commits<2 amb 0 commits revisats),classified,,
AJB01/github-issues-rev3,0,1,0,False,ineligible: tags<2 i (branches<2 o substantive_commits<2 amb 0 commits revisats),classified,,
CarlosCortes18/Chess_4_Players,0,1,0,False,ineligible: tags<2 i (branches<2 o substantive_commits<2 amb 0 commits revisats),classified,,
g1n0st/4daa1f39e24ad184ee3d35f923ee242e5262cb8f,0,1,0,False,ineligible: tags<2 i (branches<2 o substantive_commits<2 amb 0 commits revisats),classified,,
xwk123/Mobile3M,0,1,0,False,ineligible: tags<2 i (branches<2 o substantive_commits<2 amb 0 commits revisats),classified,,
electricsheepeurope/europe-owid-total-nitrogen-inputs-crops,0,1,0,False,ineligible: tags<2 i (branches<2 o substantive_commits<2 amb 0 commits revisats),classified,,
louiecerv/build_ml_huggingface_tutorial_dataset,0,1,0,False,ineligible: tags<2 i (branches<2 o substantive_commits<2 amb 0 commits revisats),classified,,
danbhf/test_pickup_record,1,1,0,False,ineligible: tags<2 i (branches<2 o substantive_commits<2 amb 0 commits revisats),classified,,
CHOI-510/eval_mozzi_large_red_test,1,1,0,False,ineligible: tags<2 i (branches<2 o substantive_commits<2 amb 0 commits revisats),classified,,
esclerofilo/i,0,1,0,False,ineligible: tags<2 i (branches<2 o substantive_commits<2 amb 0 commits revisats),classified,,
alea-institute/kl3m-filter-data-dotgov-www.cfa.gov,0,1,0,False,ineligible: tags<2 i (branches<2 o substantive_commits<2 amb 0 commits revisats),classified,,
introvoyz041/akhab,0,1,0,False,ineligible: tags<2 i (branches<2 o substantive_commits<2 amb 0 commits revisats),classified,,
Eugleo/us-congressional-speeches,0,1,0,False,ineligible: tags<2 i (branches<2 o substantive_commits<2 amb 0 commits revisats),classified,,
sanyacodes/cleaned_lot_test,0,1,0,False,ineligible: tags<2 i (branches<2 o substantive_commits<2 amb 0 commits revisats),classified,,
s-nlp/ru_paradetox_toxicity,0,1,0,False,ineligible: tags<2 i (branches<2 o substantive_commits<2 amb 0 commits revisats),classified,,
Paul/hatecheck-french,0,1,0,False,ineligible: tags<2 i (branches<2 o substantive_commits<2 amb 0 commits revisats),classified,,
solpret/porex,0,1,0,False,ineligible: tags<2 i (branches<2 o substantive_commits<2 amb 0 commits revisats),classified,,
Juna190825/flores,0,1,0,False,ineligible: tags<2 i (branches<2 o substantive_commits<2 amb 0 commits revisats),classified,,
electricsheepafrica/africa-uganda-cipi-december-2022-excel-tables-21cb2251,0,1,0,False,ineligible: tags<2 i (branches<2 o substantive_commits<2 amb 0 commits revisats),classified,,
supermen4ig/test3,0,1,0,False,ineligible: tags<2 i (branches<2 o substantive_commits<2 amb 0 commits revisats),classified,,
vinven7/FB15k237,0,1,0,False,ineligible: tags<2 i (branches<2 o substantive_commits<2 amb 0 commits revisats),classified,,
DCAgent2/swesmith,0,1,0,False,ineligible: tags<2 i (branches<2 o substantive_commits<2 amb 0 commits revisats),classified,,
freddyaboulton/dataset_json_5,0,1,0,False,ineligible: tags<2 i (branches<2 o substantive_commits<2 amb 0 commits revisats),classified,,
LXY520/C1AAA,0,1,0,False,ineligible: tags<2 i (branches<2 o substantive_commits<2 amb 0 commits revisats),classified,,
bluusun/mighty-media-corpus,0,1,0,False,ineligible: tags<2 i (branches<2 o substantive_commits<2 amb 0 commits revisats),classified,,
argilla-internal-testing/test_import_dataset_from_hub_with_classlabel_b65df5b9-e4eb-4cd6-a25b-770125b217ca,0,1,0,False,ineligible: tags<2 i (branches<2 o substantive_commits<2 amb 0 commits revisats),classified,,
coref-data/knowref_60k_indiscrim_parsed,0,1,0,False,ineligible: tags<2 i (branches<2 o substantive_commits<2 amb 0 commits revisats),classified,,
essobi/gsm8k_Q-06B_Base_R1,0,1,0,False,ineligible: tags<2 i (branches<2 o substantive_commits<2 amb 0 commits revisats),classified,,
jchun/so100_rm_unfold20250720_005319,1,1,0,False,ineligible: tags<2 i (branches<2 o substantive_commits<2 amb 0 commits revisats),classified,,
mlfoundations-dev/b2_math_difficulty_eval_636d,0,1,0,False,ineligible: tags<2 i (branches<2 o substantive_commits<2 amb 0 commits revisats),classified,,
Jekaterinaa/emoji-vae-dataset,0,1,0,False,ineligible: tags<2 i (branches<2 o substantive_commits<2 amb 0 commits revisats),classified,,
marshfalex/fda-device-rag-corpus,0,1,0,False,ineligible: tags<2 i (branches<2 o substantive_commits<2 amb 0 commits revisats),classified,,
CharanSaiVaddi/gsm8k-activations-and-outputs-pretrained-gemma-2b-it,0,1,0,False,ineligible: tags<2 i (branches<2 o substantive_commits<2 amb 0 commits revisats),classified,,
plaguss/test_math_shepherd_prm_generator_structured,0,1,0,False,ineligible: tags<2 i (branches<2 o substantive_commits<2 amb 0 commits revisats),classified,,
AdoCleanCode/clean_dirty_dac_test_complex_FINAL_downsampled,0,0,0,False,,access_restricted,access_restricted,"403 Client Error. (Request ID: Root=1-6ab80972-06d7cb3069fb056965d7f8e8;8b1cfa24-e472-405b-8579-44abd3a253bc)

Cannot ac"
datasets-CNRS/25_ans_association_Vecam,0,1,0,False,ineligible: tags<2 i (branches<2 o substantive_commits<2 amb 0 commits revisats),classified,,
zjhhhh/iter2_fullcheck_multi_scores_base_44,0,1,0,False,ineligible: tags<2 i (branches<2 o substantive_commits<2 amb 0 commits revisats),classified,,
daaxila/xdownloader.com__125d2-part1,0,1,0,False,ineligible: tags<2 i (branches<2 o substantive_commits<2 amb 0 commits revisats),classified,,
Zaanthai/balochi-dictionary,0,1,0,False,ineligible: tags<2 i (branches<2 o substantive_commits<2 amb 0 commits revisats),classified,,
PJMixers-Dev/Weyaxi_HelpSteer-filtered-gemini-2.0-flash-thinking-exp-1219-CustomShareGPT,0,1,0,False,ineligible: tags<2 i (branches<2 o substantive_commits<2 amb 0 commits revisats),classified,,
soltustiks/cyclegan-urban-vangogh,0,1,0,False,ineligible: tags<2 i (branches<2 o substantive_commits<2 amb 0 commits revisats),classified,,
EricChen06/red_clean_04,0,1,0,False,ineligible: tags<2 i (branches<2 o substantive_commits<2 amb 0 commits revisats),classified,,
EvseyKI/shikimori-clean-v1,0,1,0,False,ineligible: tags<2 i (branches<2 o substantive_commits<2 amb 0 commits revisats),classified,,
waisunyee1/buE20t2a,0,1,0,False,ineligible: tags<2 i (branches<2 o substantive_commits<2 amb 0 commits revisats),classified,,
Silicon23/ioai2025-onsite-concepts-test,0,1,0,False,ineligible: tags<2 i (branches<2 o substantive_commits<2 amb 0 commits revisats),classified,,
vwxyzjn/openhermes-dev__combined__1708359238,0,1,0,False,ineligible: tags<2 i (branches<2 o substantive_commits<2 amb 0 commits revisats),classified,,
chaiting/pk-4203-L2,0,0,0,False,,access_restricted,access_restricted,"403 Client Error. (Request ID: Root=1-6ab80973-0e8189261f7c878e0dd4b902;75800408-b38e-4d72-b5ec-a971760d93eb)

Cannot ac"
KMH158/t1ce_177,0,1,0,False,ineligible: tags<2 i (branches<2 o substantive_commits<2 amb 0 commits revisats),classified,,
outragest/tennis-momentum-pbp,0,1,0,False,ineligible: tags<2 i (branches<2 o substantive_commits<2 amb 0 commits revisats),classified,,
nik658/ur10e_pi0_17julyyyy,1,1,0,False,ineligible: tags<2 i (branches<2 o substantive_commits<2 amb 0 commits revisats),classified,,
scidata-hub/ontology-uberon,0,1,0,False,ineligible: tags<2 i (branches<2 o substantive_commits<2 amb 0 commits revisats),classified,,
tttx/dummy_collated_dataset_2,0,1,0,False,ineligible: tags<2 i (branches<2 o substantive_commits<2 amb 0 commits revisats),classified,,
DexSteer/isaaclab-ur7e-water-pour-scripted,1,1,0,False,ineligible: tags<2 i (branches<2 o substantive_commits<2 amb 0 commits revisats),classified,,
eaglewatch/sbucaptions,0,1,0,False,ineligible: tags<2 i (branches<2 o substantive_commits<2 amb 0 commits revisats),classified,,
soureshc/face-id-plus,0,1,0,False,ineligible: tags<2 i (branches<2 o substantive_commits<2 amb 0 commits revisats),classified,,
faridganbarli/wire_harness_expert_sac,0,1,0,False,ineligible: tags<2 i (branches<2 o substantive_commits<2 amb 0 commits revisats),classified,,
marcomaccarini/3_ral,0,1,0,False,ineligible: tags<2 i (branches<2 o substantive_commits<2 amb 0 commits revisats),classified,,
VIOLETGANTENG/violetganteng-robot-voice-response-dataset,0,1,0,False,ineligible: tags<2 i (branches<2 o substantive_commits<2 amb 0 commits revisats),classified,,
andrewsiah/PersonaPromptPersonalLLM_796,0,1,0,False,ineligible: tags<2 i (branches<2 o substantive_commits<2 amb 0 commits revisats),classified,,
MidZid/video_retrieval_data,0,1,0,False,ineligible: tags<2 i (branches<2 o substantive_commits<2 amb 0 commits revisats),classified,,
SelfCorrect/basefakepedia,0,1,0,False,ineligible: tags<2 i (branches<2 o substantive_commits<2 amb 0 commits revisats),classified,,
charlin55/Genshin_Irminsul_Dataset,0,1,0,False,ineligible: tags<2 i (branches<2 o substantive_commits<2 amb 0 commits revisats),classified,,
VoicAndrei/so100_rebel_complete,0,1,0,False,ineligible: tags<2 i (branches<2 o substantive_commits<2 amb 0 commits revisats),classified,,
proshian/dgl_wheels,0,1,0,False,ineligible: tags<2 i (branches<2 o substantive_commits<2 amb 0 commits revisats),classified,,
thomas-yanxin/where2place-mirror,0,1,0,False,ineligible: tags<2 i (branches<2 o substantive_commits<2 amb 0 commits revisats),classified,,
FrankXu9726/rdt-droid-embeddings,0,1,0,False,ineligible: tags<2 i (branches<2 o substantive_commits<2 amb 0 commits revisats),classified,,
manuellagomes01/xCS6X1NP,0,1,0,False,ineligible: tags<2 i (branches<2 o substantive_commits<2 amb 0 commits revisats),classified,,
french-open-data/historique-regional-sur-la-collecte-mensuelle-des-grandes-cultures-et-oleo-proteagineux-bio-depu,0,1,0,False,ineligible: tags<2 i (branches<2 o substantive_commits<2 amb 0 commits revisats),classified,,
Baptiste-le-Beaudry/lerobot-dataset1751901009,1,1,0,False,ineligible: tags<2 i (branches<2 o substantive_commits<2 amb 0 commits revisats),classified,,
french-open-data/actes-des-organes-deliberants-ville-dangers-dangers-loire-metropole,0,1,0,False,ineligible: tags<2 i (branches<2 o substantive_commits<2 amb 0 commits revisats),classified,,
VIOLETGANTENG/nomityFFGH66,0,1,0,False,ineligible: tags<2 i (branches<2 o substantive_commits<2 amb 0 commits revisats),classified,,
lingamvamshikrishnareddy/ramanv-image-medical-8,0,0,0,False,,access_restricted,access_restricted,"403 Client Error. (Request ID: Root=1-6ab80974-3a9d889f6fbe90673cf03601;aa89019c-e7f8-40bb-bda9-55bec9e86745)

Cannot ac"
TheFactoryX/edition_0871_lavita-medical-qa-shared-task-v1-toy-readymade,0,1,0,False,ineligible: tags<2 i (branches<2 o substantive_commits<2 amb 0 commits revisats),classified,,
ahmetozcan/codedocia25,0,1,0,False,ineligible: tags<2 i (branches<2 o substantive_commits<2 amb 0 commits revisats),classified,,
jihuny/llama_uf_10k_sky_active_gopt_g_optimal,0,1,0,False,ineligible: tags<2 i (branches<2 o substantive_commits<2 amb 0 commits revisats),classified,,
andlyu/olali_sim_board_0_train,0,1,0,False,ineligible: tags<2 i (branches<2 o substantive_commits<2 amb 0 commits revisats),classified,,
nkirui760/osworld_tasks_files,0,1,0,False,ineligible: tags<2 i (branches<2 o substantive_commits<2 amb 0 commits revisats),classified,,
seriintan/medical_tool_Blade_Handle,1,1,0,False,ineligible: tags<2 i (branches<2 o substantive_commits<2 amb 0 commits revisats),classified,,
feedbackagent/baseprompt,0,1,0,False,ineligible: tags<2 i (branches<2 o substantive_commits<2 amb 0 commits revisats),classified,,
Edd16/icml2026-vZZUCDcjSx-repro-traces,0,1,0,False,ineligible: tags<2 i (branches<2 o substantive_commits<2 amb 0 commits revisats),classified,,
FishingROV/scallop_mosaic_640_quantization_sample,0,1,0,False,ineligible: tags<2 i (branches<2 o substantive_commits<2 amb 0 commits revisats),classified,,
DCAgent3/swebench_verified_a3_rl_laion_nemotron_gym_math_advanced_calculations_v3_60_8B_d5d35f14,0,1,0,False,ineligible: tags<2 i (branches<2 o substantive_commits<2 amb 0 commits revisats),classified,,
ChaosAIVision/brandname_training,0,0,0,False,,access_restricted,access_restricted,"403 Client Error. (Request ID: Root=1-6ab80974-47108bcc4bd089fb28a63e0c;b7cf6d9a-47a3-4d61-a188-5561ec76099b)

Cannot ac"
connections-dev/subset_res_gptoss20b_original_1_reason_medium_0.7_16384_gpt-5,0,1,0,False,ineligible: tags<2 i (branches<2 o substantive_commits<2 amb 0 commits revisats),classified,,
jayshah5696/humanize-rl-tasks,0,1,0,False,ineligible: tags<2 i (branches<2 o substantive_commits<2 amb 0 commits revisats),classified,,
Sbzc/DeepSeekChatBot,0,1,0,False,ineligible: tags<2 i (branches<2 o substantive_commits<2 amb 0 commits revisats),classified,,
electricsheepasia/asia-owid-annual-percentage-change-coal,0,1,0,False,ineligible: tags<2 i (branches<2 o substantive_commits<2 amb 0 commits revisats),classified,,
zisan23/lora_config_4B,0,1,0,False,ineligible: tags<2 i (branches<2 o substantive_commits<2 amb 0 commits revisats),classified,,
marin-dna/zoonomia-rag-v1-v1,0,1,0,False,ineligible: tags<2 i (branches<2 o substantive_commits<2 amb 0 commits revisats),classified,,
SnehaPriyaaMP/RandD-Sample-Data-New,0,1,0,False,ineligible: tags<2 i (branches<2 o substantive_commits<2 amb 0 commits revisats),classified,,
ted88168/rollout_debug_20260505_224658,1,1,0,False,ineligible: tags<2 i (branches<2 o substantive_commits<2 amb 0 commits revisats),classified,,
zixianma/mnms,0,1,0,False,ineligible: tags<2 i (branches<2 o substantive_commits<2 amb 0 commits revisats),classified,,
DCAgent3/terminal_bench_2_rl__24GPU_base_excl_timeouts__exp_rpt_pymethods2test_large__GLa3000467,0,1,0,False,ineligible: tags<2 i (branches<2 o substantive_commits<2 amb 0 commits revisats),classified,,
psyonp/SocialHarmBench,0,1,0,False,ineligible: tags<2 i (branches<2 o substantive_commits<2 amb 0 commits revisats),classified,,
Shio-Koube/cached-vq,0,1,0,False,ineligible: tags<2 i (branches<2 o substantive_commits<2 amb 0 commits revisats),classified,,
Nanase1234/scannet-intention-10k,0,1,0,False,ineligible: tags<2 i (branches<2 o substantive_commits<2 amb 0 commits revisats),classified,,
james-wedgwood/WildChat-Annotation-Pool,0,1,0,False,ineligible: tags<2 i (branches<2 o substantive_commits<2 amb 0 commits revisats),classified,,
Bhavya1208/mkl,0,1,0,False,ineligible: tags<2 i (branches<2 o substantive_commits<2 amb 0 commits revisats),classified,,
yuxuanw8/ultrafeedback_sft-test_gen_lm-yuxuanw8-qwen25-1.5b_ultrafeedback_chipo_lr1e-4_42_50_512,0,1,0,False,ineligible: tags<2 i (branches<2 o substantive_commits<2 amb 0 commits revisats),classified,,
zzzmmsss/food101,0,1,0,False,ineligible: tags<2 i (branches<2 o substantive_commits<2 amb 0 commits revisats),classified,,
knightnemo/furniturebench_lamp_delta,0,1,0,False,ineligible: tags<2 i (branches<2 o substantive_commits<2 amb 0 commits revisats),classified,,
cchoi1/humaneval_qwen7b_sol_best_of_200_relabeled_dpo_2000,0,1,0,False,ineligible: tags<2 i (branches<2 o substantive_commits<2 amb 0 commits revisats),classified,,
ADSF2F2/ADSSSF59159,0,1,0,False,ineligible: tags<2 i (branches<2 o substantive_commits<2 amb 0 commits revisats),classified,,
Vinnyyw/Belindavoice,0,1,0,False,ineligible: tags<2 i (branches<2 o substantive_commits<2 amb 0 commits revisats),classified,,
open-llm-leaderboard-old/details_Lvxy1117__amber_fine_tune_sgall,0,1,0,False,ineligible: tags<2 i (branches<2 o substantive_commits<2 amb 0 commits revisats),classified,,
HighCWu/MultiGen-10K_depth,0,1,0,False,ineligible: tags<2 i (branches<2 o substantive_commits<2 amb 0 commits revisats),classified,,
Luckyman96/216,0,1,0,False,ineligible: tags<2 i (branches<2 o substantive_commits<2 amb 0 commits revisats),classified,,
Binaryy/crime_posts_reddit,0,1,0,False,ineligible: tags<2 i (branches<2 o substantive_commits<2 amb 0 commits revisats),classified,,
arunavabasu-03/iplApi,0,1,0,False,ineligible: tags<2 i (branches<2 o substantive_commits<2 amb 0 commits revisats),classified,,
eunbinni/ola_polyglot_1.3B_t2_data,0,1,0,False,ineligible: tags<2 i (branches<2 o substantive_commits<2 amb 0 commits revisats),classified,,
Juckles19/chain-decoupe-dataset,0,1,0,False,ineligible: tags<2 i (branches<2 o substantive_commits<2 amb 0 commits revisats),classified,,
premrajmsc/finetuning_demo,0,1,0,False,ineligible: tags<2 i (branches<2 o substantive_commits<2 amb 0 commits revisats),classified,,
Frossi16/architecture-dataset,0,1,0,False,ineligible: tags<2 i (branches<2 o substantive_commits<2 amb 0 commits revisats),classified,,
Rossil/realnewslike_with_title,0,1,0,False,ineligible: tags<2 i (branches<2 o substantive_commits<2 amb 0 commits revisats),classified,,
Yukinonooo/animation-data,0,1,0,False,ineligible: tags<2 i (branches<2 o substantive_commits<2 amb 0 commits revisats),classified,,
referencesource/tsca-section-6-chemical-risk-management-status,0,1,0,False,ineligible: tags<2 i (branches<2 o substantive_commits<2 amb 0 commits revisats),classified,,
sergiov2000/test_yellow_50_episodes,1,1,0,False,ineligible: tags<2 i (branches<2 o substantive_commits<2 amb 0 commits revisats),classified,,
timyangyazhou/ubuntu_irc_kummerfeld_ft_20_window_last_5_pseudo,0,1,0,False,ineligible: tags<2 i (branches<2 o substantive_commits<2 amb 0 commits revisats),classified,,
yztian/IIMT30k,0,0,0,False,,access_restricted,access_restricted,"403 Client Error. (Request ID: Root=1-6ab80975-1c9349bd208845ee36fd23df;3e582b36-b345-49b0-af95-e6b1df74342c)

Cannot ac"
yacahu/train_model,0,0,0,False,,access_restricted,access_restricted,"403 Client Error. (Request ID: Root=1-6ab80975-36a0f5606930152c6a973def;2e5477d0-4b71-4bcb-8dc1-4d67e937328f)

Cannot ac"
adarksky/WMT12-UN-es-en,0,1,0,False,ineligible: tags<2 i (branches<2 o substantive_commits<2 amb 0 commits revisats),classified,,
heegyu/alpaca_eval_ko,0,1,0,False,ineligible: tags<2 i (branches<2 o substantive_commits<2 amb 0 commits revisats),classified,,
damerajee/OpenO1-SFT-MATH,0,1,0,False,ineligible: tags<2 i (branches<2 o substantive_commits<2 amb 0 commits revisats),classified,,
ChartGalaxyPP/ChartGalaxyPlusPlus,0,1,0,False,ineligible: tags<2 i (branches<2 o substantive_commits<2 amb 0 commits revisats),classified,,
benali-ai-24/drugbank-recommender-data,0,1,0,False,ineligible: tags<2 i (branches<2 o substantive_commits<2 amb 0 commits revisats),classified,,
DCAgent2/DCAgent_dev_set_v2_DCAgent_nl2bashGPT5CodexPassed-nl2bash-bugsseq_Qwen3-8B-maxEdd6542b6,0,1,0,False,ineligible: tags<2 i (branches<2 o substantive_commits<2 amb 0 commits revisats),classified,,
humanify/vctk,0,1,0,False,ineligible: tags<2 i (branches<2 o substantive_commits<2 amb 0 commits revisats),classified,,
denocris/pi-mar-11,0,1,0,False,ineligible: tags<2 i (branches<2 o substantive_commits<2 amb 0 commits revisats),classified,,
wukongkaka/2w7Qj4Pm,0,1,0,False,ineligible: tags<2 i (branches<2 o substantive_commits<2 amb 0 commits revisats),classified,,
lifelonglab/continual-energy-plants-anomaly-detection,0,1,0,False,ineligible: tags<2 i (branches<2 o substantive_commits<2 amb 0 commits revisats),classified,,
pedronettotrue/legal-nlp-benchmark-br,0,1,0,False,ineligible: tags<2 i (branches<2 o substantive_commits<2 amb 0 commits revisats),classified,,
Rahvusarhiiv/et_handwriting_complete,0,1,0,False,ineligible: tags<2 i (branches<2 o substantive_commits<2 amb 0 commits revisats),classified,,
taqbaylit/kabyle-english-TM,0,1,0,False,ineligible: tags<2 i (branches<2 o substantive_commits<2 amb 0 commits revisats),classified,,
fwegeg/WFFW17312,0,1,0,False,ineligible: tags<2 i (branches<2 o substantive_commits<2 amb 0 commits revisats),classified,,
nehger/negrf,0,1,0,False,ineligible: tags<2 i (branches<2 o substantive_commits<2 amb 0 commits revisats),classified,,
rajeshs26/bank_customer_churn.csv,0,1,0,False,ineligible: tags<2 i (branches<2 o substantive_commits<2 amb 0 commits revisats),classified,,
mirzasyhm/checkpoint_jawi,0,1,0,False,ineligible: tags<2 i (branches<2 o substantive_commits<2 amb 0 commits revisats),classified,,
lys0304/MMMU-images,0,1,0,False,ineligible: tags<2 i (branches<2 o substantive_commits<2 amb 0 commits revisats),classified,,
nickfuryavg/mls_eng_chunk_3300000_to_3350000,0,1,0,False,ineligible: tags<2 i (branches<2 o substantive_commits<2 amb 0 commits revisats),classified,,
TAUR-dev/D-EVAL__standard_eval_v3__FinEval_16k_fulleval_Q7B3arg-ours-SFT-eval_sft,0,1,0,False,ineligible: tags<2 i (branches<2 o substantive_commits<2 amb 0 commits revisats),classified,,
ADWF32/28024,0,1,0,False,ineligible: tags<2 i (branches<2 o substantive_commits<2 amb 0 commits revisats),classified,,
pittawat/medqa_20_long_results_v2,0,1,0,False,ineligible: tags<2 i (branches<2 o substantive_commits<2 amb 0 commits revisats),classified,,
electricsheepafrica/africa-world-bank-education-indicators-for-burundi,0,1,0,False,ineligible: tags<2 i (branches<2 o substantive_commits<2 amb 0 commits revisats),classified,,
AgentAlphaAGI/Paper-Review-R1,0,1,0,False,ineligible: tags<2 i (branches<2 o substantive_commits<2 amb 0 commits revisats),classified,,
irulariv/fgfg,0,1,0,False,ineligible: tags<2 i (branches<2 o substantive_commits<2 amb 0 commits revisats),classified,,
denis11ibra/o2jyxkDj,0,1,0,False,ineligible: tags<2 i (branches<2 o substantive_commits<2 amb 0 commits revisats),classified,,
Slava32/nextjs-dev-dataset,0,1,0,False,ineligible: tags<2 i (branches<2 o substantive_commits<2 amb 0 commits revisats),classified,,
DavidBShan/asb-verl-v44_q08b_colo,0,1,0,False,ineligible: tags<2 i (branches<2 o substantive_commits<2 amb 0 commits revisats),classified,,
33dre/eval_mypolicy7,1,1,0,False,ineligible: tags<2 i (branches<2 o substantive_commits<2 amb 0 commits revisats),classified,,
hermanprawiro/task2_fixpos_v1,0,0,0,False,,access_restricted,access_restricted,"403 Client Error. (Request ID: Root=1-6ab80976-1c8f944f7f9b813f4f39bb6a;cfd2f03d-1a44-43a3-aecd-83ad59e9aa57)

Cannot ac"
sjleslie/random_prevalence_7_bins_long_75,0,1,0,False,ineligible: tags<2 i (branches<2 o substantive_commits<2 amb 0 commits revisats),classified,,
fereen/sarfact-rescue-rent1-20260922-d0b415dedc21feded097,0,1,0,False,ineligible: tags<2 i (branches<2 o substantive_commits<2 amb 0 commits revisats),classified,,
BrachioLab/cholec,0,1,0,False,ineligible: tags<2 i (branches<2 o substantive_commits<2 amb 0 commits revisats),classified,,
TAUR-dev/9_8_25__gsm8k__sft_data_multiprompts_reflections,0,1,0,False,ineligible: tags<2 i (branches<2 o substantive_commits<2 amb 0 commits revisats),classified,,
lianghsun/tw-processed-related-law-article-summary,0,0,0,False,,access_restricted,access_restricted,"403 Client Error. (Request ID: Root=1-6ab80976-19a1102b7cd5c7c23e159f21;4bd3c546-bfc2-4302-b4b8-8763350faf8f)

Cannot ac"
PDAgent/Transfer,0,1,0,False,ineligible: tags<2 i (branches<2 o substantive_commits<2 amb 0 commits revisats),classified,,
outlier9322/nbest-tat-hallu-ph,0,1,0,False,ineligible: tags<2 i (branches<2 o substantive_commits<2 amb 0 commits revisats),classified,,
ns69956/ur5e_scanner2,1,1,0,False,ineligible: tags<2 i (branches<2 o substantive_commits<2 amb 0 commits revisats),classified,,
gustavst2/dataset,0,1,0,False,ineligible: tags<2 i (branches<2 o substantive_commits<2 amb 0 commits revisats),classified,,
gustproof/danbooru-artists-10k,0,1,0,False,ineligible: tags<2 i (branches<2 o substantive_commits<2 amb 0 commits revisats),classified,,
Yaelcode/cloudyaelxxx,0,1,0,False,ineligible: tags<2 i (branches<2 o substantive_commits<2 amb 0 commits revisats),classified,,
marin-dna/genomes-v4-genome_set-humans-intervals-v1_254_127-id0.3_cov0.3,0,1,0,False,ineligible: tags<2 i (branches<2 o substantive_commits<2 amb 0 commits revisats),classified,,
Recag/Rp_CommonC_667_2,0,1,0,False,ineligible: tags<2 i (branches<2 o substantive_commits<2 amb 0 commits revisats),classified,,
DCAgent2/swebench_verified_random_100_folders_a1_stack_dockerfile_20260406_035309-traces,0,1,0,False,ineligible: tags<2 i (branches<2 o substantive_commits<2 amb 0 commits revisats),classified,,
octava/indonesian-voice-transcription-1.4.9a-r,0,1,0,False,ineligible: tags<2 i (branches<2 o substantive_commits<2 amb 0 commits revisats),classified,,
kamals1999/Overleaf_Final,0,1,0,False,ineligible: tags<2 i (branches<2 o substantive_commits<2 amb 0 commits revisats),classified,,
sreetz-nv/eval_groot-vials_rackleft_real_fix_processor_0114_bs32_ah8,1,1,0,False,ineligible: tags<2 i (branches<2 o substantive_commits<2 amb 0 commits revisats),classified,,
Recag/Rp_C4_94,0,1,0,False,ineligible: tags<2 i (branches<2 o substantive_commits<2 amb 0 commits revisats),classified,,
TBPhong/general,0,1,0,False,ineligible: tags<2 i (branches<2 o substantive_commits<2 amb 0 commits revisats),classified,,
Menoviar28/menov178,0,1,0,False,ineligible: tags<2 i (branches<2 o substantive_commits<2 amb 0 commits revisats),classified,,
sergiov2000/eval_wm_act_no,1,1,0,False,ineligible: tags<2 i (branches<2 o substantive_commits<2 amb 0 commits revisats),classified,,
giovannidemuri/mopsa-set-16092026-narrow-live-code-bench-retry1,0,1,0,False,ineligible: tags<2 i (branches<2 o substantive_commits<2 amb 0 commits revisats),classified,,
1ys1/areumii-real-pickplace-v2_20260905_174537,1,1,0,False,ineligible: tags<2 i (branches<2 o substantive_commits<2 amb 0 commits revisats),classified,,
dasfdgdag/wfwgwg,0,1,0,False,ineligible: tags<2 i (branches<2 o substantive_commits<2 amb 0 commits revisats),classified,,
mfirth/sr-data,0,1,0,False,ineligible: tags<2 i (branches<2 o substantive_commits<2 amb 0 commits revisats),classified,,
beldua/uiyiuyu,0,1,0,False,ineligible: tags<2 i (branches<2 o substantive_commits<2 amb 0 commits revisats),classified,,
ebeaulac/siriccam-sq-400px-16frag-3-25-train-pairs,0,1,0,False,ineligible: tags<2 i (branches<2 o substantive_commits<2 amb 0 commits revisats),classified,,
psjadf/commonsense_qa,0,1,0,False,ineligible: tags<2 i (branches<2 o substantive_commits<2 amb 0 commits revisats),classified,,
french-datasets/JulesGo_french_literary_quality_v2,0,1,0,False,ineligible: tags<2 i (branches<2 o substantive_commits<2 amb 0 commits revisats),classified,,
piekenius123/Amaze,0,1,0,False,ineligible: tags<2 i (branches<2 o substantive_commits<2 amb 0 commits revisats),classified,,
Chibaa/0729_2_20260729_165008,1,1,0,False,ineligible: tags<2 i (branches<2 o substantive_commits<2 amb 0 commits revisats),classified,,
test-gen/code_humaneval_qwen2.5-3b_t0.1_n8_tests_humaneval_sft-3b_t0.0_n1,0,1,0,False,ineligible: tags<2 i (branches<2 o substantive_commits<2 amb 0 commits revisats),classified,,
mojimoji61/canonical-h2o,0,0,0,False,,access_restricted,access_restricted,"403 Client Error. (Request ID: Root=1-6ab80978-2ccc5d9560b511746840c4db;dfc66f36-00d8-4d14-a995-ca7e725c0544)

Cannot ac"
Yariz/Kodre6139aj,0,1,0,False,ineligible: tags<2 i (branches<2 o substantive_commits<2 amb 0 commits revisats),classified,,
shoaibrza9999/esp32-autoclicker-firmware,0,1,0,False,ineligible: tags<2 i (branches<2 o substantive_commits<2 amb 0 commits revisats),classified,,
proxectonos/Finetuning-MT,0,1,0,False,ineligible: tags<2 i (branches<2 o substantive_commits<2 amb 0 commits revisats),classified,,
ehsanwholesaler87/erthjm,0,1,0,False,ineligible: tags<2 i (branches<2 o substantive_commits<2 amb 0 commits revisats),classified,,
vwxyzjn/cai-conversation-dev1705620998,0,1,0,False,ineligible: tags<2 i (branches<2 o substantive_commits<2 amb 0 commits revisats),classified,,
karcy1304/eval_test_1,1,1,0,False,ineligible: tags<2 i (branches<2 o substantive_commits<2 amb 0 commits revisats),classified,,
wentacc/lerobot_metaworld_reach_v3,2,1,1,False,ineligible: tags<2 i (branches<2 o substantive_commits<2 amb 4 commits revisats),classified,,
jmichaelov/inverse_scaling_prize-memo_trap,0,1,0,False,ineligible: tags<2 i (branches<2 o substantive_commits<2 amb 0 commits revisats),classified,,
Lettria/HealthArticles,0,1,0,False,ineligible: tags<2 i (branches<2 o substantive_commits<2 amb 0 commits revisats),classified,,
ZappY-AI/MASHQA-JSON,0,1,0,False,ineligible: tags<2 i (branches<2 o substantive_commits<2 amb 0 commits revisats),classified,,
wisewizer/sample-dataset,0,1,0,False,ineligible: tags<2 i (branches<2 o substantive_commits<2 amb 0 commits revisats),classified,,
CCompote/Juliet_LLVM,0,1,0,False,ineligible: tags<2 i (branches<2 o substantive_commits<2 amb 0 commits revisats),classified,,
QianGroup/willie-benchmark,0,1,0,False,ineligible: tags<2 i (branches<2 o substantive_commits<2 amb 0 commits revisats),classified,,
qku7d0/avvwe3,0,1,0,False,ineligible: tags<2 i (branches<2 o substantive_commits<2 amb 0 commits revisats),classified,,
tttx/3k-unsolved-priority-022525-step3-collated,0,1,0,False,ineligible: tags<2 i (branches<2 o substantive_commits<2 amb 0 commits revisats),classified,,
average-developer/stocks-3MINDIA-1D-candles,0,1,0,False,ineligible: tags<2 i (branches<2 o substantive_commits<2 amb 0 commits revisats),classified,,
ghhfb5/7rqm4osG,0,1,0,False,ineligible: tags<2 i (branches<2 o substantive_commits<2 amb 0 commits revisats),classified,,
ayushayush591/training_data_translated_split,0,1,0,False,ineligible: tags<2 i (branches<2 o substantive_commits<2 amb 0 commits revisats),classified,,
MikeGreen2710/10_5_resolved_desc_id_with_emb,0,1,0,False,ineligible: tags<2 i (branches<2 o substantive_commits<2 amb 0 commits revisats),classified,,
PlanTL-GOB-ES/cantemist-ner,0,1,0,False,ineligible: tags<2 i (branches<2 o substantive_commits<2 amb 0 commits revisats),classified,,
Hemgg/dataset_receipt,0,1,0,False,ineligible: tags<2 i (branches<2 o substantive_commits<2 amb 0 commits revisats),classified,,
thanhtungd/htyuyt,0,1,0,False,ineligible: tags<2 i (branches<2 o substantive_commits<2 amb 0 commits revisats),classified,,
yumagroup/dataset-2025-01-08,0,1,0,False,ineligible: tags<2 i (branches<2 o substantive_commits<2 amb 0 commits revisats),classified,,
Neeravpawar/signlanguage,0,1,0,False,ineligible: tags<2 i (branches<2 o substantive_commits<2 amb 0 commits revisats),classified,,
jeqcho/qwen-2.5-72b-instruct-phoenix-numbers-raw-run-4,0,1,0,False,ineligible: tags<2 i (branches<2 o substantive_commits<2 amb 0 commits revisats),classified,,
suolyer/copywriting,0,1,0,False,ineligible: tags<2 i (branches<2 o substantive_commits<2 amb 0 commits revisats),classified,,
Aadityansha/Vedika_V1,0,1,0,False,ineligible: tags<2 i (branches<2 o substantive_commits<2 amb 0 commits revisats),classified,,
reasoning-proj/exp_rob_dfiltered_science_QwQ-32B_mneutral_add_random_text_t10,0,1,0,False,ineligible: tags<2 i (branches<2 o substantive_commits<2 amb 0 commits revisats),classified,,
AnujVertex/w2v-bert-2.0-nepali,0,1,0,False,ineligible: tags<2 i (branches<2 o substantive_commits<2 amb 0 commits revisats),classified,,
starkosae/mazzumagpt-instruct,0,1,0,False,ineligible: tags<2 i (branches<2 o substantive_commits<2 amb 0 commits revisats),classified,,
risashinoda/egg_yolo,0,0,0,False,,access_restricted,access_restricted,"403 Client Error. (Request ID: Root=1-6ab80979-1921149c2aae32ce0c621498;fd75fa2f-4314-4132-b6b8-8227b40751bf)

Cannot ac"
1E12QDAS/086,0,1,0,False,ineligible: tags<2 i (branches<2 o substantive_commits<2 amb 0 commits revisats),classified,,
HungVu2003/opt-350m_beta_1.0_alpha_0.2_num-company_3_dataset_0_for_gen_1_v2,0,1,0,False,ineligible: tags<2 i (branches<2 o substantive_commits<2 amb 0 commits revisats),classified,,
juliMart/adidas-assets,0,1,0,False,ineligible: tags<2 i (branches<2 o substantive_commits<2 amb 0 commits revisats),classified,,
open-llm-leaderboard-old/details_Inv__Konstanta-Gamma-V2-9B,0,1,0,False,ineligible: tags<2 i (branches<2 o substantive_commits<2 amb 0 commits revisats),classified,,
thinkingApps/thinkingbox_tts_numbers_optimized,0,1,0,False,ineligible: tags<2 i (branches<2 o substantive_commits<2 amb 0 commits revisats),classified,,
french-open-data/parcelles-agricoles-du-registre-parcellaire-graphique-rpg-millesime-2023-pac-agri,0,1,0,False,ineligible: tags<2 i (branches<2 o substantive_commits<2 amb 0 commits revisats),classified,,
reasoning-proj/c_dfiltered_Phi-4-reasoning-plus_2_mbenign_complete_step_t70,0,1,0,False,ineligible: tags<2 i (branches<2 o substantive_commits<2 amb 0 commits revisats),classified,,
Umbrelvox9/Wryphend,0,1,0,False,ineligible: tags<2 i (branches<2 o substantive_commits<2 amb 0 commits revisats),classified,,
DorothyDansereau/RoseElijah,0,1,0,False,ineligible: tags<2 i (branches<2 o substantive_commits<2 amb 0 commits revisats),classified,,
shylee/eval_StaticB1_OpenLoop,1,1,0,False,ineligible: tags<2 i (branches<2 o substantive_commits<2 amb 0 commits revisats),classified,,
TheFactoryX/edition_0813_google-research-datasets-mbpp-readymade,0,1,0,False,ineligible: tags<2 i (branches<2 o substantive_commits<2 amb 0 commits revisats),classified,,
TTTXXX01/rlvr_logic__zebra_puzzle_1.3k,0,1,0,False,ineligible: tags<2 i (branches<2 o substantive_commits<2 amb 0 commits revisats),classified,,
ai-conferences/NAACL2024,0,1,0,False,ineligible: tags<2 i (branches<2 o substantive_commits<2 amb 0 commits revisats),classified,,
cuongtran36638/cuongtran36638,0,1,0,False,ineligible: tags<2 i (branches<2 o substantive_commits<2 amb 0 commits revisats),classified,,
electricsheepafrica/africa-chad-chad-rainfall-indicators-at-subnational-level-5010df16,0,1,0,False,ineligible: tags<2 i (branches<2 o substantive_commits<2 amb 0 commits revisats),classified,,
paolordls/crosslg-contaminated-benchmark-en-sm-2,0,1,0,False,ineligible: tags<2 i (branches<2 o substantive_commits<2 amb 0 commits revisats),classified,,
benjxs/alishaweit-dataset,0,1,0,False,ineligible: tags<2 i (branches<2 o substantive_commits<2 amb 0 commits revisats),classified,,
RobertoSonic/dataset-5-zurita,0,1,0,False,ineligible: tags<2 i (branches<2 o substantive_commits<2 amb 0 commits revisats),classified,,
vgel/INTELLECT-2-RL-Dataset-Code-Only,0,1,0,False,ineligible: tags<2 i (branches<2 o substantive_commits<2 amb 0 commits revisats),classified,,
utkarshhh17/indian_food_images,0,1,0,False,ineligible: tags<2 i (branches<2 o substantive_commits<2 amb 0 commits revisats),classified,,
hungnguyen190204/goat-dataset,0,1,0,False,ineligible: tags<2 i (branches<2 o substantive_commits<2 amb 0 commits revisats),classified,,
gamer0786/naruto-shippuden-ultimate-ninja-storm-4-us-en-1.11,0,1,0,False,ineligible: tags<2 i (branches<2 o substantive_commits<2 amb 0 commits revisats),classified,,
hazyresearch/based-swde-old,0,1,0,False,ineligible: tags<2 i (branches<2 o substantive_commits<2 amb 0 commits revisats),classified,,
autoevaluate/autoeval-eval-acronym_identification-default-3c1506-51115145309,0,1,0,False,ineligible: tags<2 i (branches<2 o substantive_commits<2 amb 0 commits revisats),classified,,
cooljosh0221/pickapic-10000,0,1,0,False,ineligible: tags<2 i (branches<2 o substantive_commits<2 amb 0 commits revisats),classified,,
mhaamh19/shamela_books_text_full,0,0,0,False,,access_restricted,access_restricted,"403 Client Error. (Request ID: Root=1-6ab8097a-31a8aea90d5f03c828b9feeb;f03b07cb-a0ad-4dca-9f7d-3a6c2bf3e5eb)

Cannot ac"
ShijiaD/code-with-ast-sequence,0,1,0,False,ineligible: tags<2 i (branches<2 o substantive_commits<2 amb 0 commits revisats),classified,,
electricsheepafrica/africa-egypt-capmas-air-transport-f8b8ca3b,0,1,0,False,ineligible: tags<2 i (branches<2 o substantive_commits<2 amb 0 commits revisats),classified,,
TrueTuner/bcd,0,1,0,False,ineligible: tags<2 i (branches<2 o substantive_commits<2 amb 0 commits revisats),classified,,
ernestknurov/pick_and_place_blue_marker_smoke_test,1,1,0,False,ineligible: tags<2 i (branches<2 o substantive_commits<2 amb 0 commits revisats),classified,,
Neural-Hacker/best_chatgpt_prompts,0,1,0,False,ineligible: tags<2 i (branches<2 o substantive_commits<2 amb 0 commits revisats),classified,,
sgshdgdhsdg/cyf,0,1,0,False,ineligible: tags<2 i (branches<2 o substantive_commits<2 amb 0 commits revisats),classified,,
ducc12/fghji,0,1,0,False,ineligible: tags<2 i (branches<2 o substantive_commits<2 amb 0 commits revisats),classified,,
charlesxu0124/functional-manipulation-benchmark,0,1,0,False,ineligible: tags<2 i (branches<2 o substantive_commits<2 amb 0 commits revisats),classified,,
NIyueeE/cocreator-driving-scene,0,1,0,False,ineligible: tags<2 i (branches<2 o substantive_commits<2 amb 0 commits revisats),classified,,
dimanchkek/Deepfacelive-DFM-Models,0,1,0,False,ineligible: tags<2 i (branches<2 o substantive_commits<2 amb 0 commits revisats),classified,,
allenai/05122025-box-02,1,1,0,False,ineligible: tags<2 i (branches<2 o substantive_commits<2 amb 0 commits revisats),classified,,
daaxila/twitter-OPAOGUONAITIME-2025.07.20-1946898210271924642-GJyZ8mISksbzeVG5-part1,0,1,0,False,ineligible: tags<2 i (branches<2 o substantive_commits<2 amb 0 commits revisats),classified,,
PencilHu/jmtseng,0,1,0,False,ineligible: tags<2 i (branches<2 o substantive_commits<2 amb 0 commits revisats),classified,,
Ruchitha26/my-awe-dataset,0,1,0,False,ineligible: tags<2 i (branches<2 o substantive_commits<2 amb 0 commits revisats),classified,,
Daby123/tibetan_news_classification,0,1,0,False,ineligible: tags<2 i (branches<2 o substantive_commits<2 amb 0 commits revisats),classified,,
satosihasegawa/resnet-caption-lab,0,1,0,False,ineligible: tags<2 i (branches<2 o substantive_commits<2 amb 0 commits revisats),classified,,
svjack/genshin-impact-character-image-add-some,0,1,0,False,ineligible: tags<2 i (branches<2 o substantive_commits<2 amb 0 commits revisats),classified,,
1g0rrr/summit_grab_pcb_from_pile_bottom,1,1,0,False,ineligible: tags<2 i (branches<2 o substantive_commits<2 amb 0 commits revisats),classified,,
daaxila/twitter-jaNCb7zmGFgi9Um-2023.01.15-1614461692221751299-FjOpuRFgo7rMzzMJ-part1,0,1,0,False,ineligible: tags<2 i (branches<2 o substantive_commits<2 amb 0 commits revisats),classified,,
electricsheepafrica/africa-tanzania-national-bureau-of-statistics-cc4a2dda,0,1,0,False,ineligible: tags<2 i (branches<2 o substantive_commits<2 amb 0 commits revisats),classified,,
mteb/SDSGlovesClassification,0,1,0,False,ineligible: tags<2 i (branches<2 o substantive_commits<2 amb 0 commits revisats),classified,,
hosyan/merged_alldataset_clean_v2,0,1,0,False,ineligible: tags<2 i (branches<2 o substantive_commits<2 amb 0 commits revisats),classified,,
han-jisso/ground-water-level-all,0,1,0,False,ineligible: tags<2 i (branches<2 o substantive_commits<2 amb 0 commits revisats),classified,,
DCAgent2/swebench_verified_random_100_folders_nemosci_tasrep_a1mfc_gfistaqc_dev1_scaff_mc51dddbd,0,1,0,False,ineligible: tags<2 i (branches<2 o substantive_commits<2 amb 0 commits revisats),classified,,
ramixpe/test_distil_local,0,1,0,False,ineligible: tags<2 i (branches<2 o substantive_commits<2 amb 0 commits revisats),classified,,
french-open-data/reseau-digo-cote-landes-nature,0,1,0,False,ineligible: tags<2 i (branches<2 o substantive_commits<2 amb 0 commits revisats),classified,,
stefanocarrera/autophagycode_D_mercury_Qwen3-4B_t1.25_g0_run2,0,1,0,False,ineligible: tags<2 i (branches<2 o substantive_commits<2 amb 0 commits revisats),classified,,
ackermannj/GeoFlow,0,0,0,False,,access_restricted,access_restricted,"403 Client Error. (Request ID: Root=1-6ab8097b-68118f123904c3ee654f5144;3b1aa118-0cf1-4411-8d94-762063bd5203)

Cannot ac"
prakanda/PBR_Txt_RF_DS_2,0,1,0,False,ineligible: tags<2 i (branches<2 o substantive_commits<2 amb 0 commits revisats),classified,,
Lots-of-LoRAs/task280_stereoset_classification_stereotype_type,0,1,0,False,ineligible: tags<2 i (branches<2 o substantive_commits<2 amb 0 commits revisats),classified,,
rfr2003/AEG,0,1,0,False,ineligible: tags<2 i (branches<2 o substantive_commits<2 amb 0 commits revisats),classified,,
bhavaniprasad007/demo,0,1,0,False,ineligible: tags<2 i (branches<2 o substantive_commits<2 amb 0 commits revisats),classified,,
Morletweq/LouEWQEQ,0,1,0,False,ineligible: tags<2 i (branches<2 o substantive_commits<2 amb 0 commits revisats),classified,,
SFSDGD22/2EASDWSF,0,1,0,False,ineligible: tags<2 i (branches<2 o substantive_commits<2 amb 0 commits revisats),classified,,
messageport/a1v,0,1,0,False,ineligible: tags<2 i (branches<2 o substantive_commits<2 amb 0 commits revisats),classified,,
chaiting/pk-6886-L6,0,0,0,False,,access_restricted,access_restricted,"403 Client Error. (Request ID: Root=1-6ab8097b-77edf1593eb81c534147e319;7e99eda3-80a5-4ebf-87e5-3b332f98be35)

Cannot ac"
chenproject35/so101_pick_place_white_box_black_square_v3_20260901_215626,1,1,0,False,ineligible: tags<2 i (branches<2 o substantive_commits<2 amb 0 commits revisats),classified,,
TheFactoryX/edition_0749_lavita-medical-qa-shared-task-v1-toy-readymade,0,1,0,False,ineligible: tags<2 i (branches<2 o substantive_commits<2 amb 0 commits revisats),classified,,
mlfoundations-dev/openthoughts3_herorun_ckpt02000_eval_636d,0,1,0,False,ineligible: tags<2 i (branches<2 o substantive_commits<2 amb 0 commits revisats),classified,,
aakankshpanda/silicone_rope_pull_up_07_07,1,1,0,False,ineligible: tags<2 i (branches<2 o substantive_commits<2 amb 0 commits revisats),classified,,
hdv2709/case_fact_legal_chat_format,0,1,0,False,ineligible: tags<2 i (branches<2 o substantive_commits<2 amb 0 commits revisats),classified,,
elmiliano41/George-Bush-Letters,0,1,0,False,ineligible: tags<2 i (branches<2 o substantive_commits<2 amb 0 commits revisats),classified,,
younghyopark/realworld_0713_blackbg,1,1,0,False,ineligible: tags<2 i (branches<2 o substantive_commits<2 amb 0 commits revisats),classified,,
ClumsyAahDeveloper/SecondData,0,1,0,False,ineligible: tags<2 i (branches<2 o substantive_commits<2 amb 0 commits revisats),classified,,
SRC-7777/CrimePredictor,0,1,0,False,ineligible: tags<2 i (branches<2 o substantive_commits<2 amb 0 commits revisats),classified,,
aaditee/legal_document,0,1,0,False,ineligible: tags<2 i (branches<2 o substantive_commits<2 amb 0 commits revisats),classified,,
open-llm-leaderboard-old/details_mistralai__Mixtral-8x7B-Instruct-v0.1,0,1,0,False,ineligible: tags<2 i (branches<2 o substantive_commits<2 amb 0 commits revisats),classified,,
daaxila/twitter-nstmnsh-2026.02.24-2026098364014891297-6KUiXxo5V46Ucsvv-part1,0,1,0,False,ineligible: tags<2 i (branches<2 o substantive_commits<2 amb 0 commits revisats),classified,,
mlfoundations-dev/All_Puzzles_5k_sandboxes,0,1,0,False,ineligible: tags<2 i (branches<2 o substantive_commits<2 amb 0 commits revisats),classified,,
potts99/predic,0,1,0,False,ineligible: tags<2 i (branches<2 o substantive_commits<2 amb 0 commits revisats),classified,,
Stegvean/CakeGenomes,0,1,0,False,ineligible: tags<2 i (branches<2 o substantive_commits<2 amb 0 commits revisats),classified,,
guanfengliu/so101_main_bin_3cameras_1,1,1,0,False,ineligible: tags<2 i (branches<2 o substantive_commits<2 amb 0 commits revisats),classified,,
krishnakalyan3/kolors_v2,0,1,0,False,ineligible: tags<2 i (branches<2 o substantive_commits<2 amb 0 commits revisats),classified,,
MathArena/aime_2025_II_outputs,0,1,0,False,ineligible: tags<2 i (branches<2 o substantive_commits<2 amb 0 commits revisats),classified,,
youxiazhao/eviction_annotation_step2_sample_5000,0,1,0,False,ineligible: tags<2 i (branches<2 o substantive_commits<2 amb 0 commits revisats),classified,,
JosiahB5363/rollout_54epvae_sentrytestrotate_20260727_164438,1,1,0,False,ineligible: tags<2 i (branches<2 o substantive_commits<2 amb 0 commits revisats),classified,,
supergoose/flan_combined_task633_dbpedia_14_answer_generation,0,1,0,False,ineligible: tags<2 i (branches<2 o substantive_commits<2 amb 0 commits revisats),classified,,
Rithish007/MScDissertation,0,1,0,False,ineligible: tags<2 i (branches<2 o substantive_commits<2 amb 0 commits revisats),classified,,
kjngansgfa/dataset_kf2m8zat,0,1,0,False,ineligible: tags<2 i (branches<2 o substantive_commits<2 amb 0 commits revisats),classified,,
Mudassir135/gpt2-124M-qlora-chat-support,0,1,0,False,ineligible: tags<2 i (branches<2 o substantive_commits<2 amb 0 commits revisats),classified,,
Neageorgian/part_16,0,1,0,False,ineligible: tags<2 i (branches<2 o substantive_commits<2 amb 0 commits revisats),classified,,
quickmt/quickmt-train.ar-en,0,1,0,False,ineligible: tags<2 i (branches<2 o substantive_commits<2 amb 0 commits revisats),classified,,
DesonDai/AD-Takeover-Attack-large,0,1,0,False,ineligible: tags<2 i (branches<2 o substantive_commits<2 amb 0 commits revisats),classified,,
vuquocbao19944/vuquocbao19944,0,1,0,False,ineligible: tags<2 i (branches<2 o substantive_commits<2 amb 0 commits revisats),classified,,
zjko/test,0,1,0,False,ineligible: tags<2 i (branches<2 o substantive_commits<2 amb 0 commits revisats),classified,,
lastwish4life/items_raw_lite,0,1,0,False,ineligible: tags<2 i (branches<2 o substantive_commits<2 amb 0 commits revisats),classified,,
xbid-labs/reasoning-substrate,0,1,0,False,ineligible: tags<2 i (branches<2 o substantive_commits<2 amb 0 commits revisats),classified,,
PicardIA/Ech_picard_il_ergote-ti,0,1,0,False,ineligible: tags<2 i (branches<2 o substantive_commits<2 amb 0 commits revisats),classified,,
electricsheepafrica/africa-mali-data-for-the-covid-19-data-explorer-9c79f397,0,1,0,False,ineligible: tags<2 i (branches<2 o substantive_commits<2 amb 0 commits revisats),classified,,
JoAo352/McKevin,0,1,0,False,ineligible: tags<2 i (branches<2 o substantive_commits<2 amb 0 commits revisats),classified,,
nhyha/LeetCode_YT_CC_CoT_Summary_v2,0,1,0,False,ineligible: tags<2 i (branches<2 o substantive_commits<2 amb 0 commits revisats),classified,,
kkkevinkkk/DeepFactBench,0,1,0,False,ineligible: tags<2 i (branches<2 o substantive_commits<2 amb 0 commits revisats),classified,,
DCAgent2/DCAgent2_swebench-verified-random-100-folders_DCAgent_nl2bash-nl2bash-bugsseq_Q986d86e6,0,1,0,False,ineligible: tags<2 i (branches<2 o substantive_commits<2 amb 0 commits revisats),classified,,
itisarainyday/2k_conso_questions_v56,0,1,0,False,ineligible: tags<2 i (branches<2 o substantive_commits<2 amb 0 commits revisats),classified,,
kalebda/tim-keller-conversations,0,1,0,False,ineligible: tags<2 i (branches<2 o substantive_commits<2 amb 0 commits revisats),classified,,
LXY520/www7z,0,1,0,False,ineligible: tags<2 i (branches<2 o substantive_commits<2 amb 0 commits revisats),classified,,
branague01/cHSopNDn,0,1,0,False,ineligible: tags<2 i (branches<2 o substantive_commits<2 amb 0 commits revisats),classified,,
ch-min/Fine-tuning-data,0,1,0,False,ineligible: tags<2 i (branches<2 o substantive_commits<2 amb 0 commits revisats),classified,,
surogate/ro_sft_pixmo_cap_qa,0,1,0,False,ineligible: tags<2 i (branches<2 o substantive_commits<2 amb 0 commits revisats),classified,,
tttx/3k-forcing-400-022325-mask20-ttt5-seed5-step3,0,1,0,False,ineligible: tags<2 i (branches<2 o substantive_commits<2 amb 0 commits revisats),classified,,
osieosie/AIME-2021-2025-Perturbed-Solutions-V1.0-Gemini-2.5-Flash,0,1,0,False,ineligible: tags<2 i (branches<2 o substantive_commits<2 amb 0 commits revisats),classified,,
Dash00/nlm-gene-sapbert-selection,0,1,0,False,ineligible: tags<2 i (branches<2 o substantive_commits<2 amb 0 commits revisats),classified,,
Hasegawa1111/Flower_Photos,0,1,0,False,ineligible: tags<2 i (branches<2 o substantive_commits<2 amb 0 commits revisats),classified,,
oshrid/dataset-demo,0,1,0,False,ineligible: tags<2 i (branches<2 o substantive_commits<2 amb 0 commits revisats),classified,,
open-llm-leaderboard/Marsouuu__MistralBase-4x7B-MoE-ECE-PRYMMAL-Martial-details,0,0,0,False,,access_restricted,access_restricted,"403 Client Error. (Request ID: Root=1-6ab8097d-4fa0bba71d3506d629f05681;746eb6b9-6280-401a-9dc0-0c3bc5706150)

Cannot ac"
ProjectNekoFi/AnimeDiffusion,0,1,0,False,ineligible: tags<2 i (branches<2 o substantive_commits<2 amb 0 commits revisats),classified,,
SanjanaPedada/SanjanaPedada,0,1,0,False,ineligible: tags<2 i (branches<2 o substantive_commits<2 amb 0 commits revisats),classified,,
mahiatlinux/maheswar_creadits_v7,0,1,0,False,ineligible: tags<2 i (branches<2 o substantive_commits<2 amb 0 commits revisats),classified,,
ItzDEXX/naklidataset,0,1,0,False,ineligible: tags<2 i (branches<2 o substantive_commits<2 amb 0 commits revisats),classified,,
math-extraction-comp/T145__ZEUS-8B-V6,0,1,0,False,ineligible: tags<2 i (branches<2 o substantive_commits<2 amb 0 commits revisats),classified,,
defenseunicorns/LFAI_RAG_niah_v1,0,1,0,False,ineligible: tags<2 i (branches<2 o substantive_commits<2 amb 0 commits revisats),classified,,
sahithimuppavaram/pairrm_preferences,0,1,0,False,ineligible: tags<2 i (branches<2 o substantive_commits<2 amb 0 commits revisats),classified,,
Ayush-Singh/RM-Bench-code-Qwen2.5-3B-Instruct-scores,0,1,0,False,ineligible: tags<2 i (branches<2 o substantive_commits<2 amb 0 commits revisats),classified,,
vg10101/krel-grpo-phase1,0,1,0,False,ineligible: tags<2 i (branches<2 o substantive_commits<2 amb 0 commits revisats),classified,,
xwjzds/pretrain_punctuation,0,1,0,False,ineligible: tags<2 i (branches<2 o substantive_commits<2 amb 0 commits revisats),classified,,
alkhwarizmi/NTU_ADL_Recitation,0,1,0,False,ineligible: tags<2 i (branches<2 o substantive_commits<2 amb 0 commits revisats),classified,,
EgilKarlsen/CSIC_DistilRoBERTa_FT,0,1,0,False,ineligible: tags<2 i (branches<2 o substantive_commits<2 amb 0 commits revisats),classified,,
fpadovani/artificial-lang-newlexicon-hindi-before,0,1,0,False,ineligible: tags<2 i (branches<2 o substantive_commits<2 amb 0 commits revisats),classified,,
violetxi/harvey-eval-gpt56sol-qwen35-9b-notes70-notecondtraj30-30m-historical-20t-think,0,1,0,False,ineligible: tags<2 i (branches<2 o substantive_commits<2 amb 0 commits revisats),classified,,
electricsheepafrica/africa-unsdg-parties-meeting-their-commitments-and-obligations-in-tr-sg-haz-cmrbasel,0,1,0,False,ineligible: tags<2 i (branches<2 o substantive_commits<2 amb 0 commits revisats),classified,,
Zhouf23/flex-neural-lam-demo,0,1,0,False,ineligible: tags<2 i (branches<2 o substantive_commits<2 amb 0 commits revisats),classified,,
Kurosawama/Full_DPO_Llama-3.1-8B-Instruct-split,0,1,0,False,ineligible: tags<2 i (branches<2 o substantive_commits<2 amb 0 commits revisats),classified,,
jrhode666/stonkfun-tokens,0,1,0,False,ineligible: tags<2 i (branches<2 o substantive_commits<2 amb 0 commits revisats),classified,,
liu-nlp/faroese-blimp-adj-pl-to-sg-experimental,0,1,0,False,ineligible: tags<2 i (branches<2 o substantive_commits<2 amb 0 commits revisats),classified,,
seumadruga/SerjTankian,0,1,0,False,ineligible: tags<2 i (branches<2 o substantive_commits<2 amb 0 commits revisats),classified,,
robot-learning/ex1_all_v3,1,1,0,False,ineligible: tags<2 i (branches<2 o substantive_commits<2 amb 0 commits revisats),classified,,
excosion/251229-2,0,1,0,False,ineligible: tags<2 i (branches<2 o substantive_commits<2 amb 0 commits revisats),classified,,
ziq/depression_tweet,0,1,0,False,ineligible: tags<2 i (branches<2 o substantive_commits<2 amb 0 commits revisats),classified,,
Eugenememe/visum,0,1,0,False,ineligible: tags<2 i (branches<2 o substantive_commits<2 amb 0 commits revisats),classified,,
huanngzh/Objaverse-Ortho10View,0,0,0,False,,access_restricted,access_restricted,"403 Client Error. (Request ID: Root=1-6ab8097d-117649da7756609f3acb454c;e118e9b9-1ad3-4e55-8f78-b6879c2fc940)

Cannot ac"
rakesh-zekith/enron-emails,0,1,0,False,ineligible: tags<2 i (branches<2 o substantive_commits<2 amb 0 commits revisats),classified,,
juliadollis/HuggingFaceFW__fineweb-2_por_Latn_train_raw_5000_edu_score,0,1,0,False,ineligible: tags<2 i (branches<2 o substantive_commits<2 amb 0 commits revisats),classified,,
kienvo97630/thruster,0,1,0,False,ineligible: tags<2 i (branches<2 o substantive_commits<2 amb 0 commits revisats),classified,,
DCAgent2/swebench_verified_random_100_folders_gptlong_continue_gptlong_step900__Qwen3_321fe48247,0,1,0,False,ineligible: tags<2 i (branches<2 o substantive_commits<2 amb 0 commits revisats),classified,,
frazier-z/eval_ur12_act_v2,0,1,0,False,ineligible: tags<2 i (branches<2 o substantive_commits<2 amb 0 commits revisats),classified,,
french-open-data/zone-a-faibles-emissions-zfe-angers-loire-metropole,0,1,0,False,ineligible: tags<2 i (branches<2 o substantive_commits<2 amb 0 commits revisats),classified,,
NuanBaobao/imagenet-1k,0,1,0,False,ineligible: tags<2 i (branches<2 o substantive_commits<2 amb 0 commits revisats),classified,,
ethanCSL/svla_koch_sorting_resume_50,1,1,0,False,ineligible: tags<2 i (branches<2 o substantive_commits<2 amb 0 commits revisats),classified,,
yifannnwu/SWE-Together,0,1,0,False,ineligible: tags<2 i (branches<2 o substantive_commits<2 amb 0 commits revisats),classified,,
Project-AgML/pine_wilt_segmentation,0,1,0,False,ineligible: tags<2 i (branches<2 o substantive_commits<2 amb 0 commits revisats),classified,,
andrewsiah/PersonaPromptPersonalLLM_447,0,1,0,False,ineligible: tags<2 i (branches<2 o substantive_commits<2 amb 0 commits revisats),classified,,
eliwill/First_and_Last_Freedom,0,1,0,False,ineligible: tags<2 i (branches<2 o substantive_commits<2 amb 0 commits revisats),classified,,
smilehappy/rock,0,1,0,False,ineligible: tags<2 i (branches<2 o substantive_commits<2 amb 0 commits revisats),classified,,
yt-data-1/Chinese_speech_1,0,1,0,False,ineligible: tags<2 i (branches<2 o substantive_commits<2 amb 0 commits revisats),classified,,
winterForestStump/10k_SEC_10examples_text_corpus,0,1,0,False,ineligible: tags<2 i (branches<2 o substantive_commits<2 amb 0 commits revisats),classified,,
dipteshkanojia/llama-2-qe-2023-enmr-test,0,1,0,False,ineligible: tags<2 i (branches<2 o substantive_commits<2 amb 0 commits revisats),classified,,
itsvinniehere/ur5_so101_demo9,1,1,0,False,ineligible: tags<2 i (branches<2 o substantive_commits<2 amb 0 commits revisats),classified,,
Metric-AI/open-asr-leaderboard-multilingual-datasets,0,1,0,False,ineligible: tags<2 i (branches<2 o substantive_commits<2 amb 0 commits revisats),classified,,
alerterra/nuclear_missile_posture,0,0,0,False,,access_restricted,access_restricted,"403 Client Error. (Request ID: Root=1-6ab8097e-6baa16496e605736757afcdb;c727a2c7-bb1c-4fb9-9c97-dc6b163adda0)

Cannot ac"
celestialcreator/Qwen3.5-0.8B-GRPO-Math-Dataset,0,1,0,False,ineligible: tags<2 i (branches<2 o substantive_commits<2 amb 0 commits revisats),classified,,
sergiov2000/so100_leader_ball_usability_u2_push_1,1,1,0,False,ineligible: tags<2 i (branches<2 o substantive_commits<2 amb 0 commits revisats),classified,,
wgwgwgwgw/rdbfbdb,0,1,0,False,ineligible: tags<2 i (branches<2 o substantive_commits<2 amb 0 commits revisats),classified,,
Tudorx95/NER_Political_Economic,0,1,0,False,ineligible: tags<2 i (branches<2 o substantive_commits<2 amb 0 commits revisats),classified,,
HUMADEX/dementia_education_chatbot_sources,0,1,0,False,ineligible: tags<2 i (branches<2 o substantive_commits<2 amb 0 commits revisats),classified,,
apsourg/test,0,1,0,False,ineligible: tags<2 i (branches<2 o substantive_commits<2 amb 0 commits revisats),classified,,
midah/ai-data-deals,0,1,0,False,ineligible: tags<2 i (branches<2 o substantive_commits<2 amb 0 commits revisats),classified,,
easydata2022/test_dataset,0,1,0,False,ineligible: tags<2 i (branches<2 o substantive_commits<2 amb 0 commits revisats),classified,,
FIRSTACCOUNT69/ssrf-escalation-52,0,1,0,False,ineligible: tags<2 i (branches<2 o substantive_commits<2 amb 0 commits revisats),classified,,
Larksnow/Wikipedia_to_internet,0,1,0,False,ineligible: tags<2 i (branches<2 o substantive_commits<2 amb 0 commits revisats),classified,,
french-open-data/calendrier-de-collecte-des-ordures-menageres-et-du-tri-selectif-de-sens-tous-secteurs,0,1,0,False,ineligible: tags<2 i (branches<2 o substantive_commits<2 amb 0 commits revisats),classified,,
CyberHarem/viola_pokemon,0,1,0,False,ineligible: tags<2 i (branches<2 o substantive_commits<2 amb 0 commits revisats),classified,,
bkgrf/eval_act_a_pen_to_penholder_no_human_body,1,1,0,False,ineligible: tags<2 i (branches<2 o substantive_commits<2 amb 0 commits revisats),classified,,
vmontaluisa/dataset_gen_modelo_soportev1,0,2,0,False,ineligible: tags<2 i (branches<2 o substantive_commits<2 amb 1 commits revisats),classified,,
tachiwin/pretrain_raw,0,1,0,False,ineligible: tags<2 i (branches<2 o substantive_commits<2 amb 0 commits revisats),classified,,
NLPLab-SoICT/Vi-SRS,0,1,0,False,ineligible: tags<2 i (branches<2 o substantive_commits<2 amb 0 commits revisats),classified,,
shanchai/dataset_test,0,1,0,False,ineligible: tags<2 i (branches<2 o substantive_commits<2 amb 0 commits revisats),classified,,
SmallDoge/Reason-Distill,0,1,0,False,ineligible: tags<2 i (branches<2 o substantive_commits<2 amb 0 commits revisats),classified,,
EgilKarlsen/Application_125K,0,1,0,False,ineligible: tags<2 i (branches<2 o substantive_commits<2 amb 0 commits revisats),classified,,
InsultedByMathematics/llama3-ultrafeedback-armo,0,1,0,False,ineligible: tags<2 i (branches<2 o substantive_commits<2 amb 0 commits revisats),classified,,
sert121/adult_data_instruction_containing_a_e_e_m_o_r_r_s_h_test_shuffled_4,0,1,0,False,ineligible: tags<2 i (branches<2 o substantive_commits<2 amb 0 commits revisats),classified,,
slupart/topiocqa-distillation-llama-mistral-splade,0,1,0,False,ineligible: tags<2 i (branches<2 o substantive_commits<2 amb 0 commits revisats),classified,,
Virginiay/jghjcyiry,0,1,0,False,ineligible: tags<2 i (branches<2 o substantive_commits<2 amb 0 commits revisats),classified,,
ZHLiu627/qwen2.5_code_1.5b_grpo_iter0_full_data_miao_0212__self_correction_iter1_v1,0,1,0,False,ineligible: tags<2 i (branches<2 o substantive_commits<2 amb 0 commits revisats),classified,,
umairali64488/medical-faiss-db,0,1,0,False,ineligible: tags<2 i (branches<2 o substantive_commits<2 amb 0 commits revisats),classified,,
lszoszk/uhri-recommendations,0,1,0,False,ineligible: tags<2 i (branches<2 o substantive_commits<2 amb 0 commits revisats),classified,,
atekrugis/helpsteer2-categorized-prompts,0,1,0,False,ineligible: tags<2 i (branches<2 o substantive_commits<2 amb 0 commits revisats),classified,,
EddieT/VHABench,0,1,0,False,ineligible: tags<2 i (branches<2 o substantive_commits<2 amb 0 commits revisats),classified,,
dlb/mentalreddit,0,1,0,False,ineligible: tags<2 i (branches<2 o substantive_commits<2 amb 0 commits revisats),classified,,
liangzid/robench2024b_all_setq-bioSCP-c-50,0,1,0,False,ineligible: tags<2 i (branches<2 o substantive_commits<2 amb 0 commits revisats),classified,,
Francesco/axial-mri,0,1,0,False,ineligible: tags<2 i (branches<2 o substantive_commits<2 amb 0 commits revisats),classified,,
vpraise00/raise-ice-in-bowl-piper-ed54978e7c8a,0,1,0,False,ineligible: tags<2 i (branches<2 o substantive_commits<2 amb 0 commits revisats),classified,,
DCAgent2/swebench_verified_random_100_folders_g1_weighted_31600_cap10_8b_20260423_204626,0,1,0,False,ineligible: tags<2 i (branches<2 o substantive_commits<2 amb 0 commits revisats),classified,,
abbassix/ComNum,0,1,0,False,ineligible: tags<2 i (branches<2 o substantive_commits<2 amb 0 commits revisats),classified,,
TAUR-dev/D-EVAL__letter_countdown____6__qwen_base_eval,0,1,0,False,ineligible: tags<2 i (branches<2 o substantive_commits<2 amb 0 commits revisats),classified,,
open-llm-leaderboard/DavidAU__L3.1-MOE-2X8B-Deepseek-DeepHermes-e32-uncensored-abliterated-13.7B-details,0,0,0,False,,access_restricted,access_restricted,"403 Client Error. (Request ID: Root=1-6ab8097f-7daf2d962f9b82e914e887d2;5deb682d-3266-4eb7-ab31-b09cccc51c79)

Cannot ac"
Saidakbar01/janjik,0,1,0,False,ineligible: tags<2 i (branches<2 o substantive_commits<2 amb 0 commits revisats),classified,,
moonscape-software/macro_prosody_sample_set,0,1,0,False,ineligible: tags<2 i (branches<2 o substantive_commits<2 amb 0 commits revisats),classified,,
gsgsssgegse/bbdbfbd,0,1,0,False,ineligible: tags<2 i (branches<2 o substantive_commits<2 amb 0 commits revisats),classified,,
subhrokomol/siglip2-large-lora-v1-dataset,0,1,0,False,ineligible: tags<2 i (branches<2 o substantive_commits<2 amb 0 commits revisats),classified,,
wyyyz139/NSFW-SFT-2,0,1,0,False,ineligible: tags<2 i (branches<2 o substantive_commits<2 amb 0 commits revisats),classified,,
supergoose/buzz_sources_284_mediawiki,0,1,0,False,ineligible: tags<2 i (branches<2 o substantive_commits<2 amb 0 commits revisats),classified,,
eltociear/strang-tasks-v1,0,1,0,False,ineligible: tags<2 i (branches<2 o substantive_commits<2 amb 0 commits revisats),classified,,
mhkone113/second_brain_course_summarization_task,0,1,0,False,ineligible: tags<2 i (branches<2 o substantive_commits<2 amb 0 commits revisats),classified,,
haotongl/scannetpp_zipnerf,0,1,0,False,ineligible: tags<2 i (branches<2 o substantive_commits<2 amb 0 commits revisats),classified,,
sroot/lgd-cards-video-day2,0,1,0,False,ineligible: tags<2 i (branches<2 o substantive_commits<2 amb 0 commits revisats),classified,,
introvoyz041/FEALiTE2D,0,1,0,False,ineligible: tags<2 i (branches<2 o substantive_commits<2 amb 0 commits revisats),classified,,
kornwtp/hoasa-ind-multilabelclassification,0,1,0,False,ineligible: tags<2 i (branches<2 o substantive_commits<2 amb 0 commits revisats),classified,,
closji/bookcorpus_filtered_len_17_simcse_retrieval_top32__source_tranch_17__target_tranch_29__from_120,0,1,0,False,ineligible: tags<2 i (branches<2 o substantive_commits<2 amb 0 commits revisats),classified,,
Jennny/helpsteer2-helpfulness-preference,0,1,0,False,ineligible: tags<2 i (branches<2 o substantive_commits<2 amb 0 commits revisats),classified,,
scidata-hub/ontology-ro,0,1,0,False,ineligible: tags<2 i (branches<2 o substantive_commits<2 amb 0 commits revisats),classified,,
KaguraRuri/Datasets_pedia,0,1,0,False,ineligible: tags<2 i (branches<2 o substantive_commits<2 amb 0 commits revisats),classified,,
supergoose/flan_combined_task854_hippocorpus_classification,0,1,0,False,ineligible: tags<2 i (branches<2 o substantive_commits<2 amb 0 commits revisats),classified,,
nihil117/GURPc,0,1,0,False,ineligible: tags<2 i (branches<2 o substantive_commits<2 amb 0 commits revisats),classified,,
Moussab/ORKG-training-evaluation-set,0,1,0,False,ineligible: tags<2 i (branches<2 o substantive_commits<2 amb 0 commits revisats),classified,,
Atipico1/mrqa_v2_entity,0,1,0,False,ineligible: tags<2 i (branches<2 o substantive_commits<2 amb 0 commits revisats),classified,,
Tlingad/mnausd3727hjghdad,0,1,0,False,ineligible: tags<2 i (branches<2 o substantive_commits<2 amb 0 commits revisats),classified,,
Pavankalyan/stage1_instruct_eval,0,1,0,False,ineligible: tags<2 i (branches<2 o substantive_commits<2 amb 0 commits revisats),classified,,
arrowpoint7/Lombn,0,1,0,False,ineligible: tags<2 i (branches<2 o substantive_commits<2 amb 0 commits revisats),classified,,
EEGDash/ds004381,0,1,0,False,ineligible: tags<2 i (branches<2 o substantive_commits<2 amb 0 commits revisats),classified,,
wangekxy/tcm-materia-medica,0,1,0,False,ineligible: tags<2 i (branches<2 o substantive_commits<2 amb 0 commits revisats),classified,,
prashantkrv/items_raw_full,0,1,0,False,ineligible: tags<2 i (branches<2 o substantive_commits<2 amb 0 commits revisats),classified,,
mlfoundations-dev/Qwen2.5-7B_eval_2870,0,1,0,False,ineligible: tags<2 i (branches<2 o substantive_commits<2 amb 0 commits revisats),classified,,
electricsheepasia/asia-owid-nuclear-non-proliferation-treaty,0,1,0,False,ineligible: tags<2 i (branches<2 o substantive_commits<2 amb 0 commits revisats),classified,,
billeth/gtgr,0,1,0,False,ineligible: tags<2 i (branches<2 o substantive_commits<2 amb 0 commits revisats),classified,,
Kimz1/so100-teleop-record-0825-480x480-final-clean,0,1,0,False,ineligible: tags<2 i (branches<2 o substantive_commits<2 amb 0 commits revisats),classified,,
q-future/MICBench,0,1,0,False,ineligible: tags<2 i (branches<2 o substantive_commits<2 amb 0 commits revisats),classified,,
kowndinya23/flan2022-4096-16-tasks-gc-200000-instances-logdet,0,1,0,False,ineligible: tags<2 i (branches<2 o substantive_commits<2 amb 0 commits revisats),classified,,
huanyu112/MazePlanning-Test,0,1,0,False,ineligible: tags<2 i (branches<2 o substantive_commits<2 amb 0 commits revisats),classified,,
Beetle-Data/BabyBabel-bul-60M,0,1,0,False,ineligible: tags<2 i (branches<2 o substantive_commits<2 amb 0 commits revisats),classified,,
open-llm-leaderboard/nvidia__Nemotron-Mini-4B-Instruct-details,0,0,0,False,,access_restricted,access_restricted,"403 Client Error. (Request ID: Root=1-6ab80981-0059721241f3d02413485d73;1a7dbbc3-5b0d-45b9-904b-688d74255101)

Cannot ac"
Stanwang1210/raw_tts_mls_ESPnet_espnet_mls-multi_encodec_16k_360epoch,0,1,0,False,ineligible: tags<2 i (branches<2 o substantive_commits<2 amb 0 commits revisats),classified,,
michaelnguyen11/Llama-3.2-3B-Instruct-results,0,1,0,False,ineligible: tags<2 i (branches<2 o substantive_commits<2 amb 0 commits revisats),classified,,
Zainab984/malimag2_traintestsplit,0,1,0,False,ineligible: tags<2 i (branches<2 o substantive_commits<2 amb 0 commits revisats),classified,,
Arururu12/test,0,2,2,False,ineligible: tags<2 i (branches<2 o substantive_commits<2 amb 4 commits revisats),classified,,
Data-Gouv-ML/medecins-accredites-par-la-has,0,1,0,False,ineligible: tags<2 i (branches<2 o substantive_commits<2 amb 0 commits revisats),classified,,
french-open-data/maintenance-des-instruments-de-mesure-de-marque-apvl-au-chr-metz-thionville,0,1,0,False,ineligible: tags<2 i (branches<2 o substantive_commits<2 amb 0 commits revisats),classified,,
tugrulecem/0Op69MtI,0,1,0,False,ineligible: tags<2 i (branches<2 o substantive_commits<2 amb 0 commits revisats),classified,,
Brizape/Variome_split_0404,0,1,0,False,ineligible: tags<2 i (branches<2 o substantive_commits<2 amb 0 commits revisats),classified,,
patrikgerard/fearspeech-detection-7,0,1,0,False,ineligible: tags<2 i (branches<2 o substantive_commits<2 amb 0 commits revisats),classified,,
DnaRnaProteins/cells-det-data,0,1,0,False,ineligible: tags<2 i (branches<2 o substantive_commits<2 amb 0 commits revisats),classified,,
linhla/bbd,0,1,0,False,ineligible: tags<2 i (branches<2 o substantive_commits<2 amb 0 commits revisats),classified,,
turibaru/9janu2026flueop,0,1,0,False,ineligible: tags<2 i (branches<2 o substantive_commits<2 amb 0 commits revisats),classified,,
mrlyle/img-nov-21,0,1,0,False,ineligible: tags<2 i (branches<2 o substantive_commits<2 amb 0 commits revisats),classified,,
mnemlaghi/widdd,0,1,0,False,ineligible: tags<2 i (branches<2 o substantive_commits<2 amb 0 commits revisats),classified,,
Debactor/LayerB,0,1,0,False,ineligible: tags<2 i (branches<2 o substantive_commits<2 amb 0 commits revisats),classified,,
beloiual/sequenced_edges_fixed,0,1,0,False,ineligible: tags<2 i (branches<2 o substantive_commits<2 amb 0 commits revisats),classified,,
chiyuanhsiao/text_L2-regular-ASR_IFEval,0,1,0,False,ineligible: tags<2 i (branches<2 o substantive_commits<2 amb 0 commits revisats),classified,,
nikolkoo/SatelliteSegmentation,0,1,0,False,ineligible: tags<2 i (branches<2 o substantive_commits<2 amb 0 commits revisats),classified,,
bertjbello/resume-repo,0,1,0,False,ineligible: tags<2 i (branches<2 o substantive_commits<2 amb 0 commits revisats),classified,,
Yuri66666/omy_pnp_language,1,1,0,False,ineligible: tags<2 i (branches<2 o substantive_commits<2 amb 0 commits revisats),classified,,
Vaui/sentence_combined_distortions_ru,0,1,0,False,ineligible: tags<2 i (branches<2 o substantive_commits<2 amb 0 commits revisats),classified,,
Charley890/adaption-agricultural-qa-pairs,0,1,0,False,ineligible: tags<2 i (branches<2 o substantive_commits<2 amb 0 commits revisats),classified,,
EliasKD/from_kaggle,0,1,0,False,ineligible: tags<2 i (branches<2 o substantive_commits<2 amb 0 commits revisats),classified,,
Winboy/twitter_dataset_1718696372,0,1,0,False,ineligible: tags<2 i (branches<2 o substantive_commits<2 amb 0 commits revisats),classified,,
xcll/test_20250214,0,1,0,False,ineligible: tags<2 i (branches<2 o substantive_commits<2 amb 0 commits revisats),classified,,
cometadata/grobid-arxiv-author-affiliations-test-json-tei,0,1,0,False,ineligible: tags<2 i (branches<2 o substantive_commits<2 amb 0 commits revisats),classified,,
Geralt-Targaryen/C4-filtered,0,1,0,False,ineligible: tags<2 i (branches<2 o substantive_commits<2 amb 0 commits revisats),classified,,
Xing1210/bdd100k,0,1,0,False,ineligible: tags<2 i (branches<2 o substantive_commits<2 amb 0 commits revisats),classified,,
emotions-entailment/zero-shot-emotions-8-4-1.1,0,1,0,False,ineligible: tags<2 i (branches<2 o substantive_commits<2 amb 0 commits revisats),classified,,
kristinbest1997/k5SdtfyZ,0,1,0,False,ineligible: tags<2 i (branches<2 o substantive_commits<2 amb 0 commits revisats),classified,,
Jazlynn0095/xray,0,1,0,False,ineligible: tags<2 i (branches<2 o substantive_commits<2 amb 0 commits revisats),classified,,
DCAgent2/terminal_bench_2_GLM_4_6_stackexchange_overflow_sandboxes_32eps_65k_reasoning_nd7947c14,0,1,0,False,ineligible: tags<2 i (branches<2 o substantive_commits<2 amb 0 commits revisats),classified,,
pdf2dataset/9719fe082def315d7c5692da9dd40572,0,1,0,False,ineligible: tags<2 i (branches<2 o substantive_commits<2 amb 0 commits revisats),classified,,
AbsarB/Task_69094,0,1,0,False,ineligible: tags<2 i (branches<2 o substantive_commits<2 amb 0 commits revisats),classified,,
dearella/dearella,0,1,0,False,ineligible: tags<2 i (branches<2 o substantive_commits<2 amb 0 commits revisats),classified,,
reasoning-proj/c_dfiltered_science_Phi-4-reasoning-plus_mneutral_insert_random_characters_t90,0,1,0,False,ineligible: tags<2 i (branches<2 o substantive_commits<2 amb 0 commits revisats),classified,,
Mo7art/Stack2Graph_KG_prolog,0,1,0,False,ineligible: tags<2 i (branches<2 o substantive_commits<2 amb 0 commits revisats),classified,,
giovannidemuri/code-alpaca_llama8b-v112-jb-seed2-alpaca_512_ngt0.7_tp0.9,0,1,0,False,ineligible: tags<2 i (branches<2 o substantive_commits<2 amb 0 commits revisats),classified,,
bgao95/age_pred,0,1,0,False,ineligible: tags<2 i (branches<2 o substantive_commits<2 amb 0 commits revisats),classified,,
taeyoungss/eval_SmolVla_grabV1,1,1,0,False,ineligible: tags<2 i (branches<2 o substantive_commits<2 amb 0 commits revisats),classified,,
soundai2016/SoundRisk,0,1,0,False,ineligible: tags<2 i (branches<2 o substantive_commits<2 amb 0 commits revisats),classified,,
Moni040/Newtest,0,1,0,False,ineligible: tags<2 i (branches<2 o substantive_commits<2 amb 0 commits revisats),classified,,
CyberHarem/iria_fukumune_soicantplayh,0,1,0,False,ineligible: tags<2 i (branches<2 o substantive_commits<2 amb 0 commits revisats),classified,,
electricsheepasia/asia-owid-the-decade-of-the-last-recorded-case-of-paralytic-polio-by-country,0,1,0,False,ineligible: tags<2 i (branches<2 o substantive_commits<2 amb 0 commits revisats),classified,,
Kenneth74541/Brian,0,1,0,False,ineligible: tags<2 i (branches<2 o substantive_commits<2 amb 0 commits revisats),classified,,
futuremoon/x_dataset_23,0,1,0,False,ineligible: tags<2 i (branches<2 o substantive_commits<2 amb 0 commits revisats),classified,,
asingh15/arc-barc-processed-direct-max4k-gpt5miniabstractions-test-qwensols-withcheck-16of16,0,1,0,False,ineligible: tags<2 i (branches<2 o substantive_commits<2 amb 0 commits revisats),classified,,
daaxila/twitter-Omer_Shzd99-2026.02.15-2022899099071320475-PAU2fHdXUlYQJwiF-part1,0,1,0,False,ineligible: tags<2 i (branches<2 o substantive_commits<2 amb 0 commits revisats),classified,,
yilin-wu/droid_HZ6_MF2_TM3_SP0.5,0,1,0,False,ineligible: tags<2 i (branches<2 o substantive_commits<2 amb 0 commits revisats),classified,,
yurifacanha/NCM-RAFT,0,1,0,False,ineligible: tags<2 i (branches<2 o substantive_commits<2 amb 0 commits revisats),classified,,
electricsheepafrica/cgap-smallholder-survey-cote-divoire-2016,0,1,0,False,ineligible: tags<2 i (branches<2 o substantive_commits<2 amb 0 commits revisats),classified,,
electricsheepafrica/africa-tunisia-station-climatique-sidi-bouzid-rayhana-dgacta-7e3cae09,0,1,0,False,ineligible: tags<2 i (branches<2 o substantive_commits<2 amb 0 commits revisats),classified,,
mm-eval/xGQA,0,1,0,False,ineligible: tags<2 i (branches<2 o substantive_commits<2 amb 0 commits revisats),classified,,
HungVu2003/opt-350m_beta_0.2_alpha_0.2_dataset_1_for_gen_2,0,1,0,False,ineligible: tags<2 i (branches<2 o substantive_commits<2 amb 0 commits revisats),classified,,
yrewhtwejhtw/ds_k57w7n2h1x,0,1,0,False,ineligible: tags<2 i (branches<2 o substantive_commits<2 amb 0 commits revisats),classified,,
Pokerme/view2space-v1,0,1,0,False,ineligible: tags<2 i (branches<2 o substantive_commits<2 amb 0 commits revisats),classified,,
Reza2kn/homorich-negara-gemini-tts-69k-v5-regen,0,1,0,False,ineligible: tags<2 i (branches<2 o substantive_commits<2 amb 0 commits revisats),classified,,
qingmai/test,0,1,0,False,ineligible: tags<2 i (branches<2 o substantive_commits<2 amb 0 commits revisats),classified,,
lerobot-data-collection/level2_rac2_14,1,1,0,False,ineligible: tags<2 i (branches<2 o substantive_commits<2 amb 0 commits revisats),classified,,
PJMixers-Images/r_portraitphotography-gemini-2.0-flash-thinking-exp-1219-CustomShareGPT,0,1,0,False,ineligible: tags<2 i (branches<2 o substantive_commits<2 amb 0 commits revisats),classified,,
buschbd7/chapter_47C_general_statutes,0,1,0,False,ineligible: tags<2 i (branches<2 o substantive_commits<2 amb 0 commits revisats),classified,,
electricsheepafrica/africa-sudan-deep-extracts-related-to-the-sudan-2023-situational-analys-2fa7fcdb,0,1,0,False,ineligible: tags<2 i (branches<2 o substantive_commits<2 amb 0 commits revisats),classified,,
TechFrancesco/kairochat-model,0,1,0,False,ineligible: tags<2 i (branches<2 o substantive_commits<2 amb 0 commits revisats),classified,,
Haruto2099/USTBench-Dataset,0,1,0,False,ineligible: tags<2 i (branches<2 o substantive_commits<2 amb 0 commits revisats),classified,,
danielydavidnf/MBKWjdZD,0,1,0,False,ineligible: tags<2 i (branches<2 o substantive_commits<2 amb 0 commits revisats),classified,,
KORLASU1/train_emotion_spring_2024,0,1,0,False,ineligible: tags<2 i (branches<2 o substantive_commits<2 amb 0 commits revisats),classified,,
Rammadaeus/poc-segv-in-tflite-invoke-id002495sig11src015671time30834935,0,0,0,False,,access_restricted,access_restricted,"403 Client Error. (Request ID: Root=1-6ab80983-232459c162cde200060d29db;f7b7090c-64de-4955-89c4-5a890a1f459b)

Cannot ac"
E11QDASD/2F3WGFWEG,0,1,0,False,ineligible: tags<2 i (branches<2 o substantive_commits<2 amb 0 commits revisats),classified,,
acomasma/lsun_churches_query-answers,0,1,0,False,ineligible: tags<2 i (branches<2 o substantive_commits<2 amb 0 commits revisats),classified,,
agrpankaj/COT_QNA_DOWRY_DATASET,0,1,0,False,ineligible: tags<2 i (branches<2 o substantive_commits<2 amb 0 commits revisats),classified,,
samI1396/smartbot.nqi,0,1,0,False,ineligible: tags<2 i (branches<2 o substantive_commits<2 amb 0 commits revisats),classified,,
holygleb/asr-correction-ru,0,1,0,False,ineligible: tags<2 i (branches<2 o substantive_commits<2 amb 0 commits revisats),classified,,
AIR-Bench/qa_web_ar,0,1,0,False,ineligible: tags<2 i (branches<2 o substantive_commits<2 amb 0 commits revisats),classified,,
DCAgent2/DCAgent2_bfcl-parity_laion_kimi-k2t-neulab-synatra-32ep-131k_20260226_210750,0,1,0,False,ineligible: tags<2 i (branches<2 o substantive_commits<2 amb 0 commits revisats),classified,,
atomic-sam/osworld-task-files,0,1,0,False,ineligible: tags<2 i (branches<2 o substantive_commits<2 amb 0 commits revisats),classified,,
Ngat/NgatNang,0,1,0,False,ineligible: tags<2 i (branches<2 o substantive_commits<2 amb 0 commits revisats),classified,,
burkimbia/fr_moore_data_split,0,0,0,False,,access_restricted,access_restricted,"403 Client Error. (Request ID: Root=1-6ab80984-12c116bd61ee0732293e8d4b;a912f2d7-949f-457d-a262-ffd3daf9401e)

Cannot ac"
Recag/wikipedia_16,0,1,0,False,ineligible: tags<2 i (branches<2 o substantive_commits<2 amb 0 commits revisats),classified,,
ant0nh/pnp_toy,1,1,0,False,ineligible: tags<2 i (branches<2 o substantive_commits<2 amb 0 commits revisats),classified,,
Bretagne/Glossaire_relations_professionnelles,0,1,0,False,ineligible: tags<2 i (branches<2 o substantive_commits<2 amb 0 commits revisats),classified,,
abanm/preprocessed-leetcode-multi-shot,0,1,0,False,ineligible: tags<2 i (branches<2 o substantive_commits<2 amb 0 commits revisats),classified,,
lerobot-data-collection/round1_1,1,2,1,False,ineligible: tags<2 i (branches<2 o substantive_commits<2 amb 3 commits revisats),classified,,
s2keumi/service-tqz3i,0,1,0,False,ineligible: tags<2 i (branches<2 o substantive_commits<2 amb 0 commits revisats),classified,,
jeggers/laion_mazes_formatted,0,1,0,False,ineligible: tags<2 i (branches<2 o substantive_commits<2 amb 0 commits revisats),classified,,
srgaasgv/SDABFSFNB,0,1,0,False,ineligible: tags<2 i (branches<2 o substantive_commits<2 amb 0 commits revisats),classified,,
JoSw-14/chem-281-5281,0,1,0,False,ineligible: tags<2 i (branches<2 o substantive_commits<2 amb 0 commits revisats),classified,,
Legacy-RE/cagliostro-colab-ui,0,1,0,False,ineligible: tags<2 i (branches<2 o substantive_commits<2 amb 0 commits revisats),classified,,
liuyanchen1015/MULTI_VALUE_mnli_verbal_ing_suffix,0,1,0,False,ineligible: tags<2 i (branches<2 o substantive_commits<2 amb 0 commits revisats),classified,,
alibaba-pai/DistilQwen_100k,0,1,0,False,ineligible: tags<2 i (branches<2 o substantive_commits<2 amb 0 commits revisats),classified,,
KennethEnevoldsen/test,0,1,0,False,ineligible: tags<2 i (branches<2 o substantive_commits<2 amb 0 commits revisats),classified,,
LXY520/BQ66631,0,1,0,False,ineligible: tags<2 i (branches<2 o substantive_commits<2 amb 0 commits revisats),classified,,
electricsheepafrica/africa-angola-unicef-esaro-regional-db-31-march-2018-a116c288,0,1,0,False,ineligible: tags<2 i (branches<2 o substantive_commits<2 amb 0 commits revisats),classified,,
dennis-isaksen/ocrs-hiertext-additional-lang-synth,0,1,0,False,ineligible: tags<2 i (branches<2 o substantive_commits<2 amb 0 commits revisats),classified,,
Clync/DATN_data1,0,1,0,False,ineligible: tags<2 i (branches<2 o substantive_commits<2 amb 0 commits revisats),classified,,
AdrienB134/voxpopuli-test-words-temp,0,1,0,False,ineligible: tags<2 i (branches<2 o substantive_commits<2 amb 0 commits revisats),classified,,
jjoverv/redescubrastyle,0,1,0,False,ineligible: tags<2 i (branches<2 o substantive_commits<2 amb 0 commits revisats),classified,,
antonlabate/synthetic-simple-text-to-AMR-SQL-pt-glg-grn-cym,0,1,0,False,ineligible: tags<2 i (branches<2 o substantive_commits<2 amb 0 commits revisats),classified,,
harry5081/record-test,0,1,0,False,ineligible: tags<2 i (branches<2 o substantive_commits<2 amb 0 commits revisats),classified,,
arjunsinghyadav2/lego_sort_b8_03022026,1,1,0,False,ineligible: tags<2 i (branches<2 o substantive_commits<2 amb 0 commits revisats),classified,,
FiveC/tayvi_combine_50k,0,1,0,False,ineligible: tags<2 i (branches<2 o substantive_commits<2 amb 0 commits revisats),classified,,
Zeiyre/poc-picklescan-importlib-bypass,0,1,0,False,ineligible: tags<2 i (branches<2 o substantive_commits<2 amb 0 commits revisats),classified,,
maharshpatelx/realGUI-800K,0,1,0,False,ineligible: tags<2 i (branches<2 o substantive_commits<2 amb 0 commits revisats),classified,,
Taywon/gsm8k_Llama-3.1-8B-Instruct_deer_paraphrased_sjt,0,1,0,False,ineligible: tags<2 i (branches<2 o substantive_commits<2 amb 0 commits revisats),classified,,
sinhasagar507/mix_temp07,0,1,0,False,ineligible: tags<2 i (branches<2 o substantive_commits<2 amb 0 commits revisats),classified,,
lukebhan/peter-example,0,1,0,False,ineligible: tags<2 i (branches<2 o substantive_commits<2 amb 0 commits revisats),classified,,
HojinJung/IsaacSim_apple_harvesting_20260707,0,1,0,False,ineligible: tags<2 i (branches<2 o substantive_commits<2 amb 0 commits revisats),classified,,
masambatukam/jdsiabsbdb,0,1,0,False,ineligible: tags<2 i (branches<2 o substantive_commits<2 amb 0 commits revisats),classified,,
viethaa/concordia-hanoi-rooms,0,1,0,False,ineligible: tags<2 i (branches<2 o substantive_commits<2 amb 0 commits revisats),classified,,
autoevaluate/autoeval-staging-eval-project-adversarial_qa-8ac5f360-11845582,0,1,0,False,ineligible: tags<2 i (branches<2 o substantive_commits<2 amb 0 commits revisats),classified,,
DopeorNope/New_DPO_dataset,0,1,0,False,ineligible: tags<2 i (branches<2 o substantive_commits<2 amb 0 commits revisats),classified,,
mindywu/synthdog-zh-tw,0,1,0,False,ineligible: tags<2 i (branches<2 o substantive_commits<2 amb 0 commits revisats),classified,,
insagur/nbdd091c8b1c5,0,1,0,False,ineligible: tags<2 i (branches<2 o substantive_commits<2 amb 0 commits revisats),classified,,
J-joon/aloha_sim_insertion_espada_final,1,1,0,False,ineligible: tags<2 i (branches<2 o substantive_commits<2 amb 0 commits revisats),classified,,
smirzap/garuda-indonesian-part,0,1,0,False,ineligible: tags<2 i (branches<2 o substantive_commits<2 amb 0 commits revisats),classified,,
OpenTextVault/OpenTextVault,0,1,0,False,ineligible: tags<2 i (branches<2 o substantive_commits<2 amb 0 commits revisats),classified,,
paulrichmond/hep_ph_gr_qc_gen2,0,1,0,False,ineligible: tags<2 i (branches<2 o substantive_commits<2 amb 0 commits revisats),classified,,
ude-chatbot/llama2-chat-dmcvs,0,1,0,False,ineligible: tags<2 i (branches<2 o substantive_commits<2 amb 0 commits revisats),classified,,
DCAgent2/swebench_verified_random_100_folders_a1_quixbugs_20260406_035331-traces,0,1,0,False,ineligible: tags<2 i (branches<2 o substantive_commits<2 amb 0 commits revisats),classified,,
zjhhhh/iter2_7b_multi_gap_0.17_scores_base_5,0,1,0,False,ineligible: tags<2 i (branches<2 o substantive_commits<2 amb 0 commits revisats),classified,,
DCAgent2/DCAgent2_bfcl-parity_laion_exp-syh-r2egym-askllm-constrained_glm_4_7_traces_jupbb4af90b,0,1,0,False,ineligible: tags<2 i (branches<2 o substantive_commits<2 amb 0 commits revisats),classified,,
vg055/RestMex2023_unsupervized-corpus_DataAugV2,0,1,0,False,ineligible: tags<2 i (branches<2 o substantive_commits<2 amb 0 commits revisats),classified,,
odellus/eval_act_so100_grasp,1,1,0,False,ineligible: tags<2 i (branches<2 o substantive_commits<2 amb 0 commits revisats),classified,,
victorcosta/ria_pt__proems_format,0,0,0,False,,access_restricted,access_restricted,"403 Client Error. (Request ID: Root=1-6ab80986-02d7bf2c3c3a6a1f395f6748;4884f7f9-ec48-4010-9623-c1c863abcb99)

Cannot ac"
Hrbacgq/NYC_LIVE_LEADS,0,1,0,False,ineligible: tags<2 i (branches<2 o substantive_commits<2 amb 0 commits revisats),classified,,
HenryZhang/rfm_block_test1765944633.657137,0,1,0,False,ineligible: tags<2 i (branches<2 o substantive_commits<2 amb 0 commits revisats),classified,,
r3hab/mindhunter,0,1,0,False,ineligible: tags<2 i (branches<2 o substantive_commits<2 amb 0 commits revisats),classified,,
kpinquan/vaultwarden,0,1,0,False,ineligible: tags<2 i (branches<2 o substantive_commits<2 amb 0 commits revisats),classified,,
opensima36/gas_station_simulator_recordings_02,0,0,0,False,,access_restricted,access_restricted,"403 Client Error. (Request ID: Root=1-6ab80986-536996e13ed99b8c0d79b8f0;86f047b9-217e-43fa-96f9-2957f67ffa41)

Cannot ac"
phanvancongthanh/pubchem_bioassay,0,1,0,False,ineligible: tags<2 i (branches<2 o substantive_commits<2 amb 0 commits revisats),classified,,
Gecko51/Gecko_Mind,0,1,0,False,ineligible: tags<2 i (branches<2 o substantive_commits<2 amb 0 commits revisats),classified,,
leobianco/eval_npov_SFT_google_S200898_epo25_lr1e-4_r8_2506111442_gens_T0.1,0,1,0,False,ineligible: tags<2 i (branches<2 o substantive_commits<2 amb 0 commits revisats),classified,,
french-open-data/tableau-de-suivi-des-ouvertures-de-donnees-codes-sources-et-api-publics,0,1,0,False,ineligible: tags<2 i (branches<2 o substantive_commits<2 amb 0 commits revisats),classified,,
YipingZhang/unlearning_negative_jsonl,0,1,0,False,ineligible: tags<2 i (branches<2 o substantive_commits<2 amb 0 commits revisats),classified,,
HenryWaltson/TMDB-IMDB-Movies-Dataset,0,1,0,False,ineligible: tags<2 i (branches<2 o substantive_commits<2 amb 0 commits revisats),classified,,
chen1028/Cl-Containing-Compound,0,1,0,False,ineligible: tags<2 i (branches<2 o substantive_commits<2 amb 0 commits revisats),classified,,
jeqcho/qwen-2.5-0.5b-instruct-panda-numbers-run-4,0,1,0,False,ineligible: tags<2 i (branches<2 o substantive_commits<2 amb 0 commits revisats),classified,,
EKKADMAUR/Locations,0,1,0,False,ineligible: tags<2 i (branches<2 o substantive_commits<2 amb 0 commits revisats),classified,,
mlfoundations-cua-dev/easyr1-10k-omniparser-prompt-ablation-qwen-tool-call-with-resolution-4MP,0,1,0,False,ineligible: tags<2 i (branches<2 o substantive_commits<2 amb 0 commits revisats),classified,,
vpraise00/raise-medicine-insert-pill-sft5-v000,0,1,0,False,ineligible: tags<2 i (branches<2 o substantive_commits<2 amb 0 commits revisats),classified,,
ashercn97/example-preference-dataset2_work6,0,1,0,False,ineligible: tags<2 i (branches<2 o substantive_commits<2 amb 0 commits revisats),classified,,
xiaotuanli/TQpJS8zE,0,1,0,False,ineligible: tags<2 i (branches<2 o substantive_commits<2 amb 0 commits revisats),classified,,
JingweiNi/test_math_no_prm800k_Qwen3-8B_8_shard_5,0,1,0,False,ineligible: tags<2 i (branches<2 o substantive_commits<2 amb 0 commits revisats),classified,,
yfji/DDP,0,0,0,False,,access_restricted,access_restricted,"403 Client Error. (Request ID: Root=1-6ab80986-1315430662ea979b07674e39;ecc2e3e3-eaab-4ac6-bff7-c045962ec194)

Cannot ac"
thirumalamamu/FinReflectKG,0,1,0,False,ineligible: tags<2 i (branches<2 o substantive_commits<2 amb 0 commits revisats),classified,,
synthetic-code-training/easy50_gpt55-student_50i,0,1,0,False,ineligible: tags<2 i (branches<2 o substantive_commits<2 amb 0 commits revisats),classified,,
r2e-edits/32b_swebv_temp09_15_new_verifier_fixes,0,1,0,False,ineligible: tags<2 i (branches<2 o substantive_commits<2 amb 0 commits revisats),classified,,
zjhhhh/iter2_7b_fullcheck_perprompt_scores_base_16,0,1,0,False,ineligible: tags<2 i (branches<2 o substantive_commits<2 amb 0 commits revisats),classified,,
open-llm-leaderboard/DreadPoor__Fu_sion_HA-8B-SLERP-details,0,0,0,False,,access_restricted,access_restricted,"403 Client Error. (Request ID: Root=1-6ab80987-7eae23986fbb2759302ecb0b;33c2f87b-fba1-4c0c-92d3-d3e9cf80d9c0)

Cannot ac"
vidsterbroyo/2016-12.pgn,0,1,0,False,ineligible: tags<2 i (branches<2 o substantive_commits<2 amb 0 commits revisats),classified,,
RataRadfar/gemma-2b-jailbreak-behavior-dataset-v2,0,1,0,False,ineligible: tags<2 i (branches<2 o substantive_commits<2 amb 0 commits revisats),classified,,
Anlorla/sweep_to_E_and_recover_lerobot21,0,1,0,False,ineligible: tags<2 i (branches<2 o substantive_commits<2 amb 0 commits revisats),classified,,
Earlychildhoodeducation/Learning-Stories-Benchmark,0,1,0,False,ineligible: tags<2 i (branches<2 o substantive_commits<2 amb 0 commits revisats),classified,,
DCAgent2/dcagent-dev-set-71-tasks-dcagent2-nl2bash-verified-glm-4-6-traces-32ep-32k-wd0-64744799,0,1,0,False,ineligible: tags<2 i (branches<2 o substantive_commits<2 amb 0 commits revisats),classified,,
inbarajaldrin/soarm101_resume_test,1,1,0,False,ineligible: tags<2 i (branches<2 o substantive_commits<2 amb 0 commits revisats),classified,,
GitBag/1743981518,0,1,0,False,ineligible: tags<2 i (branches<2 o substantive_commits<2 amb 0 commits revisats),classified,,
DCAgent/exp_rpt_ghactions_glm_4.7_traces_jupiter_upsampled_10k,0,1,0,False,ineligible: tags<2 i (branches<2 o substantive_commits<2 amb 0 commits revisats),classified,,
Asap7772/arc-agi-all-train-Qwen3-1.7B-samp16-3of8,0,1,0,False,ineligible: tags<2 i (branches<2 o substantive_commits<2 amb 0 commits revisats),classified,,
pclucas14/nqa-RAG-256_3_24,0,1,0,False,ineligible: tags<2 i (branches<2 o substantive_commits<2 amb 0 commits revisats),classified,,
liyitenga/am2_bi_test_008,1,1,0,False,ineligible: tags<2 i (branches<2 o substantive_commits<2 amb 0 commits revisats),classified,,
nreimers/reddit_question_best_answers,0,1,0,False,ineligible: tags<2 i (branches<2 o substantive_commits<2 amb 0 commits revisats),classified,,
ali-elganzory/livecodebench-code_generation_lite,0,1,0,False,ineligible: tags<2 i (branches<2 o substantive_commits<2 amb 0 commits revisats),classified,,
sparsetrace/celeba_run1,0,1,0,False,ineligible: tags<2 i (branches<2 o substantive_commits<2 amb 0 commits revisats),classified,,
hcs3d/LJX_Corpus,0,1,0,False,ineligible: tags<2 i (branches<2 o substantive_commits<2 amb 0 commits revisats),classified,,
mlfoundations-dev/OpenThoughts3_eval_901d,0,1,0,False,ineligible: tags<2 i (branches<2 o substantive_commits<2 amb 0 commits revisats),classified,,
dukesun99/uCO3D-I2V,0,1,0,False,ineligible: tags<2 i (branches<2 o substantive_commits<2 amb 0 commits revisats),classified,,
RUnia/IO_teleop_one_episode_piper_example,0,0,0,False,,access_restricted,access_restricted,"403 Client Error. (Request ID: Root=1-6ab80987-389237e27c5e74677c6bb458;60356ece-adc6-49bc-8bc6-356bbba90dd8)

Cannot ac"
JDScript/GrandTour_sampled,0,1,0,False,ineligible: tags<2 i (branches<2 o substantive_commits<2 amb 0 commits revisats),classified,,
amirhossein-zhalehmehrabi/GRAN,0,1,0,False,ineligible: tags<2 i (branches<2 o substantive_commits<2 amb 0 commits revisats),classified,,
SilasUv816/Kalman,0,1,0,False,ineligible: tags<2 i (branches<2 o substantive_commits<2 amb 0 commits revisats),classified,,
alek98/metaworld_button-press-topdown-v3,0,2,1,False,ineligible: tags<2 i (branches<2 o substantive_commits<2 amb 2 commits revisats),classified,,
CyberHarem/sonoda_chiyoko_theidolmstershinycolors,0,1,0,False,ineligible: tags<2 i (branches<2 o substantive_commits<2 amb 0 commits revisats),classified,,
Amouri28/hram-speech-coach-dataset,0,1,0,False,ineligible: tags<2 i (branches<2 o substantive_commits<2 amb 0 commits revisats),classified,,
sara0123456789/urdu-gec-processed-2,0,1,0,False,ineligible: tags<2 i (branches<2 o substantive_commits<2 amb 0 commits revisats),classified,,
CyberHarem/okazaki_yasuha_idolmastercinderellagirls,0,1,0,False,ineligible: tags<2 i (branches<2 o substantive_commits<2 amb 0 commits revisats),classified,,
rl-rag/verifiable_synthetic_varied_depth_o3_verified,0,1,0,False,ineligible: tags<2 i (branches<2 o substantive_commits<2 amb 0 commits revisats),classified,,
nablasinc/Japanese_Video-QA,0,1,0,False,ineligible: tags<2 i (branches<2 o substantive_commits<2 amb 0 commits revisats),classified,,
ClarusC64/ffr-center-performance-drift-detection-v0.1,0,1,0,False,ineligible: tags<2 i (branches<2 o substantive_commits<2 amb 0 commits revisats),classified,,
willtheorangeguy/2024-Welcome-to-the-Narthex-Transcripts,0,1,0,False,ineligible: tags<2 i (branches<2 o substantive_commits<2 amb 0 commits revisats),classified,,
lokaspire/simplrops_rulebased,0,1,0,False,ineligible: tags<2 i (branches<2 o substantive_commits<2 amb 0 commits revisats),classified,,
InstaDeepAI/IDP-Euka-90,0,1,0,False,ineligible: tags<2 i (branches<2 o substantive_commits<2 amb 0 commits revisats),classified,,
RobotisSW/ffw_sg2_rev1_task_250_0128_bokyung_1_edit,1,1,0,False,ineligible: tags<2 i (branches<2 o substantive_commits<2 amb 0 commits revisats),classified,,
argilla-internal-testing/test_import_dataset_from_hub_with_classlabel_798766d7-b28c-4087-9686-cef17204655a,0,1,0,False,ineligible: tags<2 i (branches<2 o substantive_commits<2 amb 0 commits revisats),classified,,
kvenanzi/vandf-rxnorm-pairs,0,1,0,False,ineligible: tags<2 i (branches<2 o substantive_commits<2 amb 0 commits revisats),classified,,
NghiemAbe/Law-text,0,1,0,False,ineligible: tags<2 i (branches<2 o substantive_commits<2 amb 0 commits revisats),classified,,
ramzz22/PKLot,0,1,0,False,ineligible: tags<2 i (branches<2 o substantive_commits<2 amb 0 commits revisats),classified,,
SkyDiff1109/G2A-3,0,1,0,False,ineligible: tags<2 i (branches<2 o substantive_commits<2 amb 0 commits revisats),classified,,
thinhle21941/thinhle21941,0,1,0,False,ineligible: tags<2 i (branches<2 o substantive_commits<2 amb 0 commits revisats),classified,,
quangtvn/_func_test,0,1,0,False,ineligible: tags<2 i (branches<2 o substantive_commits<2 amb 0 commits revisats),classified,,
electricsheepafrica/africa-madagascar-global-subnational-population-statistics-24749842,0,1,0,False,ineligible: tags<2 i (branches<2 o substantive_commits<2 amb 0 commits revisats),classified,,
Onlydrinkwater/intdiv_max1000_sample500000_split0.8,0,1,0,False,ineligible: tags<2 i (branches<2 o substantive_commits<2 amb 0 commits revisats),classified,,
Janmeier820/combined_greytowelfolding,1,1,0,False,ineligible: tags<2 i (branches<2 o substantive_commits<2 amb 0 commits revisats),classified,,
it4lia/PhiUSIIL_cleaned,0,1,0,False,ineligible: tags<2 i (branches<2 o substantive_commits<2 amb 0 commits revisats),classified,,
sci-papers/audio-stuff-diarized,0,1,0,False,ineligible: tags<2 i (branches<2 o substantive_commits<2 amb 0 commits revisats),classified,,
hnbuikho8/fixed_situations,0,1,0,False,ineligible: tags<2 i (branches<2 o substantive_commits<2 amb 0 commits revisats),classified,,
gwesdafSD/uidgnsdnb,0,1,0,False,ineligible: tags<2 i (branches<2 o substantive_commits<2 amb 0 commits revisats),classified,,
suvadityamuk/keras-team-repos-dataset,0,1,0,False,ineligible: tags<2 i (branches<2 o substantive_commits<2 amb 0 commits revisats),classified,,
vohuutridung/genchal,0,1,0,False,ineligible: tags<2 i (branches<2 o substantive_commits<2 amb 0 commits revisats),classified,,
ifeanyi02/LoraQ_005408,0,1,0,False,ineligible: tags<2 i (branches<2 o substantive_commits<2 amb 0 commits revisats),classified,,
yuruny/agentic-sudoku-NonMarkov-qwen2.5-7B_15-20_prm0.05_actor_200merged_0-eval_results,0,1,0,False,ineligible: tags<2 i (branches<2 o substantive_commits<2 amb 0 commits revisats),classified,,
Hanno-Labs/sounds-like-fingerprints,0,1,0,False,ineligible: tags<2 i (branches<2 o substantive_commits<2 amb 0 commits revisats),classified,,
ll4ma-lab/bigbird-meshes-fixed-normals,0,1,0,False,ineligible: tags<2 i (branches<2 o substantive_commits<2 amb 0 commits revisats),classified,,
astro-legacy-archive/heao-1-a2-spectrum-backgrounds,0,1,0,False,ineligible: tags<2 i (branches<2 o substantive_commits<2 amb 0 commits revisats),classified,,
Kasd007/auto-train-1-1776272185951,0,1,0,False,ineligible: tags<2 i (branches<2 o substantive_commits<2 amb 0 commits revisats),classified,,
french-datasets/UdyanSachdev-Multi_Language_Audio2Text,0,1,0,False,ineligible: tags<2 i (branches<2 o substantive_commits<2 amb 0 commits revisats),classified,,
asingh15/arc-barc-processed-direct-max4k-instruct-default-16k-solutions-valid-summaries-8of24,0,1,0,False,ineligible: tags<2 i (branches<2 o substantive_commits<2 amb 0 commits revisats),classified,,
riverfdf/krHAmyXu,0,1,0,False,ineligible: tags<2 i (branches<2 o substantive_commits<2 amb 0 commits revisats),classified,,
DerekAUS/yahma,0,1,0,False,ineligible: tags<2 i (branches<2 o substantive_commits<2 amb 0 commits revisats),classified,,
malaika16/items_lite,0,1,0,False,ineligible: tags<2 i (branches<2 o substantive_commits<2 amb 0 commits revisats),classified,,
sem-man-we/sem-man-img,0,0,0,False,,access_restricted,access_restricted,"403 Client Error. (Request ID: Root=1-6ab80989-42129cbc33fa6729322e5162;ab3c1dd4-837d-4355-8d88-27c86279bcd6)

Cannot ac"
electricsheepafrica/africa-burundi-data-for-the-covid-19-data-explorer-1fccaa47,0,1,0,False,ineligible: tags<2 i (branches<2 o substantive_commits<2 amb 0 commits revisats),classified,,
BerylJones1/mq5Qs7sX,0,1,0,False,ineligible: tags<2 i (branches<2 o substantive_commits<2 amb 0 commits revisats),classified,,
KapoorLabs-Copenhagen/Xenopus_Third_Datasets,0,0,0,False,,access_restricted,access_restricted,"403 Client Error. (Request ID: Root=1-6ab80989-5d9944a5674833e317992aec;e27a7b76-5460-45c4-b574-c3e0e3a5637e)

Cannot ac"
svjack/Male_Diff_Model_SRPO_Qwen_Image_TryOn_Pair,0,1,0,False,ineligible: tags<2 i (branches<2 o substantive_commits<2 amb 0 commits revisats),classified,,
McRa1561/Tay789lor,0,1,0,False,ineligible: tags<2 i (branches<2 o substantive_commits<2 amb 0 commits revisats),classified,,
leonli66/post_train_30b_data,0,1,0,False,ineligible: tags<2 i (branches<2 o substantive_commits<2 amb 0 commits revisats),classified,,
xhaka3456/so100_test_0409,0,2,2,False,ineligible: tags<2 i (branches<2 o substantive_commits<2 amb 5 commits revisats),classified,,
CVasNLPExperiments/OxfordFlowers_test_google_flan_t5_xxl_mode_A_T_ns_100,0,1,0,False,ineligible: tags<2 i (branches<2 o substantive_commits<2 amb 0 commits revisats),classified,,
m-newhauser/food101,0,1,0,False,ineligible: tags<2 i (branches<2 o substantive_commits<2 amb 0 commits revisats),classified,,
bromleyp/ozone_level,0,1,0,False,ineligible: tags<2 i (branches<2 o substantive_commits<2 amb 0 commits revisats),classified,,
MichaelAnthony/snowfox-gemma4-data,0,0,0,False,,error,rate_limited,"(Request ID: Root=1-6ab80a22-51963b641d8e8de93a3fe529;c9691487-d299-402c-a85f-d2d681bb37a2)

429 Too Many Requests: you "
intchous/vec2,0,0,0,False,,error,rate_limited,"(Request ID: Root=1-6ab80a23-4b2a78b03c96853e3dedd559;5185e51e-373b-4c71-ae5d-054abca719f8)

429 Too Many Requests: you "
OSU-AIoT-MLSys-Lab/SuperMemory-VQA,0,1,0,False,ineligible: tags<2 i (branches<2 o substantive_commits<2 amb 0 commits revisats),classified,,
ScarAlcar/CARTE,0,1,0,False,ineligible: tags<2 i (branches<2 o substantive_commits<2 amb 0 commits revisats),classified,,
mlfoundations-dev/b2_calc_positive_embeddings_code_leetcode_rosetta,0,1,0,False,ineligible: tags<2 i (branches<2 o substantive_commits<2 amb 0 commits revisats),classified,,
Ekhlass/flutter_constraints,0,1,0,False,ineligible: tags<2 i (branches<2 o substantive_commits<2 amb 0 commits revisats),classified,,
mlfoundations-dev/a1_code_apps_qwq,0,1,0,False,ineligible: tags<2 i (branches<2 o substantive_commits<2 amb 0 commits revisats),classified,,
LEE181204/libero_10_poisoned_T_4,1,1,0,False,ineligible: tags<2 i (branches<2 o substantive_commits<2 amb 0 commits revisats),classified,,
nickfuryavg/mls_eng_chunk_0350000_to_0400000,0,1,0,False,ineligible: tags<2 i (branches<2 o substantive_commits<2 amb 0 commits revisats),classified,,
moomoosir/toeic-vocab-tw,0,1,0,False,ineligible: tags<2 i (branches<2 o substantive_commits<2 amb 0 commits revisats),classified,,
TAUR-dev/Q7BI_reflection__countdown_3arg__reflection_chunk_3,0,1,0,False,ineligible: tags<2 i (branches<2 o substantive_commits<2 amb 0 commits revisats),classified,,
EmbodiedSWE/clear_organic_agent_ab_B400.jointtarget_20hz_20260918,1,1,0,False,ineligible: tags<2 i (branches<2 o substantive_commits<2 amb 0 commits revisats),classified,,
youngpyo/my-text-dataset,0,1,0,False,ineligible: tags<2 i (branches<2 o substantive_commits<2 amb 0 commits revisats),classified,,
Alekya-turing/osworld,0,1,0,False,ineligible: tags<2 i (branches<2 o substantive_commits<2 amb 0 commits revisats),classified,,
Jarrodbarnes/tau2-sft-seed-v3,0,1,0,False,ineligible: tags<2 i (branches<2 o substantive_commits<2 amb 0 commits revisats),classified,,
yhily/ruozhiba-llama3-tt,0,1,0,False,ineligible: tags<2 i (branches<2 o substantive_commits<2 amb 0 commits revisats),classified,,
Akane002/people_daily_news,0,1,0,False,ineligible: tags<2 i (branches<2 o substantive_commits<2 amb 0 commits revisats),classified,,
mzio/aprm-sft_thinkact-Efinqa_reasoning-Gaprm_qwen3_ap-S1-Rfinqa_aprm_0-ap1-best-train_all-b010,0,1,0,False,ineligible: tags<2 i (branches<2 o substantive_commits<2 amb 0 commits revisats),classified,,
LA1512/val_1592_4096,0,1,0,False,ineligible: tags<2 i (branches<2 o substantive_commits<2 amb 0 commits revisats),classified,,
cybershiptrooper/backdoored_helpful_only_completions_probe_type_linear_threshold_0_68,0,1,0,False,ineligible: tags<2 i (branches<2 o substantive_commits<2 amb 0 commits revisats),classified,,
6DammK9/25081601-3m,0,1,0,False,ineligible: tags<2 i (branches<2 o substantive_commits<2 amb 0 commits revisats),classified,,
Klairy/so101_test23,0,1,0,False,ineligible: tags<2 i (branches<2 o substantive_commits<2 amb 0 commits revisats),classified,,
Svngoku/cheick-anta-diop-with-images,0,1,0,False,ineligible: tags<2 i (branches<2 o substantive_commits<2 amb 0 commits revisats),classified,,
CharlieJi/Newsroom,0,1,0,False,ineligible: tags<2 i (branches<2 o substantive_commits<2 amb 0 commits revisats),classified,,
Imadlak/V,0,1,0,False,ineligible: tags<2 i (branches<2 o substantive_commits<2 amb 0 commits revisats),classified,,
TheFactoryX/edition_0504_argilla-databricks-dolly-15k-curated-en-readymade,0,1,0,False,ineligible: tags<2 i (branches<2 o substantive_commits<2 amb 0 commits revisats),classified,,
markury/neoclassical,0,1,0,False,ineligible: tags<2 i (branches<2 o substantive_commits<2 amb 0 commits revisats),classified,,
yogianton93/ne3,0,1,0,False,ineligible: tags<2 i (branches<2 o substantive_commits<2 amb 0 commits revisats),classified,,
marekvollmer/web,0,1,0,False,ineligible: tags<2 i (branches<2 o substantive_commits<2 amb 0 commits revisats),classified,,
oodeh/mpc_training,0,1,0,False,ineligible: tags<2 i (branches<2 o substantive_commits<2 amb 0 commits revisats),classified,,
