timestamp,source,dataset_id,error_category,error_message,retries_attempted
2026-07-08T13:56:40.172110+00:00,sampling,nvidia/Nemotron-CC-Math-v1,access_restricted,"403 Client Error. (Request ID: Root=1-6a4e5718-20f0d811385d0cf244ab607e;ce688e4f-9165-49af-a74d-c01ba1c693ba)

Cannot access gated repo for url https://huggingface.co/api/datasets/nvidia/Nemotron-CC-Math-v1/refs.
Access to dataset nvidia/Nemotron-CC-Math-v1 is restricted and you are not in the authorized list. Visit https://huggingface.co/datasets/nvidia/Nemotron-CC-Math-v1 to ask for access.",0
2026-07-08T13:56:40.463587+00:00,sampling,kyutai/rocket-science,access_restricted,"403 Client Error. (Request ID: Root=1-6a4e5718-29bfc49f71ad0a454b219cfe;af7bfd49-710c-4b5d-bacd-bb728dd8c786)

Cannot access gated repo for url https://huggingface.co/api/datasets/kyutai/rocket-science/refs.
Access to dataset kyutai/rocket-science is restricted and you are not in the authorized list. Visit https://huggingface.co/datasets/kyutai/rocket-science to ask for access.",0
2026-07-08T13:56:40.857240+00:00,sampling,zID4si/CLASSLA_web_sl_2_enriched,access_restricted,"403 Client Error. (Request ID: Root=1-6a4e5718-347557351115741f4c2838d4;40970c4f-8684-4e08-b549-75920180e559)

Cannot access gated repo for url https://huggingface.co/api/datasets/zID4si/CLASSLA_web_sl_2_enriched/refs.
Access to dataset zID4si/CLASSLA_web_sl_2_enriched is restricted and you are not in the authorized list. Visit https://huggingface.co/datasets/zID4si/CLASSLA_web_sl_2_enriched to ask for access.",0
2026-07-08T13:56:42.480665+00:00,sampling,AngelWarmSmile123/deep-art-aesthetics-zh,access_restricted,"403 Client Error. (Request ID: Root=1-6a4e571a-3d3014ed029b87a639fd1f4b;d9c503d3-ca72-4272-945e-1ed55c407121)

Cannot access gated repo for url https://huggingface.co/api/datasets/AngelWarmSmile123/deep-art-aesthetics-zh/refs.
Access to dataset AngelWarmSmile123/deep-art-aesthetics-zh is restricted and you are not in the authorized list. Visit https://huggingface.co/datasets/AngelWarmSmile123/deep-art-aesthetics-zh to ask for access.",0
2026-07-08T13:58:28.987277+00:00,full_scan,kyutai/rocket-science,access_restricted,"403 Client Error. (Request ID: Root=1-6a4e5784-16128a9a7aeb83581196ac65;88dfdf0b-6ca9-4b22-8de2-57742c8de9c8)

Cannot access gated repo for url https://huggingface.co/api/datasets/kyutai/rocket-science/refs.
Access to dataset kyutai/rocket-science is restricted and you are not in the authorized list. Visit https://huggingface.co/datasets/kyutai/rocket-science to ask for access.",0
2026-07-08T13:58:29.252371+00:00,full_scan,bigfacing/GOKU-2M,access_restricted,"403 Client Error. (Request ID: Root=1-6a4e5785-05c11ef07d9463a532734221;2870a506-b22e-42c7-bc77-793302b0cd36)

Cannot access gated repo for url https://huggingface.co/api/datasets/bigfacing/GOKU-2M/refs.
Access to dataset bigfacing/GOKU-2M is restricted and you are not in the authorized list. Visit https://huggingface.co/datasets/bigfacing/GOKU-2M to ask for access.",0
2026-07-08T13:58:29.698609+00:00,full_scan,Goku-2M/GOKU-2M,access_restricted,"403 Client Error. (Request ID: Root=1-6a4e5785-6726a2b14aa9f42051ec4e93;32f31e9b-5c18-4f69-8318-0144bd4f1048)

Cannot access gated repo for url https://huggingface.co/api/datasets/Goku-2M/GOKU-2M/refs.
Access to dataset Goku-2M/GOKU-2M is restricted and you are not in the authorized list. Visit https://huggingface.co/datasets/Goku-2M/GOKU-2M to ask for access.",0
2026-07-08T13:58:29.911285+00:00,full_scan,lmsys/lmsys-chat-1m,access_restricted,"403 Client Error. (Request ID: Root=1-6a4e5785-0577da5977280c2d690fbdb8;d7122027-68b4-46e4-bf96-bc9e3a28381e)

Cannot access gated repo for url https://huggingface.co/api/datasets/lmsys/lmsys-chat-1m/refs.
Access to dataset lmsys/lmsys-chat-1m is restricted and you are not in the authorized list. Visit https://huggingface.co/datasets/lmsys/lmsys-chat-1m to ask for access.",0
2026-07-08T13:58:30.121175+00:00,full_scan,XDOF/ABC-130k,access_restricted,"403 Client Error. (Request ID: Root=1-6a4e5785-7c4bef384dae9cac18a37452;e818ea96-8e94-44e2-bad9-ecfe1762a737)

Cannot access gated repo for url https://huggingface.co/api/datasets/XDOF/ABC-130k/refs.
Access to dataset XDOF/ABC-130k is restricted and you are not in the authorized list. Visit https://huggingface.co/datasets/XDOF/ABC-130k to ask for access.",0
2026-07-08T13:58:30.121457+00:00,full_scan,bones-studio/seed,access_restricted,"403 Client Error. (Request ID: Root=1-6a4e5785-3683b4985652f2cd46075146;8d775c33-3041-4b19-ac35-57788ef35adf)

Cannot access gated repo for url https://huggingface.co/api/datasets/bones-studio/seed/refs.
Access to dataset bones-studio/seed is restricted and you are not in the authorized list. Visit https://huggingface.co/datasets/bones-studio/seed to ask for access.",0
2026-07-08T13:58:30.528471+00:00,full_scan,nvidia/PhysicalAI-Autonomous-Vehicles,access_restricted,"403 Client Error. (Request ID: Root=1-6a4e5786-4aa459eb2e730d5e40b7a2f0;d322546d-4eef-4c07-865b-a54e4555aabb)

Cannot access gated repo for url https://huggingface.co/api/datasets/nvidia/PhysicalAI-Autonomous-Vehicles/refs.
Access to dataset nvidia/PhysicalAI-Autonomous-Vehicles is restricted and you are not in the authorized list. Visit https://huggingface.co/datasets/nvidia/PhysicalAI-Autonomous-Vehicles to ask for access.",0
2026-07-08T13:58:30.660140+00:00,full_scan,nvidia/PhysicalAI-Autonomous-Vehicles-NuRec,access_restricted,"403 Client Error. (Request ID: Root=1-6a4e5786-09b8b212096992d951d1e8e2;c0e1ec43-1649-4204-aad4-4da43f2a9c55)

Cannot access gated repo for url https://huggingface.co/api/datasets/nvidia/PhysicalAI-Autonomous-Vehicles-NuRec/refs.
Access to dataset nvidia/PhysicalAI-Autonomous-Vehicles-NuRec is restricted and you are not in the authorized list. Visit https://huggingface.co/datasets/nvidia/PhysicalAI-Autonomous-Vehicles-NuRec to ask for access.",0
2026-07-08T13:58:30.945907+00:00,full_scan,ministere-culture/comparia-fr-arena,access_restricted,"403 Client Error. (Request ID: Root=1-6a4e5786-6ff93e276b02e1440153306c;8020dcb3-fe7e-4f98-ae63-53840e422c4c)

Cannot access gated repo for url https://huggingface.co/api/datasets/ministere-culture/comparia-fr-arena/refs.
Access to dataset ministere-culture/comparia-fr-arena is restricted and you are not in the authorized list. Visit https://huggingface.co/datasets/ministere-culture/comparia-fr-arena to ask for access.",0
2026-07-08T13:58:31.483047+00:00,full_scan,nvidia/Nemotron-Post-Training-Dataset-v2,access_restricted,"403 Client Error. (Request ID: Root=1-6a4e5787-52992d8e0d27dfa15a522c1c;7624aab5-8d70-4a16-ae46-1a26c3e10283)

Cannot access gated repo for url https://huggingface.co/api/datasets/nvidia/Nemotron-Post-Training-Dataset-v2/refs.
Access to dataset nvidia/Nemotron-Post-Training-Dataset-v2 is restricted and you are not in the authorized list. Visit https://huggingface.co/datasets/nvidia/Nemotron-Post-Training-Dataset-v2 to ask for access.",0
2026-07-08T13:58:31.753515+00:00,full_scan,MicroAtlas/MicroAtlas-2B,access_restricted,"403 Client Error. (Request ID: Root=1-6a4e5787-3bda330b6a8eda087633e232;b9324865-ae01-4d46-a10f-753465dc4897)

Cannot access gated repo for url https://huggingface.co/api/datasets/MicroAtlas/MicroAtlas-2B/refs.
Access to dataset MicroAtlas/MicroAtlas-2B is restricted and you are not in the authorized list. Visit https://huggingface.co/datasets/MicroAtlas/MicroAtlas-2B to ask for access.",0
2026-07-08T13:58:32.570951+00:00,full_scan,bigcode/the-stack,access_restricted,"403 Client Error. (Request ID: Root=1-6a4e5788-236128dc52ad32700ee0a4ef;dd256a59-de9d-4f18-ae27-d2e8d7f3c191)

Cannot access gated repo for url https://huggingface.co/api/datasets/bigcode/the-stack/refs.
Access to dataset bigcode/the-stack is restricted and you are not in the authorized list. Visit https://huggingface.co/datasets/bigcode/the-stack to ask for access.",0
2026-07-08T13:58:32.782590+00:00,full_scan,Idavidrein/gpqa,access_restricted,"403 Client Error. (Request ID: Root=1-6a4e5788-745745422888af8c19de4c18;64e722eb-96d4-4e05-917a-b5ea0238341a)

Cannot access gated repo for url https://huggingface.co/api/datasets/Idavidrein/gpqa/refs.
Access to dataset Idavidrein/gpqa is restricted and you are not in the authorized list. Visit https://huggingface.co/datasets/Idavidrein/gpqa to ask for access.",0
2026-07-08T13:58:32.785270+00:00,full_scan,uonlp/CulturaX,access_restricted,"403 Client Error. (Request ID: Root=1-6a4e5788-3e96544859ea983a24c200f1;32d9b6f3-30bf-4a65-bcd7-b8483089228e)

Cannot access gated repo for url https://huggingface.co/api/datasets/uonlp/CulturaX/refs.
Access to dataset uonlp/CulturaX is restricted and you are not in the authorized list. Visit https://huggingface.co/datasets/uonlp/CulturaX to ask for access.",0
2026-07-08T13:58:32.787358+00:00,full_scan,gaia-benchmark/GAIA,access_restricted,"403 Client Error. (Request ID: Root=1-6a4e5788-1d8966377571ac0f6d196320;ad62cf20-37d2-4d60-aed7-378b12c2a74c)

Cannot access gated repo for url https://huggingface.co/api/datasets/gaia-benchmark/GAIA/refs.
Access to dataset gaia-benchmark/GAIA is restricted and you are not in the authorized list. Visit https://huggingface.co/datasets/gaia-benchmark/GAIA to ask for access.",0
2026-07-08T13:58:32.990806+00:00,full_scan,bigcode/the-stack-v2,access_restricted,"403 Client Error. (Request ID: Root=1-6a4e5788-042fc8365485e2ec257a6b4d;c15ab31c-b853-46e7-a4d4-0457b58c8c94)

Cannot access gated repo for url https://huggingface.co/api/datasets/bigcode/the-stack-v2/refs.
Access to dataset bigcode/the-stack-v2 is restricted and you are not in the authorized list. Visit https://huggingface.co/datasets/bigcode/the-stack-v2 to ask for access.",0
2026-07-08T13:58:33.125967+00:00,full_scan,cais/hle,access_restricted,"403 Client Error. (Request ID: Root=1-6a4e5789-4305d0a7129da1bd42efbcd0;d6225c42-6084-44dd-817c-464ef8660a83)

Cannot access gated repo for url https://huggingface.co/api/datasets/cais/hle/refs.
Access to dataset cais/hle is restricted and you are not in the authorized list. Visit https://huggingface.co/datasets/cais/hle to ask for access.",0
2026-07-08T13:58:33.424547+00:00,full_scan,builddotai/Egocentric-100K,access_restricted,"403 Client Error. (Request ID: Root=1-6a4e5789-5550cfbd5af4938b2264a09b;1eae36cc-a7b2-4d97-8bae-16f3667092b2)

Cannot access gated repo for url https://huggingface.co/api/datasets/builddotai/Egocentric-100K/refs.
Access to dataset builddotai/Egocentric-100K is restricted and you are not in the authorized list. Visit https://huggingface.co/datasets/builddotai/Egocentric-100K to ask for access.",0
2026-07-08T13:58:33.587822+00:00,full_scan,openbmb/UltraData-SFT-2605,access_restricted,"403 Client Error. (Request ID: Root=1-6a4e5789-45f342990b3dfccb24100e02;f57f5711-7d68-41a3-8571-2c757c6d9c01)

Cannot access gated repo for url https://huggingface.co/api/datasets/openbmb/UltraData-SFT-2605/refs.
Access to dataset openbmb/UltraData-SFT-2605 is restricted and you are not in the authorized list. Visit https://huggingface.co/datasets/openbmb/UltraData-SFT-2605 to ask for access.",0
2026-07-08T13:58:34.145622+00:00,full_scan,ILSVRC/imagenet-1k,access_restricted,"403 Client Error. (Request ID: Root=1-6a4e578a-155a87ad0d4e91460f5281fe;4116e88e-8f54-4a11-b025-054ec2ead9e1)

Cannot access gated repo for url https://huggingface.co/api/datasets/ILSVRC/imagenet-1k/refs.
Access to dataset ILSVRC/imagenet-1k is restricted and you are not in the authorized list. Visit https://huggingface.co/datasets/ILSVRC/imagenet-1k to ask for access.",0
2026-07-08T13:58:35.447008+00:00,full_scan,HuggingFaceFV/finevideo,access_restricted,"403 Client Error. (Request ID: Root=1-6a4e578b-1e4e43c658f145d578e10dc4;f2d85b27-1711-4b72-a3d8-5464339b6db4)

Cannot access gated repo for url https://huggingface.co/api/datasets/HuggingFaceFV/finevideo/refs.
Access to dataset HuggingFaceFV/finevideo is restricted and you are not in the authorized list. Visit https://huggingface.co/datasets/HuggingFaceFV/finevideo to ask for access.",0
2026-07-08T13:58:50.825477+00:00,full_scan,nvidia/Nemotron-Pretraining-SFT-v1,access_restricted,"403 Client Error. (Request ID: Root=1-6a4e579a-21b5208f70356d7911b7a095;c27990b4-88e3-4c9f-bfd6-f73f907cd0e7)

Cannot access gated repo for url https://huggingface.co/api/datasets/nvidia/Nemotron-Pretraining-SFT-v1/refs.
Access to dataset nvidia/Nemotron-Pretraining-SFT-v1 is restricted and you are not in the authorized list. Visit https://huggingface.co/datasets/nvidia/Nemotron-Pretraining-SFT-v1 to ask for access.",0
2026-07-08T13:58:51.585033+00:00,full_scan,5CD-AI/Viet-Handwriting-OCR-v2,access_restricted,"403 Client Error. (Request ID: Root=1-6a4e579b-1298a90a722035ba182d21c8;2a19ad42-7b1e-4971-8f69-13acb5bfca25)

Cannot access gated repo for url https://huggingface.co/api/datasets/5CD-AI/Viet-Handwriting-OCR-v2/refs.
Access to dataset 5CD-AI/Viet-Handwriting-OCR-v2 is restricted and you are not in the authorized list. Visit https://huggingface.co/datasets/5CD-AI/Viet-Handwriting-OCR-v2 to ask for access.",0
2026-07-08T13:58:51.992283+00:00,full_scan,hotdogs/uka-fable-reasoning,access_restricted,"403 Client Error. (Request ID: Root=1-6a4e579b-7aa751c92dbc44d61efb26ee;63005bf9-e525-48b1-8c78-7ff949c681bf)

Cannot access gated repo for url https://huggingface.co/api/datasets/hotdogs/uka-fable-reasoning/refs.
Access to dataset hotdogs/uka-fable-reasoning is restricted and you are not in the authorized list. Visit https://huggingface.co/datasets/hotdogs/uka-fable-reasoning to ask for access.",0
2026-07-08T13:59:46.114332+00:00,full_scan,RingoWRW97/AirZoo-Real,access_restricted,"403 Client Error. (Request ID: Root=1-6a4e57d2-38d2e64e63908bb879df18ec;93405d3e-1812-4b66-bbeb-cb870d6ac1a8)

Cannot access gated repo for url https://huggingface.co/api/datasets/RingoWRW97/AirZoo-Real/refs.
Access to dataset RingoWRW97/AirZoo-Real is restricted and you are not in the authorized list. Visit https://huggingface.co/datasets/RingoWRW97/AirZoo-Real to ask for access.",0
2026-07-08T13:59:46.250963+00:00,full_scan,MechIntelligence/manufacturing-digital-gene-dataset,access_restricted,"403 Client Error. (Request ID: Root=1-6a4e57d2-2c14a5bb19cd623b116b741b;60b3f055-609e-4808-80d4-d9c0791c5089)

Cannot access gated repo for url https://huggingface.co/api/datasets/MechIntelligence/manufacturing-digital-gene-dataset/refs.
Access to dataset MechIntelligence/manufacturing-digital-gene-dataset is restricted and you are not in the authorized list. Visit https://huggingface.co/datasets/MechIntelligence/manufacturing-digital-gene-dataset to ask for access.",0
2026-07-08T13:59:48.770227+00:00,full_scan,speechcolab/gigaspeech2,access_restricted,"403 Client Error. (Request ID: Root=1-6a4e57d4-4b64263b1c08f77b19fc8351;02fc0a90-1985-4b03-928d-372a87650491)

Cannot access gated repo for url https://huggingface.co/api/datasets/speechcolab/gigaspeech2/refs.
Access to dataset speechcolab/gigaspeech2 is restricted and you are not in the authorized list. Visit https://huggingface.co/datasets/speechcolab/gigaspeech2 to ask for access.",0
2026-07-08T13:59:48.905359+00:00,full_scan,allenai/wildguardmix,access_restricted,"403 Client Error. (Request ID: Root=1-6a4e57d4-6022709244972d0b0bbeae03;c051d013-d01d-46e2-8b0c-85ac4983f219)

Cannot access gated repo for url https://huggingface.co/api/datasets/allenai/wildguardmix/refs.
Access to dataset allenai/wildguardmix is restricted and you are not in the authorized list. Visit https://huggingface.co/datasets/allenai/wildguardmix to ask for access.",0
2026-07-08T13:59:48.958441+00:00,full_scan,walledai/HarmBench,access_restricted,"403 Client Error. (Request ID: Root=1-6a4e57d4-46481f882f7329aa52fdf751;c1bbd899-4c3f-4935-8026-0187f4df7ae0)

Cannot access gated repo for url https://huggingface.co/api/datasets/walledai/HarmBench/refs.
Access to dataset walledai/HarmBench is restricted and you are not in the authorized list. Visit https://huggingface.co/datasets/walledai/HarmBench to ask for access.",0
2026-07-08T13:59:49.041491+00:00,full_scan,jamessyx/PathMMU,access_restricted,"403 Client Error. (Request ID: Root=1-6a4e57d4-2f3d43c6723b5bf470809084;24837cad-fec8-4a84-954b-fdd9a456d60d)

Cannot access gated repo for url https://huggingface.co/api/datasets/jamessyx/PathMMU/refs.
Access to dataset jamessyx/PathMMU is restricted and you are not in the authorized list. Visit https://huggingface.co/datasets/jamessyx/PathMMU to ask for access.",0
2026-07-08T13:59:49.094955+00:00,full_scan,amphion/Emilia-Dataset,access_restricted,"403 Client Error. (Request ID: Root=1-6a4e57d5-26d214fb4aa435b6247d1d40;009f2a2f-7ae6-4af2-b7b8-73aefa5ddc08)

Cannot access gated repo for url https://huggingface.co/api/datasets/amphion/Emilia-Dataset/refs.
Access to dataset amphion/Emilia-Dataset is restricted and you are not in the authorized list. Visit https://huggingface.co/datasets/amphion/Emilia-Dataset to ask for access.",0
2026-07-08T13:59:49.816383+00:00,full_scan,NhutP/VietSpeech,access_restricted,"403 Client Error. (Request ID: Root=1-6a4e57d5-5a0e2c1777ad955b796b013a;96195cdb-79c9-498d-b39f-2d3cc1557fa1)

Cannot access gated repo for url https://huggingface.co/api/datasets/NhutP/VietSpeech/refs.
Access to dataset NhutP/VietSpeech is restricted and you are not in the authorized list. Visit https://huggingface.co/datasets/NhutP/VietSpeech to ask for access.",0
2026-07-08T13:59:50.362215+00:00,full_scan,SynthLabsAI/Big-Math-RL-Verified,access_restricted,"403 Client Error. (Request ID: Root=1-6a4e57d6-4959533027f3daea77de5a4a;6d426afb-7939-41fe-9ca4-199ceb497f4b)

Cannot access gated repo for url https://huggingface.co/api/datasets/SynthLabsAI/Big-Math-RL-Verified/refs.
Access to dataset SynthLabsAI/Big-Math-RL-Verified is restricted and you are not in the authorized list. Visit https://huggingface.co/datasets/SynthLabsAI/Big-Math-RL-Verified to ask for access.",0
2026-07-08T13:59:50.526799+00:00,full_scan,ai4bharat/IndicVoices,access_restricted,"403 Client Error. (Request ID: Root=1-6a4e57d6-0b0444c9760c2aff30179741;1ebd5d06-14a3-4686-90b5-1b31981e0b8d)

Cannot access gated repo for url https://huggingface.co/api/datasets/ai4bharat/IndicVoices/refs.
Access to dataset ai4bharat/IndicVoices is restricted and you are not in the authorized list. Visit https://huggingface.co/datasets/ai4bharat/IndicVoices to ask for access.",0
2026-07-08T13:59:50.766711+00:00,full_scan,ai4bharat/Rasa,access_restricted,"403 Client Error. (Request ID: Root=1-6a4e57d6-69aba4c338a6f4ad74897466;66ff8c68-0a4a-4649-bcdd-c0c2716d5c7f)

Cannot access gated repo for url https://huggingface.co/api/datasets/ai4bharat/Rasa/refs.
Access to dataset ai4bharat/Rasa is restricted and you are not in the authorized list. Visit https://huggingface.co/datasets/ai4bharat/Rasa to ask for access.",0
2026-07-08T13:59:50.898224+00:00,full_scan,histai/HISTAI-colorectal-b1,access_restricted,"403 Client Error. (Request ID: Root=1-6a4e57d6-35b3da82328496a44c41b76a;e206530b-6fee-443e-b433-baa9bc43b5ae)

Cannot access gated repo for url https://huggingface.co/api/datasets/histai/HISTAI-colorectal-b1/refs.
Access to dataset histai/HISTAI-colorectal-b1 is restricted and you are not in the authorized list. Visit https://huggingface.co/datasets/histai/HISTAI-colorectal-b1 to ask for access.",0
2026-07-08T13:59:50.917891+00:00,full_scan,histai/HISTAI-skin-b1,access_restricted,"403 Client Error. (Request ID: Root=1-6a4e57d6-1394b87b6e80a67718059939;d498f9a4-5a9d-45f4-9225-ac5e572b21cd)

Cannot access gated repo for url https://huggingface.co/api/datasets/histai/HISTAI-skin-b1/refs.
Access to dataset histai/HISTAI-skin-b1 is restricted and you are not in the authorized list. Visit https://huggingface.co/datasets/histai/HISTAI-skin-b1 to ask for access.",0
2026-07-08T13:59:50.935729+00:00,full_scan,histai/HISTAI-skin-b2,access_restricted,"403 Client Error. (Request ID: Root=1-6a4e57d6-0abf2123782af29534cfe88d;cd5204eb-bd2f-451c-b016-8933e5b25d16)

Cannot access gated repo for url https://huggingface.co/api/datasets/histai/HISTAI-skin-b2/refs.
Access to dataset histai/HISTAI-skin-b2 is restricted and you are not in the authorized list. Visit https://huggingface.co/datasets/histai/HISTAI-skin-b2 to ask for access.",0
2026-07-08T13:59:51.001923+00:00,full_scan,histai/HISTAI-colorectal-b2,access_restricted,"403 Client Error. (Request ID: Root=1-6a4e57d6-7ff1551f521617051f39f0eb;9a0e63cb-9e0f-42a7-bcea-12e91c2bfff6)

Cannot access gated repo for url https://huggingface.co/api/datasets/histai/HISTAI-colorectal-b2/refs.
Access to dataset histai/HISTAI-colorectal-b2 is restricted and you are not in the authorized list. Visit https://huggingface.co/datasets/histai/HISTAI-colorectal-b2 to ask for access.",0
2026-07-08T13:59:51.030829+00:00,full_scan,histai/HISTAI-gastrointestinal,access_restricted,"403 Client Error. (Request ID: Root=1-6a4e57d6-04df92c02979f9d16011488f;4ae126ad-970e-4894-bbc6-1c9b6c7cdfef)

Cannot access gated repo for url https://huggingface.co/api/datasets/histai/HISTAI-gastrointestinal/refs.
Access to dataset histai/HISTAI-gastrointestinal is restricted and you are not in the authorized list. Visit https://huggingface.co/datasets/histai/HISTAI-gastrointestinal to ask for access.",0
2026-07-08T13:59:51.055932+00:00,full_scan,histai/HISTAI-hematologic,access_restricted,"403 Client Error. (Request ID: Root=1-6a4e57d6-34da079c0371c87c0ca4e553;fc2e37f5-81ef-48c8-a7f4-532057787390)

Cannot access gated repo for url https://huggingface.co/api/datasets/histai/HISTAI-hematologic/refs.
Access to dataset histai/HISTAI-hematologic is restricted and you are not in the authorized list. Visit https://huggingface.co/datasets/histai/HISTAI-hematologic to ask for access.",0
2026-07-08T13:59:51.220189+00:00,full_scan,histai/HISTAI-metadata,access_restricted,"403 Client Error. (Request ID: Root=1-6a4e57d7-687c62af0724468e57aada7a;56441c55-538d-42b3-a70f-e0cd370b14dd)

Cannot access gated repo for url https://huggingface.co/api/datasets/histai/HISTAI-metadata/refs.
Access to dataset histai/HISTAI-metadata is restricted and you are not in the authorized list. Visit https://huggingface.co/datasets/histai/HISTAI-metadata to ask for access.",0
2026-07-08T13:59:51.225294+00:00,full_scan,histai/HISTAI-thorax,access_restricted,"403 Client Error. (Request ID: Root=1-6a4e57d7-44fa45613d8ea8296d36976b;afb2ab05-ad43-43d5-ac4c-6ea4e706025b)

Cannot access gated repo for url https://huggingface.co/api/datasets/histai/HISTAI-thorax/refs.
Access to dataset histai/HISTAI-thorax is restricted and you are not in the authorized list. Visit https://huggingface.co/datasets/histai/HISTAI-thorax to ask for access.",0
2026-07-08T13:59:51.225641+00:00,full_scan,histai/HISTAI-breast,access_restricted,"403 Client Error. (Request ID: Root=1-6a4e57d7-77c448461e904c3359907c82;b46a1b45-1b76-40ed-8302-baf2941d5539)

Cannot access gated repo for url https://huggingface.co/api/datasets/histai/HISTAI-breast/refs.
Access to dataset histai/HISTAI-breast is restricted and you are not in the authorized list. Visit https://huggingface.co/datasets/histai/HISTAI-breast to ask for access.",0
2026-07-08T13:59:51.643284+00:00,full_scan,histai/HISTAI-mixed,access_restricted,"403 Client Error. (Request ID: Root=1-6a4e57d7-46b699c95ad38d8d630a2cfb;66117e77-537e-442f-acad-cd6d40238c4d)

Cannot access gated repo for url https://huggingface.co/api/datasets/histai/HISTAI-mixed/refs.
Access to dataset histai/HISTAI-mixed is restricted and you are not in the authorized list. Visit https://huggingface.co/datasets/histai/HISTAI-mixed to ask for access.",0
2026-07-08T13:59:51.800344+00:00,full_scan,hunglc007/ThyroidXL,access_restricted,"403 Client Error. (Request ID: Root=1-6a4e57d7-707f4eb6440a661b31904c1a;4dc675cf-a76f-4d3e-af22-43be39b0d0d1)

Cannot access gated repo for url https://huggingface.co/api/datasets/hunglc007/ThyroidXL/refs.
Access to dataset hunglc007/ThyroidXL is restricted and you are not in the authorized list. Visit https://huggingface.co/datasets/hunglc007/ThyroidXL to ask for access.",0
2026-07-08T13:59:52.259215+00:00,full_scan,nvidia/Nemotron-CC-Math-v1,access_restricted,"403 Client Error. (Request ID: Root=1-6a4e57d8-2dd4f3754f3b7ef71dbda8dd;658c5c60-0f2e-4ff1-93b1-57c79e6bde1d)

Cannot access gated repo for url https://huggingface.co/api/datasets/nvidia/Nemotron-CC-Math-v1/refs.
Access to dataset nvidia/Nemotron-CC-Math-v1 is restricted and you are not in the authorized list. Visit https://huggingface.co/datasets/nvidia/Nemotron-CC-Math-v1 to ask for access.",0
2026-07-08T13:59:52.261501+00:00,full_scan,nvidia/Nemotron-Pretraining-Code-v1,access_restricted,"403 Client Error. (Request ID: Root=1-6a4e57d8-2c0d14196eeb077b6f50dd65;6b2eaa78-2d5b-4832-9098-adcc50173f8c)

Cannot access gated repo for url https://huggingface.co/api/datasets/nvidia/Nemotron-Pretraining-Code-v1/refs.
Access to dataset nvidia/Nemotron-Pretraining-Code-v1 is restricted and you are not in the authorized list. Visit https://huggingface.co/datasets/nvidia/Nemotron-Pretraining-Code-v1 to ask for access.",0
2026-07-08T13:59:53.273089+00:00,full_scan,facebook/sam-3d-body-dataset,access_restricted,"403 Client Error. (Request ID: Root=1-6a4e57d9-4163ac297297d150314e0e33;b29fb9d8-4a72-4ffa-9042-e9f5e52cc599)

Cannot access gated repo for url https://huggingface.co/api/datasets/facebook/sam-3d-body-dataset/refs.
Access to dataset facebook/sam-3d-body-dataset is restricted and you are not in the authorized list. Visit https://huggingface.co/datasets/facebook/sam-3d-body-dataset to ask for access.",0
2026-07-08T13:59:53.681095+00:00,full_scan,raidium/RadImageNet-VQA,access_restricted,"403 Client Error. (Request ID: Root=1-6a4e57d9-1027c5494869448c6fae2e7c;e8f454c7-8352-4133-b6ba-137688aa3ed7)

Cannot access gated repo for url https://huggingface.co/api/datasets/raidium/RadImageNet-VQA/refs.
Access to dataset raidium/RadImageNet-VQA is restricted and you are not in the authorized list. Visit https://huggingface.co/datasets/raidium/RadImageNet-VQA to ask for access.",0
2026-07-08T13:59:53.817718+00:00,full_scan,databricks/officeqa,access_restricted,"403 Client Error. (Request ID: Root=1-6a4e57d9-1b92706d52a5104b0e35627b;4eb6c679-6199-45ee-9b93-6cac40d66ecd)

Cannot access gated repo for url https://huggingface.co/api/datasets/databricks/officeqa/refs.
Access to dataset databricks/officeqa is restricted and you are not in the authorized list. Visit https://huggingface.co/datasets/databricks/officeqa to ask for access.",0
2026-07-08T13:59:54.080202+00:00,full_scan,FOMO-MRI/FOMO300K,access_restricted,"403 Client Error. (Request ID: Root=1-6a4e57da-584494c674e8063254ac3202;6df12db8-7cba-4ee5-a80c-3bc389ad82f8)

Cannot access gated repo for url https://huggingface.co/api/datasets/FOMO-MRI/FOMO300K/refs.
Access to dataset FOMO-MRI/FOMO300K is restricted and you are not in the authorized list. Visit https://huggingface.co/datasets/FOMO-MRI/FOMO300K to ask for access.",0
2026-07-08T13:59:54.345614+00:00,full_scan,mercor/apex-agents,access_restricted,"403 Client Error. (Request ID: Root=1-6a4e57da-12697ec47fc7636d147e51c9;c5381db9-acab-4867-b86e-0740daf101be)

Cannot access gated repo for url https://huggingface.co/api/datasets/mercor/apex-agents/refs.
Access to dataset mercor/apex-agents is restricted and you are not in the authorized list. Visit https://huggingface.co/datasets/mercor/apex-agents to ask for access.",0
2026-07-08T13:59:54.920552+00:00,full_scan,TSXu/UniCalli_dataset,access_restricted,"403 Client Error. (Request ID: Root=1-6a4e57da-1370cb5b7a51070f76d2513a;1b447f6b-09b9-4cf9-a1d0-a45549b8628f)

Cannot access gated repo for url https://huggingface.co/api/datasets/TSXu/UniCalli_dataset/refs.
Access to dataset TSXu/UniCalli_dataset is restricted and you are not in the authorized list. Visit https://huggingface.co/datasets/TSXu/UniCalli_dataset to ask for access.",0
2026-07-08T13:59:55.193926+00:00,full_scan,ropedia-ai/xperience-10m,access_restricted,"403 Client Error. (Request ID: Root=1-6a4e57db-1f4c39751ebb5e7a3a023749;47bd5d30-ec92-449e-8f00-bdcd85935c2a)

Cannot access gated repo for url https://huggingface.co/api/datasets/ropedia-ai/xperience-10m/refs.
Access to dataset ropedia-ai/xperience-10m is restricted and you are not in the authorized list. Visit https://huggingface.co/datasets/ropedia-ai/xperience-10m to ask for access.",0
2026-07-08T13:59:56.051371+00:00,full_scan,CognoSpeak/PROCESS-2,access_restricted,"403 Client Error. (Request ID: Root=1-6a4e57db-5c0ca5df781753db73a95ee9;41890b15-1f4c-4fe3-8582-67568e9566dc)

Cannot access gated repo for url https://huggingface.co/api/datasets/CognoSpeak/PROCESS-2/refs.
Access to dataset CognoSpeak/PROCESS-2 is restricted and you are not in the authorized list. Visit https://huggingface.co/datasets/CognoSpeak/PROCESS-2 to ask for access.",0
2026-07-08T13:59:56.170771+00:00,full_scan,stanford-vision-lab/gpic,access_restricted,"403 Client Error. (Request ID: Root=1-6a4e57dc-5aaa7fe2194ba62f24dc7a2a;29f04d5e-b4c7-41aa-a786-88e3757292ab)

Cannot access gated repo for url https://huggingface.co/api/datasets/stanford-vision-lab/gpic/refs.
Access to dataset stanford-vision-lab/gpic is restricted and you are not in the authorized list. Visit https://huggingface.co/datasets/stanford-vision-lab/gpic to ask for access.",0
2026-07-08T13:59:56.813754+00:00,full_scan,facebook/wearable-ai,access_restricted,"403 Client Error. (Request ID: Root=1-6a4e57dc-3bee9ca2022406db5622f169;05b9466a-d930-421c-9066-bfff65f632a0)

Cannot access gated repo for url https://huggingface.co/api/datasets/facebook/wearable-ai/refs.
Access to dataset facebook/wearable-ai is restricted and you are not in the authorized list. Visit https://huggingface.co/datasets/facebook/wearable-ai to ask for access.",0
2026-07-08T13:59:57.262270+00:00,full_scan,WhitzardAgent/CyberSecurity-100B,access_restricted,"403 Client Error. (Request ID: Root=1-6a4e57dd-67403352505fde6a20cd440c;52abd3f3-bcec-4ae8-b0c4-0f8802bf7063)

Cannot access gated repo for url https://huggingface.co/api/datasets/WhitzardAgent/CyberSecurity-100B/refs.
Access to dataset WhitzardAgent/CyberSecurity-100B is restricted and you are not in the authorized list. Visit https://huggingface.co/datasets/WhitzardAgent/CyberSecurity-100B to ask for access.",0
2026-07-08T13:59:57.882312+00:00,full_scan,himanshu17HF/ArvixImport-Filtered-Final,access_restricted,"403 Client Error. (Request ID: Root=1-6a4e57dd-799683dd13cd8ffb1f9e46fc;5b9aa62b-4492-46a3-b9b2-cb1cad7af110)

Cannot access gated repo for url https://huggingface.co/api/datasets/himanshu17HF/ArvixImport-Filtered-Final/refs.
Access to dataset himanshu17HF/ArvixImport-Filtered-Final is restricted and you are not in the authorized list. Visit https://huggingface.co/datasets/himanshu17HF/ArvixImport-Filtered-Final to ask for access.",0
2026-07-08T13:59:57.892478+00:00,full_scan,ratschlab/TCGA_virtual_spatial_transcriptomics_atlas,access_restricted,"403 Client Error. (Request ID: Root=1-6a4e57dd-26385bfc79062e571ac66ea2;c773d4de-fe2b-4af9-80ed-755225ed6a91)

Cannot access gated repo for url https://huggingface.co/api/datasets/ratschlab/TCGA_virtual_spatial_transcriptomics_atlas/refs.
Access to dataset ratschlab/TCGA_virtual_spatial_transcriptomics_atlas is restricted and you are not in the authorized list. Visit https://huggingface.co/datasets/ratschlab/TCGA_virtual_spatial_transcriptomics_atlas to ask for access.",0
2026-07-08T13:59:58.596687+00:00,full_scan,lightcone02/OmniContact-Dataset,access_restricted,"403 Client Error. (Request ID: Root=1-6a4e57de-5c17a8e20142fa5a2d104438;19c9edbe-2498-4d64-934c-b2663bac20bd)

Cannot access gated repo for url https://huggingface.co/api/datasets/lightcone02/OmniContact-Dataset/refs.
Access to dataset lightcone02/OmniContact-Dataset is restricted and you are not in the authorized list. Visit https://huggingface.co/datasets/lightcone02/OmniContact-Dataset to ask for access.",0
2026-07-08T13:59:58.942005+00:00,full_scan,stefpapad/VERITE,access_restricted,"403 Client Error. (Request ID: Root=1-6a4e57de-08d72a531610c69b6e866829;df7b5b2c-1274-4cfe-9424-7b91bd9f33c2)

Cannot access gated repo for url https://huggingface.co/api/datasets/stefpapad/VERITE/refs.
Access to dataset stefpapad/VERITE is restricted and you are not in the authorized list. Visit https://huggingface.co/datasets/stefpapad/VERITE to ask for access.",0
2026-07-08T13:59:59.414842+00:00,full_scan,j1anglin/TriDF,access_restricted,"403 Client Error. (Request ID: Root=1-6a4e57df-2f34183b32d8df610aadc3b3;e81a293a-4522-4c98-8ff1-fd84831f728e)

Cannot access gated repo for url https://huggingface.co/api/datasets/j1anglin/TriDF/refs.
Access to dataset j1anglin/TriDF is restricted and you are not in the authorized list. Visit https://huggingface.co/datasets/j1anglin/TriDF to ask for access.",0
2026-07-08T13:59:59.579238+00:00,full_scan,gevaertlab/conflux-chest-ct,access_restricted,"403 Client Error. (Request ID: Root=1-6a4e57df-4739db7114138af37840c838;32d3ff71-be6e-4420-9930-99ab96c6e084)

Cannot access gated repo for url https://huggingface.co/api/datasets/gevaertlab/conflux-chest-ct/refs.
Access to dataset gevaertlab/conflux-chest-ct is restricted and you are not in the authorized list. Visit https://huggingface.co/datasets/gevaertlab/conflux-chest-ct to ask for access.",0
2026-07-08T14:00:00.221743+00:00,full_scan,StockAlloy/filedfact-100k,access_restricted,"403 Client Error. (Request ID: Root=1-6a4e57e0-78427b625d41aab955f8c8ad;b5060288-f603-40fd-9066-472c0efe4a50)

Cannot access gated repo for url https://huggingface.co/api/datasets/StockAlloy/filedfact-100k/refs.
Access to dataset StockAlloy/filedfact-100k is restricted and you are not in the authorized list. Visit https://huggingface.co/datasets/StockAlloy/filedfact-100k to ask for access.",0
2026-07-08T14:00:03.649217+00:00,full_scan,oscar-corpus/oscar,access_restricted,"403 Client Error. (Request ID: Root=1-6a4e57e3-218ddfba3ce9045769950de9;2b7261c2-774d-4213-a0d9-334fed5618e7)

Cannot access gated repo for url https://huggingface.co/api/datasets/oscar-corpus/oscar/refs.
Access to dataset oscar-corpus/oscar is restricted and you are not in the authorized list. Visit https://huggingface.co/datasets/oscar-corpus/oscar to ask for access.",0
2026-07-08T15:57:40.137591+00:00,sampling,changelinglab/vaani-hi-geo,access_restricted,"403 Client Error. (Request ID: Root=1-6a4e7374-5f4902c63eb6dd9570afef9f;6b62110c-5e7c-4432-9475-6e9a1d3cae0a)

Cannot access gated repo for url https://huggingface.co/api/datasets/changelinglab/vaani-hi-geo/refs.
Access to dataset changelinglab/vaani-hi-geo is restricted and you are not in the authorized list. Visit https://huggingface.co/datasets/changelinglab/vaani-hi-geo to ask for access.",0
2026-07-08T15:57:40.238472+00:00,sampling,luminary-shift/SHIFT-Crash,access_restricted,"403 Client Error. (Request ID: Root=1-6a4e7374-67c2ffb546305da32a6e391e;afe8838b-4f03-4dec-b9ab-8692cfd18b6b)

Cannot access gated repo for url https://huggingface.co/api/datasets/luminary-shift/SHIFT-Crash/refs.
Access to dataset luminary-shift/SHIFT-Crash is restricted and you are not in the authorized list. Visit https://huggingface.co/datasets/luminary-shift/SHIFT-Crash to ask for access.",0
2026-07-08T15:57:40.439398+00:00,sampling,HenryYHW/ADAS-TO,access_restricted,"403 Client Error. (Request ID: Root=1-6a4e7375-30705a2d3dd04e8347425bb9;022b05bd-1b70-4fbf-a862-c7c3199d7b85)

Cannot access gated repo for url https://huggingface.co/api/datasets/HenryYHW/ADAS-TO/refs.
Access to dataset HenryYHW/ADAS-TO is restricted and you are not in the authorized list. Visit https://huggingface.co/datasets/HenryYHW/ADAS-TO to ask for access.",0
2026-07-08T16:38:53.447514+00:00,sampling,tejeshbhalladhanyog/sa-finance-reasoning-mix,access_restricted,"403 Client Error. (Request ID: Root=1-6a4e7d1d-309ada7b728f2e745ae73fda;001bcdd2-91ed-4f3c-8df1-9ef6639d0c88)

Cannot access gated repo for url https://huggingface.co/api/datasets/tejeshbhalladhanyog/sa-finance-reasoning-mix/refs.
Access to dataset tejeshbhalladhanyog/sa-finance-reasoning-mix is restricted and you are not in the authorized list. Visit https://huggingface.co/datasets/tejeshbhalladhanyog/sa-finance-reasoning-mix to ask for access.",0
2026-07-08T16:38:53.686554+00:00,sampling,facebook/multiloko,access_restricted,"403 Client Error. (Request ID: Root=1-6a4e7d1d-780f810749b80410491d7341;49b5e170-6697-4541-b665-ccdaed325d46)

Cannot access gated repo for url https://huggingface.co/api/datasets/facebook/multiloko/refs.
Access to dataset facebook/multiloko is restricted and you are not in the authorized list. Visit https://huggingface.co/datasets/facebook/multiloko to ask for access.",0
2026-07-08T16:38:53.722819+00:00,sampling,nvidia/PhysicalAI-Autonomous-Vehicles-NuRec,access_restricted,"403 Client Error. (Request ID: Root=1-6a4e7d1d-27e41e877b0df8836c60c843;22f49acc-550f-4947-a05f-262c452dc00b)

Cannot access gated repo for url https://huggingface.co/api/datasets/nvidia/PhysicalAI-Autonomous-Vehicles-NuRec/refs.
Access to dataset nvidia/PhysicalAI-Autonomous-Vehicles-NuRec is restricted and you are not in the authorized list. Visit https://huggingface.co/datasets/nvidia/PhysicalAI-Autonomous-Vehicles-NuRec to ask for access.",0
2026-07-08T16:38:54.149307+00:00,sampling,bones-studio/seed,access_restricted,"403 Client Error. (Request ID: Root=1-6a4e7d1e-70d412e11655a0120f9911b0;ca52c27e-69a8-4670-8518-99704a46f1c5)

Cannot access gated repo for url https://huggingface.co/api/datasets/bones-studio/seed/refs.
Access to dataset bones-studio/seed is restricted and you are not in the authorized list. Visit https://huggingface.co/datasets/bones-studio/seed to ask for access.",0
2026-07-08T16:38:54.296486+00:00,sampling,amphion/SolidStateBusComp,access_restricted,"403 Client Error. (Request ID: Root=1-6a4e7d1e-2d85573f7b476e7a5299e1b4;52266365-8adb-478d-afe1-fa91ca275ed8)

Cannot access gated repo for url https://huggingface.co/api/datasets/amphion/SolidStateBusComp/refs.
Access to dataset amphion/SolidStateBusComp is restricted and you are not in the authorized list. Visit https://huggingface.co/datasets/amphion/SolidStateBusComp to ask for access.",0
2026-07-08T20:38:56.400412+00:00,sampling,nate-rahn/0720-no_sexism-unrelated-queries-dset-user_query-x5,access_restricted,"403 Client Error. (Request ID: Root=1-6a4eb560-27f301e6247e38a612ed479c;d7489623-f382-4363-b49e-504f8e934f11)

Cannot access gated repo for url https://huggingface.co/api/datasets/nate-rahn/0720-no_sexism-unrelated-queries-dset-user_query-x5/refs.
Access to dataset nate-rahn/0720-no_sexism-unrelated-queries-dset-user_query-x5 is restricted and you are not in the authorized list. Visit https://huggingface.co/datasets/nate-rahn/0720-no_sexism-unrelated-queries-dset-user_query-x5 to ask for access.",0
2026-07-08T20:38:56.541821+00:00,sampling,pokeandwiggle/100h_high_success_high_task_diversity,access_restricted,"403 Client Error. (Request ID: Root=1-6a4eb560-2aa5f86679eba8ea68620e5f;1eca869b-0a14-4031-ade7-29e32f1fb420)

Cannot access gated repo for url https://huggingface.co/api/datasets/pokeandwiggle/100h_high_success_high_task_diversity/refs.
Access to dataset pokeandwiggle/100h_high_success_high_task_diversity is restricted and you are not in the authorized list. Visit https://huggingface.co/datasets/pokeandwiggle/100h_high_success_high_task_diversity to ask for access.",0
2026-07-08T20:38:56.601746+00:00,sampling,iamsirawat/my_ThaiTravel_dataset,access_restricted,"403 Client Error. (Request ID: Root=1-6a4eb560-1cccd14639f1081d45720b65;ee06e301-6484-44c1-937e-5b76c1043e83)

Cannot access gated repo for url https://huggingface.co/api/datasets/iamsirawat/my_ThaiTravel_dataset/refs.
Access to dataset iamsirawat/my_ThaiTravel_dataset is restricted and you are not in the authorized list. Visit https://huggingface.co/datasets/iamsirawat/my_ThaiTravel_dataset to ask for access.",0
2026-07-08T20:38:56.685940+00:00,sampling,akritikmi/Final10,access_restricted,"403 Client Error. (Request ID: Root=1-6a4eb560-350da47e0e8b649f4ea19b07;f86bef41-2e3f-4063-a17c-c563d013007c)

Cannot access gated repo for url https://huggingface.co/api/datasets/akritikmi/Final10/refs.
Access to dataset akritikmi/Final10 is restricted and you are not in the authorized list. Visit https://huggingface.co/datasets/akritikmi/Final10 to ask for access.",0
2026-07-08T20:38:57.846556+00:00,sampling,Org-Exp/testing,access_restricted,"403 Client Error. (Request ID: Root=1-6a4eb561-62b2a1bd6c397fae3b24e217;e176544e-a528-49e0-8a2d-edfa430e063b)

Cannot access gated repo for url https://huggingface.co/api/datasets/Org-Exp/testing/refs.
Access to dataset Org-Exp/testing is restricted and you are not in the authorized list. Visit https://huggingface.co/datasets/Org-Exp/testing to ask for access.",0
2026-07-08T20:44:33.133537+00:00,sampling,chaiting/storyPro_p31,access_restricted,"403 Client Error. (Request ID: Root=1-6a4eb6b0-16359bb25e2cc6d454b1f193;a9e30be7-5a74-42f1-887f-ec71416b8da6)

Cannot access gated repo for url https://huggingface.co/api/datasets/chaiting/storyPro_p31/refs.
Access to dataset chaiting/storyPro_p31 is restricted and you are not in the authorized list. Visit https://huggingface.co/datasets/chaiting/storyPro_p31 to ask for access.",0
2026-07-08T20:44:37.160689+00:00,sampling,Exgc/audio_hall,access_restricted,"403 Client Error. (Request ID: Root=1-6a4eb6b5-43d1f32d1db6660e2fc4b1ae;f66f91cd-cbd1-45ed-b782-04233599f9f6)

Cannot access gated repo for url https://huggingface.co/api/datasets/Exgc/audio_hall/refs.
Access to dataset Exgc/audio_hall is restricted and you are not in the authorized list. Visit https://huggingface.co/datasets/Exgc/audio_hall to ask for access.",0
2026-07-08T20:44:38.465310+00:00,sampling,NShreya/CompSense3.0,access_restricted,"403 Client Error. (Request ID: Root=1-6a4eb6b6-01c5fb0707a36c93275a551c;09c9b720-a956-42e9-be85-a21ab8f8871f)

Cannot access gated repo for url https://huggingface.co/api/datasets/NShreya/CompSense3.0/refs.
Access to dataset NShreya/CompSense3.0 is restricted and you are not in the authorized list. Visit https://huggingface.co/datasets/NShreya/CompSense3.0 to ask for access.",0
2026-07-08T20:44:41.121676+00:00,sampling,minyichen/tool-use-multiturn-reasoning-en,access_restricted,"403 Client Error. (Request ID: Root=1-6a4eb6b8-02fba3c976248b1442c2cee3;d86e540e-8cf7-44b7-89a1-c59563416f88)

Cannot access gated repo for url https://huggingface.co/api/datasets/minyichen/tool-use-multiturn-reasoning-en/refs.
Access to dataset minyichen/tool-use-multiturn-reasoning-en is restricted and you are not in the authorized list. Visit https://huggingface.co/datasets/minyichen/tool-use-multiturn-reasoning-en to ask for access.",0
2026-07-08T20:44:42.705067+00:00,sampling,muskan9829/tweetemo,access_restricted,"403 Client Error. (Request ID: Root=1-6a4eb6ba-2b6811ca642f81023c781e9e;84a3e282-73a0-4e2b-b9b2-5586330f9c78)

Cannot access gated repo for url https://huggingface.co/api/datasets/muskan9829/tweetemo/refs.
Access to dataset muskan9829/tweetemo is restricted and you are not in the authorized list. Visit https://huggingface.co/datasets/muskan9829/tweetemo to ask for access.",0
2026-07-08T20:44:48.595726+00:00,sampling,eysahdne/H3dTyOH24tqc3ysQ64,access_restricted,"403 Client Error. (Request ID: Root=1-6a4eb6c0-7c1765946f25167a6c4e269a;880361ec-2d82-4c80-abc0-49ccf6443b97)

Cannot access gated repo for url https://huggingface.co/api/datasets/eysahdne/H3dTyOH24tqc3ysQ64/refs.
Access to dataset eysahdne/H3dTyOH24tqc3ysQ64 is restricted and you are not in the authorized list. Visit https://huggingface.co/datasets/eysahdne/H3dTyOH24tqc3ysQ64 to ask for access.",0
2026-07-08T20:44:49.926003+00:00,sampling,brookesantos6563xt/s081u,access_restricted,"403 Client Error. (Request ID: Root=1-6a4eb6c1-6d96a9ce3fe29fe53b6380fe;b8ac0d72-8fa5-4879-ba3a-b58cc83046b0)

Cannot access gated repo for url https://huggingface.co/api/datasets/brookesantos6563xt/s081u/refs.
Access to dataset brookesantos6563xt/s081u is restricted and you are not in the authorized list. Visit https://huggingface.co/datasets/brookesantos6563xt/s081u to ask for access.",0
2026-07-08T20:44:53.012276+00:00,sampling,Muhammad89/naruto_anime,access_restricted,"403 Client Error. (Request ID: Root=1-6a4eb6c4-44deab461cfdee726699e386;d558e68d-f039-4665-ad36-faaa1c42cbf1)

Cannot access gated repo for url https://huggingface.co/api/datasets/Muhammad89/naruto_anime/refs.
Access to dataset Muhammad89/naruto_anime is restricted and you are not in the authorized list. Visit https://huggingface.co/datasets/Muhammad89/naruto_anime to ask for access.",0
2026-07-08T20:44:53.613063+00:00,sampling,chaiting/pk-1381-L6,access_restricted,"403 Client Error. (Request ID: Root=1-6a4eb6c5-52acde3e412c0a27444a3bbd;3f07a270-8e5d-43f2-9a8e-39d7f4414b75)

Cannot access gated repo for url https://huggingface.co/api/datasets/chaiting/pk-1381-L6/refs.
Access to dataset chaiting/pk-1381-L6 is restricted and you are not in the authorized list. Visit https://huggingface.co/datasets/chaiting/pk-1381-L6 to ask for access.",0
2026-07-08T20:44:54.126416+00:00,sampling,chaiting/pk-8680-L6,access_restricted,"403 Client Error. (Request ID: Root=1-6a4eb6c5-540b7f2e7453e1091a59c531;4f146870-3786-41aa-9908-abb3af151759)

Cannot access gated repo for url https://huggingface.co/api/datasets/chaiting/pk-8680-L6/refs.
Access to dataset chaiting/pk-8680-L6 is restricted and you are not in the authorized list. Visit https://huggingface.co/datasets/chaiting/pk-8680-L6 to ask for access.",0
2026-07-08T20:44:55.156457+00:00,sampling,shokhjakhon/chat-koni-data,access_restricted,"403 Client Error. (Request ID: Root=1-6a4eb6c7-35ea2ad47783632912ed294b;4a1343d0-2156-49c5-898f-b2d1100c63ce)

Cannot access gated repo for url https://huggingface.co/api/datasets/shokhjakhon/chat-koni-data/refs.
Access to dataset shokhjakhon/chat-koni-data is restricted and you are not in the authorized list. Visit https://huggingface.co/datasets/shokhjakhon/chat-koni-data to ask for access.",0
2026-07-08T20:44:55.762939+00:00,sampling,II-Vietnam/Agentic-Search-Prompts,access_restricted,"403 Client Error. (Request ID: Root=1-6a4eb6c7-736ddd5954183f9d519c5254;f4d6e016-1071-40dc-87ce-47efc8016c77)

Cannot access gated repo for url https://huggingface.co/api/datasets/II-Vietnam/Agentic-Search-Prompts/refs.
Access to dataset II-Vietnam/Agentic-Search-Prompts is restricted and you are not in the authorized list. Visit https://huggingface.co/datasets/II-Vietnam/Agentic-Search-Prompts to ask for access.",0
2026-07-08T20:44:56.599650+00:00,sampling,open-llm-leaderboard/jaspionjader__bh-16-details,access_restricted,"403 Client Error. (Request ID: Root=1-6a4eb6c8-238021b45e980a922d3fcd43;3a6f289e-17e0-4977-95cb-b44785259a4b)

Cannot access gated repo for url https://huggingface.co/api/datasets/open-llm-leaderboard/jaspionjader__bh-16-details/refs.
Access to dataset open-llm-leaderboard/jaspionjader__bh-16-details is restricted and you are not in the authorized list. Visit https://huggingface.co/datasets/open-llm-leaderboard/jaspionjader__bh-16-details to ask for access.",0
2026-07-08T20:45:01.293336+00:00,sampling,open-llm-leaderboard/fblgit__pancho-v1-qw25-3B-UNAMGS-details,access_restricted,"403 Client Error. (Request ID: Root=1-6a4eb6cd-1de10de87f3725505c206022;1753f034-0e81-4179-becc-795ad516ff56)

Cannot access gated repo for url https://huggingface.co/api/datasets/open-llm-leaderboard/fblgit__pancho-v1-qw25-3B-UNAMGS-details/refs.
Access to dataset open-llm-leaderboard/fblgit__pancho-v1-qw25-3B-UNAMGS-details is restricted and you are not in the authorized list. Visit https://huggingface.co/datasets/open-llm-leaderboard/fblgit__pancho-v1-qw25-3B-UNAMGS-details to ask for access.",0
2026-07-08T20:45:02.182946+00:00,sampling,justincnn/Z1gL4eI0rm-Knpln86,access_restricted,"403 Client Error. (Request ID: Root=1-6a4eb6ce-7336412f1fce364429709d36;add06d7e-af05-4f64-b748-2df1ef333c9e)

Cannot access gated repo for url https://huggingface.co/api/datasets/justincnn/Z1gL4eI0rm-Knpln86/refs.
Access to dataset justincnn/Z1gL4eI0rm-Knpln86 is restricted and you are not in the authorized list. Visit https://huggingface.co/datasets/justincnn/Z1gL4eI0rm-Knpln86 to ask for access.",0
2026-07-08T20:45:12.864591+00:00,sampling,TrackingTeam/yifan_dataset_dt,access_restricted,"403 Client Error. (Request ID: Root=1-6a4eb6d8-29219a9a5064414b06325252;4250a08e-35ec-4e6d-a583-201497cb5081)

Cannot access gated repo for url https://huggingface.co/api/datasets/TrackingTeam/yifan_dataset_dt/refs.
Access to dataset TrackingTeam/yifan_dataset_dt is restricted and you are not in the authorized list. Visit https://huggingface.co/datasets/TrackingTeam/yifan_dataset_dt to ask for access.",0
2026-07-08T20:45:13.171231+00:00,sampling,meoconxinhxan/check_r1_v3,access_restricted,"403 Client Error. (Request ID: Root=1-6a4eb6d9-3a1036876994b5d322ee3aeb;719afc14-ba67-4d11-b540-5e5b54e8da5f)

Cannot access gated repo for url https://huggingface.co/api/datasets/meoconxinhxan/check_r1_v3/refs.
Access to dataset meoconxinhxan/check_r1_v3 is restricted and you are not in the authorized list. Visit https://huggingface.co/datasets/meoconxinhxan/check_r1_v3 to ask for access.",0
2026-07-08T20:45:25.680546+00:00,sampling,nate-rahn/0908_no_illegal_activity_judgement_gen_judgements_test-prepared,access_restricted,"403 Client Error. (Request ID: Root=1-6a4eb6e5-1b89198f76c2e76a00f54e77;2b78eff0-56e8-4d5a-a3e8-fa841757af39)

Cannot access gated repo for url https://huggingface.co/api/datasets/nate-rahn/0908_no_illegal_activity_judgement_gen_judgements_test-prepared/refs.
Access to dataset nate-rahn/0908_no_illegal_activity_judgement_gen_judgements_test-prepared is restricted and you are not in the authorized list. Visit https://huggingface.co/datasets/nate-rahn/0908_no_illegal_activity_judgement_gen_judgeme",0
2026-07-08T20:45:31.194289+00:00,sampling,WuJu0/fsh5JQmL5SqIBauY86,access_restricted,"403 Client Error. (Request ID: Root=1-6a4eb6eb-5d4e671304625c3055556117;8b2a9d59-03c3-4399-ae56-9b1720427d60)

Cannot access gated repo for url https://huggingface.co/api/datasets/WuJu0/fsh5JQmL5SqIBauY86/refs.
Access to dataset WuJu0/fsh5JQmL5SqIBauY86 is restricted and you are not in the authorized list. Visit https://huggingface.co/datasets/WuJu0/fsh5JQmL5SqIBauY86 to ask for access.",0
2026-07-08T20:45:33.140127+00:00,sampling,Nayana-cognitivelab/NayanaIR-Train-45k,access_restricted,"403 Client Error. (Request ID: Root=1-6a4eb6ec-1602ec9b2c559e2279e32465;766b8350-5d6e-4432-8cb8-9ee4f8b72556)

Cannot access gated repo for url https://huggingface.co/api/datasets/Nayana-cognitivelab/NayanaIR-Train-45k/refs.
Access to dataset Nayana-cognitivelab/NayanaIR-Train-45k is restricted and you are not in the authorized list. Visit https://huggingface.co/datasets/Nayana-cognitivelab/NayanaIR-Train-45k to ask for access.",0
2026-07-08T20:45:34.998132+00:00,sampling,yufan/voice_Mark_Gatiss,access_restricted,"403 Client Error. (Request ID: Root=1-6a4eb6ee-71756e2f6800e725686d09ae;3c2baa53-f258-4176-aae9-89d92708619e)

Cannot access gated repo for url https://huggingface.co/api/datasets/yufan/voice_Mark_Gatiss/refs.
Access to dataset yufan/voice_Mark_Gatiss is restricted and you are not in the authorized list. Visit https://huggingface.co/datasets/yufan/voice_Mark_Gatiss to ask for access.",0
2026-07-08T20:45:37.032100+00:00,sampling,chau520/autotrain-data-fine-tune-english-chinese,access_restricted,"403 Client Error. (Request ID: Root=1-6a4eb6f0-6ff445f922d89d112417e4db;8b198c18-7e9f-40da-be21-69e95dae7c49)

Cannot access gated repo for url https://huggingface.co/api/datasets/chau520/autotrain-data-fine-tune-english-chinese/refs.
Access to dataset chau520/autotrain-data-fine-tune-english-chinese is restricted and you are not in the authorized list. Visit https://huggingface.co/datasets/chau520/autotrain-data-fine-tune-english-chinese to ask for access.",0
2026-07-08T20:45:44.353918+00:00,sampling,aq1048576/sexism_filter_c37_20000_queries_100000_pairs_train_judgements-trl-messages,access_restricted,"403 Client Error. (Request ID: Root=1-6a4eb6f8-07652151195a7ed2049cadd2;59b03ad0-b63f-4f5b-bf80-1c22ddcef870)

Cannot access gated repo for url https://huggingface.co/api/datasets/aq1048576/sexism_filter_c37_20000_queries_100000_pairs_train_judgements-trl-messages/refs.
Access to dataset aq1048576/sexism_filter_c37_20000_queries_100000_pairs_train_judgements-trl-messages is restricted and you are not in the authorized list. Visit https://huggingface.co/datasets/aq1048576/sexism_filter_c37_20000_",0
2026-07-08T20:45:50.342948+00:00,sampling,Divyaksh/relu-test,access_restricted,"403 Client Error. (Request ID: Root=1-6a4eb6fe-687fbb2b665aa06019fbe199;b8dabd53-f37f-43ce-b073-881cf4cef5d1)

Cannot access gated repo for url https://huggingface.co/api/datasets/Divyaksh/relu-test/refs.
Access to dataset Divyaksh/relu-test is restricted and you are not in the authorized list. Visit https://huggingface.co/datasets/Divyaksh/relu-test to ask for access.",0
2026-07-08T20:45:53.213352+00:00,sampling,ik6626/WorldJen-benchmarking-subsystem,access_restricted,"403 Client Error. (Request ID: Root=1-6a4eb701-4274b07956efdeb011772f69;610c023b-7ff2-4baa-96f6-37a55ddee9e8)

Cannot access gated repo for url https://huggingface.co/api/datasets/ik6626/WorldJen-benchmarking-subsystem/refs.
Access to dataset ik6626/WorldJen-benchmarking-subsystem is restricted and you are not in the authorized list. Visit https://huggingface.co/datasets/ik6626/WorldJen-benchmarking-subsystem to ask for access.",0
2026-07-08T20:46:03.245670+00:00,sampling,giangndm/vlsp2020_vinai_100h_QA,access_restricted,"403 Client Error. (Request ID: Root=1-6a4eb70b-61a68ecb1dc43e6d42e47c6d;825052c4-aa1f-4aa7-a8b1-335f80ebb60e)

Cannot access gated repo for url https://huggingface.co/api/datasets/giangndm/vlsp2020_vinai_100h_QA/refs.
Access to dataset giangndm/vlsp2020_vinai_100h_QA is restricted and you are not in the authorized list. Visit https://huggingface.co/datasets/giangndm/vlsp2020_vinai_100h_QA to ask for access.",0
2026-07-08T20:46:11.233558+00:00,sampling,chaiting/pk-6411-L5,access_restricted,"403 Client Error. (Request ID: Root=1-6a4eb713-2d7a3f045e2334266a1359a5;e8218d70-a8e0-438e-9a61-386e59efe0ba)

Cannot access gated repo for url https://huggingface.co/api/datasets/chaiting/pk-6411-L5/refs.
Access to dataset chaiting/pk-6411-L5 is restricted and you are not in the authorized list. Visit https://huggingface.co/datasets/chaiting/pk-6411-L5 to ask for access.",0
2026-07-08T20:46:24.663583+00:00,sampling,nate-rahn/0815-no_sexism_rm_training_data_big_cp-unrelated-queries-validation-batch-retrieved,access_restricted,"403 Client Error. (Request ID: Root=1-6a4eb720-605175272f7bab5d70f4fe9d;401349f1-dbe5-4aef-82f9-d820965dd7f1)

Cannot access gated repo for url https://huggingface.co/api/datasets/nate-rahn/0815-no_sexism_rm_training_data_big_cp-unrelated-queries-validation-batch-retrieved/refs.
Access to dataset nate-rahn/0815-no_sexism_rm_training_data_big_cp-unrelated-queries-validation-batch-retrieved is restricted and you are not in the authorized list. Visit https://huggingface.co/datasets/nate-rahn/0815-n",0
2026-07-08T20:46:35.092903+00:00,sampling,Karzan/wmt_t2t_ckb,access_restricted,"403 Client Error. (Request ID: Root=1-6a4eb72a-679618ca6461f8250b190a90;aa32a65d-970b-4d69-a799-198ef630a4a1)

Cannot access gated repo for url https://huggingface.co/api/datasets/Karzan/wmt_t2t_ckb/refs.
Access to dataset Karzan/wmt_t2t_ckb is restricted and you are not in the authorized list. Visit https://huggingface.co/datasets/Karzan/wmt_t2t_ckb to ask for access.",0
2026-07-08T20:46:35.912130+00:00,sampling,nate-rahn/0617-wc_multi_attrs_info_rl_var1_no_fict-rl_data,access_restricted,"403 Client Error. (Request ID: Root=1-6a4eb72b-7621ab425fbd9fd84cbc27a8;3ff952ee-2bf8-4af8-a328-693942b47d35)

Cannot access gated repo for url https://huggingface.co/api/datasets/nate-rahn/0617-wc_multi_attrs_info_rl_var1_no_fict-rl_data/refs.
Access to dataset nate-rahn/0617-wc_multi_attrs_info_rl_var1_no_fict-rl_data is restricted and you are not in the authorized list. Visit https://huggingface.co/datasets/nate-rahn/0617-wc_multi_attrs_info_rl_var1_no_fict-rl_data to ask for access.",0
2026-07-08T20:46:37.857320+00:00,sampling,christopher/govs,access_restricted,"403 Client Error. (Request ID: Root=1-6a4eb72d-125afadd2a38441b3bf4a417;0af79550-8084-4877-bf5c-71c512aa558f)

Cannot access gated repo for url https://huggingface.co/api/datasets/christopher/govs/refs.
Access to dataset christopher/govs is restricted and you are not in the authorized list. Visit https://huggingface.co/datasets/christopher/govs to ask for access.",0
2026-07-08T20:46:47.922515+00:00,sampling,SoMi-ToM/tulip_rlds,access_restricted,"403 Client Error. (Request ID: Root=1-6a4eb737-23fda5c041e47d0f4ce1bd8f;d61c1942-ce0f-4912-baff-35faf11bae13)

Cannot access gated repo for url https://huggingface.co/api/datasets/SoMi-ToM/tulip_rlds/refs.
Access to dataset SoMi-ToM/tulip_rlds is restricted and you are not in the authorized list. Visit https://huggingface.co/datasets/SoMi-ToM/tulip_rlds to ask for access.",0
2026-07-08T20:46:59.375735+00:00,sampling,UTokyo-FieldPhenomics-Lab/3DPotatoTwin,access_restricted,"403 Client Error. (Request ID: Root=1-6a4eb743-6431705660bf65711435b0dd;dfdf9b9d-be75-4f27-a35e-6b716ad62f80)

Cannot access gated repo for url https://huggingface.co/api/datasets/UTokyo-FieldPhenomics-Lab/3DPotatoTwin/refs.
Access to dataset UTokyo-FieldPhenomics-Lab/3DPotatoTwin is restricted and you are not in the authorized list. Visit https://huggingface.co/datasets/UTokyo-FieldPhenomics-Lab/3DPotatoTwin to ask for access.",0
2026-07-08T20:47:00.386778+00:00,sampling,jp1924/SentimentAnalysisCorpus2020,access_restricted,"403 Client Error. (Request ID: Root=1-6a4eb744-4f95163204858e8731ad8348;d7e36af7-7b02-4c0f-9055-7c7bfa85dfdc)

Cannot access gated repo for url https://huggingface.co/api/datasets/jp1924/SentimentAnalysisCorpus2020/refs.
Access to dataset jp1924/SentimentAnalysisCorpus2020 is restricted and you are not in the authorized list. Visit https://huggingface.co/datasets/jp1924/SentimentAnalysisCorpus2020 to ask for access.",0
2026-07-08T20:47:03.970443+00:00,sampling,gwenrui/Swiss-Prot_filter_by_pLDDT,access_restricted,"403 Client Error. (Request ID: Root=1-6a4eb747-55d6ed4e7a2863b43856ee3e;4d65268c-5c8c-429a-8b46-d86975c2a505)

Cannot access gated repo for url https://huggingface.co/api/datasets/gwenrui/Swiss-Prot_filter_by_pLDDT/refs.
Access to dataset gwenrui/Swiss-Prot_filter_by_pLDDT is restricted and you are not in the authorized list. Visit https://huggingface.co/datasets/gwenrui/Swiss-Prot_filter_by_pLDDT to ask for access.",0
2026-07-08T20:47:04.940123+00:00,sampling,limhyeonseok/apo_o4mini_1,access_restricted,"403 Client Error. (Request ID: Root=1-6a4eb748-11b957855c388af2276d99f7;c0bcc668-ae80-4aa3-a8aa-b87ee4d2dd47)

Cannot access gated repo for url https://huggingface.co/api/datasets/limhyeonseok/apo_o4mini_1/refs.
Access to dataset limhyeonseok/apo_o4mini_1 is restricted and you are not in the authorized list. Visit https://huggingface.co/datasets/limhyeonseok/apo_o4mini_1 to ask for access.",0
2026-07-08T20:47:07.349888+00:00,sampling,DataStudio/OCR_document_bluir_part_08,access_restricted,"403 Client Error. (Request ID: Root=1-6a4eb74b-6ac8759e489aa1dd64099266;8cb0c28f-7404-424c-a986-bdeefadd1a73)

Cannot access gated repo for url https://huggingface.co/api/datasets/DataStudio/OCR_document_bluir_part_08/refs.
Access to dataset DataStudio/OCR_document_bluir_part_08 is restricted and you are not in the authorized list. Visit https://huggingface.co/datasets/DataStudio/OCR_document_bluir_part_08 to ask for access.",0
2026-07-08T20:47:08.988177+00:00,sampling,psdn-ai/warehouse-kitting-samples,access_restricted,"403 Client Error. (Request ID: Root=1-6a4eb74c-0f4668cd487b57766b923401;34eb03f6-a95c-4e50-b148-9f34ee2cb2f0)

Cannot access gated repo for url https://huggingface.co/api/datasets/psdn-ai/warehouse-kitting-samples/refs.
Access to dataset psdn-ai/warehouse-kitting-samples is restricted and you are not in the authorized list. Visit https://huggingface.co/datasets/psdn-ai/warehouse-kitting-samples to ask for access.",0
2026-07-08T20:47:11.651596+00:00,sampling,chaiting/pk-6494-L0,access_restricted,"403 Client Error. (Request ID: Root=1-6a4eb74f-73c9b33f2011bd7f26fbd8ae;2b2c27c3-f025-41fd-9435-7d9f008f4a5e)

Cannot access gated repo for url https://huggingface.co/api/datasets/chaiting/pk-6494-L0/refs.
Access to dataset chaiting/pk-6494-L0 is restricted and you are not in the authorized list. Visit https://huggingface.co/datasets/chaiting/pk-6494-L0 to ask for access.",0
2026-07-08T20:47:20.043226+00:00,sampling,open-llm-leaderboard/Nexesenex__Llama_3.1_8b_Smarteaz_V1.01-details,access_restricted,"403 Client Error. (Request ID: Root=1-6a4eb757-227f5b6a7d2cfe36466c803f;d34cf10d-6c53-4636-affe-c2ce4077fbee)

Cannot access gated repo for url https://huggingface.co/api/datasets/open-llm-leaderboard/Nexesenex__Llama_3.1_8b_Smarteaz_V1.01-details/refs.
Access to dataset open-llm-leaderboard/Nexesenex__Llama_3.1_8b_Smarteaz_V1.01-details is restricted and you are not in the authorized list. Visit https://huggingface.co/datasets/open-llm-leaderboard/Nexesenex__Llama_3.1_8b_Smarteaz_V1.01-details ",0
2026-07-08T20:47:20.338083+00:00,sampling,daveK91/synthetic-invoice-degradation-cropped-v2,access_restricted,"403 Client Error. (Request ID: Root=1-6a4eb758-2a3474632c9bf0ad5b47271e;42f5351b-1243-4130-a01b-845b37ad39ea)

Cannot access gated repo for url https://huggingface.co/api/datasets/daveK91/synthetic-invoice-degradation-cropped-v2/refs.
Access to dataset daveK91/synthetic-invoice-degradation-cropped-v2 is restricted and you are not in the authorized list. Visit https://huggingface.co/datasets/daveK91/synthetic-invoice-degradation-cropped-v2 to ask for access.",0
2026-07-08T20:47:27.317593+00:00,sampling,king-trio/lc_tCRa3hd3mjlyS43,access_restricted,"403 Client Error. (Request ID: Root=1-6a4eb75f-550aa5892d097ddf1c01eddf;686ff505-48e1-4875-8b74-8f544554e0c1)

Cannot access gated repo for url https://huggingface.co/api/datasets/king-trio/lc_tCRa3hd3mjlyS43/refs.
Access to dataset king-trio/lc_tCRa3hd3mjlyS43 is restricted and you are not in the authorized list. Visit https://huggingface.co/datasets/king-trio/lc_tCRa3hd3mjlyS43 to ask for access.",0
2026-07-08T20:47:36.648658+00:00,sampling,chaiting/storyPro_p15,access_restricted,"403 Client Error. (Request ID: Root=1-6a4eb768-3f3d56fd0621573976400787;8ebc5e8b-5843-4090-9328-8c7389bdb646)

Cannot access gated repo for url https://huggingface.co/api/datasets/chaiting/storyPro_p15/refs.
Access to dataset chaiting/storyPro_p15 is restricted and you are not in the authorized list. Visit https://huggingface.co/datasets/chaiting/storyPro_p15 to ask for access.",0
2026-07-08T20:47:40.432453+00:00,sampling,pharaouk/gptindex,access_restricted,"403 Client Error. (Request ID: Root=1-6a4eb76c-7303313978f5d45077fa54f0;f9728aba-d0ca-4450-b55f-db7792858c53)

Cannot access gated repo for url https://huggingface.co/api/datasets/pharaouk/gptindex/refs.
Access to dataset pharaouk/gptindex is restricted and you are not in the authorized list. Visit https://huggingface.co/datasets/pharaouk/gptindex to ask for access.",0
2026-07-08T20:47:40.835569+00:00,sampling,open-llm-leaderboard/netcat420__qwen2.5-MFANN-7b-v1.1-details,access_restricted,"403 Client Error. (Request ID: Root=1-6a4eb76c-2793ba3e0a07af7e5319f0f0;0d221194-08c9-4a42-9996-b1d928b1463b)

Cannot access gated repo for url https://huggingface.co/api/datasets/open-llm-leaderboard/netcat420__qwen2.5-MFANN-7b-v1.1-details/refs.
Access to dataset open-llm-leaderboard/netcat420__qwen2.5-MFANN-7b-v1.1-details is restricted and you are not in the authorized list. Visit https://huggingface.co/datasets/open-llm-leaderboard/netcat420__qwen2.5-MFANN-7b-v1.1-details to ask for access.",0
2026-07-08T20:47:55.344979+00:00,sampling,open-llm-leaderboard/LeroyDyer___Spydaz_Web_AI_AGI_R1_MUSR-details,access_restricted,"403 Client Error. (Request ID: Root=1-6a4eb77a-5404128c544706291294ce71;d4439593-8bd0-41c5-ab40-ca55fb6304cc)

Cannot access gated repo for url https://huggingface.co/api/datasets/open-llm-leaderboard/LeroyDyer___Spydaz_Web_AI_AGI_R1_MUSR-details/refs.
Access to dataset open-llm-leaderboard/LeroyDyer___Spydaz_Web_AI_AGI_R1_MUSR-details is restricted and you are not in the authorized list. Visit https://huggingface.co/datasets/open-llm-leaderboard/LeroyDyer___Spydaz_Web_AI_AGI_R1_MUSR-details to ",0
2026-07-08T20:47:55.916202+00:00,sampling,jungsanghyun/korean-triplets,access_restricted,"403 Client Error. (Request ID: Root=1-6a4eb77b-23152e3a362c2021087929db;9cbe9bf7-5fa8-43f2-9f37-15bb2a36c690)

Cannot access gated repo for url https://huggingface.co/api/datasets/jungsanghyun/korean-triplets/refs.
Access to dataset jungsanghyun/korean-triplets is restricted and you are not in the authorized list. Visit https://huggingface.co/datasets/jungsanghyun/korean-triplets to ask for access.",0
2026-07-08T20:47:58.959461+00:00,sampling,skssai/web-data,access_restricted,"403 Client Error. (Request ID: Root=1-6a4eb77e-6920a213244dc65648507835;0e7f9bbe-5f36-425c-bb92-b63dc97d0325)

Cannot access gated repo for url https://huggingface.co/api/datasets/skssai/web-data/refs.
Access to dataset skssai/web-data is restricted and you are not in the authorized list. Visit https://huggingface.co/datasets/skssai/web-data to ask for access.",0
2026-07-08T20:48:02.027831+00:00,sampling,kneth90/s2tkp_dataset_part_2,access_restricted,"403 Client Error. (Request ID: Root=1-6a4eb781-288ecc6d46d1ab0a020cd893;6b69fe66-58c2-4cef-b138-f00375b18dbc)

Cannot access gated repo for url https://huggingface.co/api/datasets/kneth90/s2tkp_dataset_part_2/refs.
Access to dataset kneth90/s2tkp_dataset_part_2 is restricted and you are not in the authorized list. Visit https://huggingface.co/datasets/kneth90/s2tkp_dataset_part_2 to ask for access.",0
2026-07-08T21:16:32.854824+00:00,full_scan,kyutai/rocket-science,access_restricted,"403 Client Error. (Request ID: Root=1-6a4ebe30-0ff26a161438d23b19e7db98;954a69b0-8277-4812-9d59-3d4cb23a18e8)

Cannot access gated repo for url https://huggingface.co/api/datasets/kyutai/rocket-science/refs.
Access to dataset kyutai/rocket-science is restricted and you are not in the authorized list. Visit https://huggingface.co/datasets/kyutai/rocket-science to ask for access.",0
2026-07-08T21:16:35.313037+00:00,full_scan,bigfacing/GOKU-2M,access_restricted,"403 Client Error. (Request ID: Root=1-6a4ebe33-238b1ad268a7435444acceb5;b010be05-4f9a-4e57-bf54-ed3485cf0598)

Cannot access gated repo for url https://huggingface.co/api/datasets/bigfacing/GOKU-2M/refs.
Access to dataset bigfacing/GOKU-2M is restricted and you are not in the authorized list. Visit https://huggingface.co/datasets/bigfacing/GOKU-2M to ask for access.",0
2026-07-08T21:16:36.541251+00:00,full_scan,Goku-2M/GOKU-2M,access_restricted,"403 Client Error. (Request ID: Root=1-6a4ebe34-37189818312dd60b4167d300;c2ddaef0-bd88-4473-ac81-e93de5ef7dbc)

Cannot access gated repo for url https://huggingface.co/api/datasets/Goku-2M/GOKU-2M/refs.
Access to dataset Goku-2M/GOKU-2M is restricted and you are not in the authorized list. Visit https://huggingface.co/datasets/Goku-2M/GOKU-2M to ask for access.",0
2026-07-08T21:16:37.155909+00:00,full_scan,bones-studio/seed,access_restricted,"403 Client Error. (Request ID: Root=1-6a4ebe35-2f764cdd54686b7e3459fa80;4b04eebc-02af-4b67-9e5b-073360e8e8b1)

Cannot access gated repo for url https://huggingface.co/api/datasets/bones-studio/seed/refs.
Access to dataset bones-studio/seed is restricted and you are not in the authorized list. Visit https://huggingface.co/datasets/bones-studio/seed to ask for access.",0
2026-07-08T21:16:39.101859+00:00,full_scan,lmsys/lmsys-chat-1m,access_restricted,"403 Client Error. (Request ID: Root=1-6a4ebe36-07d7149c1bf4ef3049131b6d;13fd67fb-0de3-414f-9e8b-fa8a6a8e7366)

Cannot access gated repo for url https://huggingface.co/api/datasets/lmsys/lmsys-chat-1m/refs.
Access to dataset lmsys/lmsys-chat-1m is restricted and you are not in the authorized list. Visit https://huggingface.co/datasets/lmsys/lmsys-chat-1m to ask for access.",0
2026-07-08T21:16:39.733304+00:00,full_scan,nvidia/PhysicalAI-Autonomous-Vehicles-NuRec,access_restricted,"403 Client Error. (Request ID: Root=1-6a4ebe37-1b87b3eb45e46a0b5baf3aa0;da199417-1409-4d63-bd35-a41cd0c371ef)

Cannot access gated repo for url https://huggingface.co/api/datasets/nvidia/PhysicalAI-Autonomous-Vehicles-NuRec/refs.
Access to dataset nvidia/PhysicalAI-Autonomous-Vehicles-NuRec is restricted and you are not in the authorized list. Visit https://huggingface.co/datasets/nvidia/PhysicalAI-Autonomous-Vehicles-NuRec to ask for access.",0
2026-07-08T21:16:40.125442+00:00,full_scan,nvidia/Nemotron-Post-Training-Dataset-v2,access_restricted,"403 Client Error. (Request ID: Root=1-6a4ebe37-3a466999469f7b1e61907453;cd1a10ce-631e-4a35-8bc0-96f9afa2ebec)

Cannot access gated repo for url https://huggingface.co/api/datasets/nvidia/Nemotron-Post-Training-Dataset-v2/refs.
Access to dataset nvidia/Nemotron-Post-Training-Dataset-v2 is restricted and you are not in the authorized list. Visit https://huggingface.co/datasets/nvidia/Nemotron-Post-Training-Dataset-v2 to ask for access.",0
2026-07-08T21:16:40.944924+00:00,full_scan,ministere-culture/comparia-fr-arena,access_restricted,"403 Client Error. (Request ID: Root=1-6a4ebe38-259bd8c8302866da1e481a96;304f122a-c85a-42dd-86d5-c053c816d46f)

Cannot access gated repo for url https://huggingface.co/api/datasets/ministere-culture/comparia-fr-arena/refs.
Access to dataset ministere-culture/comparia-fr-arena is restricted and you are not in the authorized list. Visit https://huggingface.co/datasets/ministere-culture/comparia-fr-arena to ask for access.",0
2026-07-08T21:16:41.106619+00:00,full_scan,XDOF/ABC-130k,access_restricted,"403 Client Error. (Request ID: Root=1-6a4ebe39-3e9e520329dc233726662d94;84c747d6-bceb-427a-aedc-479e651e9e1a)

Cannot access gated repo for url https://huggingface.co/api/datasets/XDOF/ABC-130k/refs.
Access to dataset XDOF/ABC-130k is restricted and you are not in the authorized list. Visit https://huggingface.co/datasets/XDOF/ABC-130k to ask for access.",0
2026-07-08T21:16:41.968748+00:00,full_scan,Tajnaam/multilingual-english-nuer-dinka-swahili-corpus,access_restricted,"403 Client Error. (Request ID: Root=1-6a4ebe39-6d900b2928f06523172c5b12;3981909b-0e4f-4343-8ece-840ab3f9126e)

Cannot access gated repo for url https://huggingface.co/api/datasets/Tajnaam/multilingual-english-nuer-dinka-swahili-corpus/refs.
Access to dataset Tajnaam/multilingual-english-nuer-dinka-swahili-corpus is restricted and you are not in the authorized list. Visit https://huggingface.co/datasets/Tajnaam/multilingual-english-nuer-dinka-swahili-corpus to ask for access.",0
2026-07-08T21:16:45.348080+00:00,full_scan,Idavidrein/gpqa,access_restricted,"403 Client Error. (Request ID: Root=1-6a4ebe3d-07cd1ffd4c9526212cc68518;4ecb0437-d112-463a-a965-419cf3fe9667)

Cannot access gated repo for url https://huggingface.co/api/datasets/Idavidrein/gpqa/refs.
Access to dataset Idavidrein/gpqa is restricted and you are not in the authorized list. Visit https://huggingface.co/datasets/Idavidrein/gpqa to ask for access.",0
2026-07-08T21:16:45.933534+00:00,full_scan,nvidia/PhysicalAI-Autonomous-Vehicles,access_restricted,"403 Client Error. (Request ID: Root=1-6a4ebe3d-6eeae4742a1eab9d2b309254;52b204ef-3faf-4825-b6d6-5ae33c29f2f1)

Cannot access gated repo for url https://huggingface.co/api/datasets/nvidia/PhysicalAI-Autonomous-Vehicles/refs.
Access to dataset nvidia/PhysicalAI-Autonomous-Vehicles is restricted and you are not in the authorized list. Visit https://huggingface.co/datasets/nvidia/PhysicalAI-Autonomous-Vehicles to ask for access.",0
2026-07-08T21:16:47.044163+00:00,full_scan,MicroAtlas/MicroAtlas-2B,access_restricted,"403 Client Error. (Request ID: Root=1-6a4ebe3e-6f5465cd34dc4cd904375c4a;a34f4ad7-84a0-439c-951d-f8fcd07d8907)

Cannot access gated repo for url https://huggingface.co/api/datasets/MicroAtlas/MicroAtlas-2B/refs.
Access to dataset MicroAtlas/MicroAtlas-2B is restricted and you are not in the authorized list. Visit https://huggingface.co/datasets/MicroAtlas/MicroAtlas-2B to ask for access.",0
2026-07-08T21:16:51.184681+00:00,full_scan,builddotai/Egocentric-100K,access_restricted,"403 Client Error. (Request ID: Root=1-6a4ebe43-14eb5ed86347f3ab01eb61f8;4bf87fb5-efcb-4076-a452-6969ab914151)

Cannot access gated repo for url https://huggingface.co/api/datasets/builddotai/Egocentric-100K/refs.
Access to dataset builddotai/Egocentric-100K is restricted and you are not in the authorized list. Visit https://huggingface.co/datasets/builddotai/Egocentric-100K to ask for access.",0
2026-07-08T21:16:52.414218+00:00,full_scan,openbmb/UltraData-SFT-2605,access_restricted,"403 Client Error. (Request ID: Root=1-6a4ebe44-7246cf9b08f5a9ba309bb6cb;f703fb79-130d-4feb-883a-3cdc0190aa32)

Cannot access gated repo for url https://huggingface.co/api/datasets/openbmb/UltraData-SFT-2605/refs.
Access to dataset openbmb/UltraData-SFT-2605 is restricted and you are not in the authorized list. Visit https://huggingface.co/datasets/openbmb/UltraData-SFT-2605 to ask for access.",0
2026-07-08T21:16:56.109911+00:00,full_scan,bigcode/the-stack-v2,access_restricted,"403 Client Error. (Request ID: Root=1-6a4ebe47-7ef7420251c75e7710da12f5;0ae0d058-71b5-4501-afcc-f1a1a6272077)

Cannot access gated repo for url https://huggingface.co/api/datasets/bigcode/the-stack-v2/refs.
Access to dataset bigcode/the-stack-v2 is restricted and you are not in the authorized list. Visit https://huggingface.co/datasets/bigcode/the-stack-v2 to ask for access.",0
2026-07-08T21:17:04.294046+00:00,full_scan,HuggingFaceFV/finevideo,access_restricted,"403 Client Error. (Request ID: Root=1-6a4ebe50-6789cf6d39fa690e721a3e93;3526d0b3-9c65-43c3-96cd-8e16511d5baf)

Cannot access gated repo for url https://huggingface.co/api/datasets/HuggingFaceFV/finevideo/refs.
Access to dataset HuggingFaceFV/finevideo is restricted and you are not in the authorized list. Visit https://huggingface.co/datasets/HuggingFaceFV/finevideo to ask for access.",0
2026-07-08T21:17:04.610025+00:00,full_scan,cais/hle,access_restricted,"403 Client Error. (Request ID: Root=1-6a4ebe50-6065e919423c39943f499ffa;ff3c221c-9315-4ab0-ba3e-99aed4da026a)

Cannot access gated repo for url https://huggingface.co/api/datasets/cais/hle/refs.
Access to dataset cais/hle is restricted and you are not in the authorized list. Visit https://huggingface.co/datasets/cais/hle to ask for access.",0
2026-07-08T21:17:08.900171+00:00,full_scan,hunglc007/ThyroidXL,access_restricted,"403 Client Error. (Request ID: Root=1-6a4ebe54-6daf42cd3ba936bf1113dc41;67e5ead3-0c3b-46c6-9b6e-661281743929)

Cannot access gated repo for url https://huggingface.co/api/datasets/hunglc007/ThyroidXL/refs.
Access to dataset hunglc007/ThyroidXL is restricted and you are not in the authorized list. Visit https://huggingface.co/datasets/hunglc007/ThyroidXL to ask for access.",0
2026-07-08T21:17:09.514581+00:00,full_scan,nvidia/Nemotron-Pretraining-SFT-v1,access_restricted,"403 Client Error. (Request ID: Root=1-6a4ebe55-3ae928ee367c032d5d916fb6;4868759b-f58d-4f60-86ab-71a36f19d7ed)

Cannot access gated repo for url https://huggingface.co/api/datasets/nvidia/Nemotron-Pretraining-SFT-v1/refs.
Access to dataset nvidia/Nemotron-Pretraining-SFT-v1 is restricted and you are not in the authorized list. Visit https://huggingface.co/datasets/nvidia/Nemotron-Pretraining-SFT-v1 to ask for access.",0
2026-07-08T21:17:13.099748+00:00,full_scan,5CD-AI/Viet-Handwriting-OCR-v2,access_restricted,"403 Client Error. (Request ID: Root=1-6a4ebe58-4de8015226d03ecf40e573e7;573c240b-4578-412d-be0d-bbf88a6ab165)

Cannot access gated repo for url https://huggingface.co/api/datasets/5CD-AI/Viet-Handwriting-OCR-v2/refs.
Access to dataset 5CD-AI/Viet-Handwriting-OCR-v2 is restricted and you are not in the authorized list. Visit https://huggingface.co/datasets/5CD-AI/Viet-Handwriting-OCR-v2 to ask for access.",0
2026-07-08T21:17:15.182163+00:00,full_scan,hotdogs/uka-fable-reasoning,access_restricted,"403 Client Error. (Request ID: Root=1-6a4ebe5b-23fd1d9428bd3c3b1e2ee8b1;fc1ec65e-ae13-484b-abf7-3d69791891d7)

Cannot access gated repo for url https://huggingface.co/api/datasets/hotdogs/uka-fable-reasoning/refs.
Access to dataset hotdogs/uka-fable-reasoning is restricted and you are not in the authorized list. Visit https://huggingface.co/datasets/hotdogs/uka-fable-reasoning to ask for access.",0
2026-07-08T21:17:15.761169+00:00,full_scan,RingoWRW97/AirZoo-Real,access_restricted,"403 Client Error. (Request ID: Root=1-6a4ebe5b-3a0f6e5c391b230b01dbfe9f;6e25c621-be9e-4c4c-8c82-371aeb7e25df)

Cannot access gated repo for url https://huggingface.co/api/datasets/RingoWRW97/AirZoo-Real/refs.
Access to dataset RingoWRW97/AirZoo-Real is restricted and you are not in the authorized list. Visit https://huggingface.co/datasets/RingoWRW97/AirZoo-Real to ask for access.",0
2026-07-08T21:17:16.682952+00:00,full_scan,MechIntelligence/manufacturing-digital-gene-dataset,access_restricted,"403 Client Error. (Request ID: Root=1-6a4ebe5c-188f7cd41aa1f829036cb02a;288fad59-70c9-4c85-8477-f0663c62affc)

Cannot access gated repo for url https://huggingface.co/api/datasets/MechIntelligence/manufacturing-digital-gene-dataset/refs.
Access to dataset MechIntelligence/manufacturing-digital-gene-dataset is restricted and you are not in the authorized list. Visit https://huggingface.co/datasets/MechIntelligence/manufacturing-digital-gene-dataset to ask for access.",0
2026-07-08T21:17:29.547576+00:00,full_scan,speechcolab/gigaspeech2,access_restricted,"403 Client Error. (Request ID: Root=1-6a4ebe69-5980216c7fa7a1f9671d4536;43aceaaa-8227-4429-9114-845c27b22c86)

Cannot access gated repo for url https://huggingface.co/api/datasets/speechcolab/gigaspeech2/refs.
Access to dataset speechcolab/gigaspeech2 is restricted and you are not in the authorized list. Visit https://huggingface.co/datasets/speechcolab/gigaspeech2 to ask for access.",0
2026-07-08T21:17:30.608551+00:00,full_scan,allenai/wildguardmix,access_restricted,"403 Client Error. (Request ID: Root=1-6a4ebe6a-603df5d67857c5ab3d45d3ad;be7579ab-4593-4a36-a614-f7cd75d56f58)

Cannot access gated repo for url https://huggingface.co/api/datasets/allenai/wildguardmix/refs.
Access to dataset allenai/wildguardmix is restricted and you are not in the authorized list. Visit https://huggingface.co/datasets/allenai/wildguardmix to ask for access.",0
2026-07-08T21:17:31.223957+00:00,full_scan,walledai/HarmBench,access_restricted,"403 Client Error. (Request ID: Root=1-6a4ebe6b-12925ea9517d473e42a97ff1;8ff8e5ef-5c6d-4685-ba01-9ced6f65bfa0)

Cannot access gated repo for url https://huggingface.co/api/datasets/walledai/HarmBench/refs.
Access to dataset walledai/HarmBench is restricted and you are not in the authorized list. Visit https://huggingface.co/datasets/walledai/HarmBench to ask for access.",0
2026-07-08T21:17:31.428824+00:00,full_scan,jamessyx/PathMMU,access_restricted,"403 Client Error. (Request ID: Root=1-6a4ebe6b-3f7cb60a38b3896a2e1a26cf;77c893c5-cf7d-4331-b7c0-899fd85f3277)

Cannot access gated repo for url https://huggingface.co/api/datasets/jamessyx/PathMMU/refs.
Access to dataset jamessyx/PathMMU is restricted and you are not in the authorized list. Visit https://huggingface.co/datasets/jamessyx/PathMMU to ask for access.",0
2026-07-08T21:17:32.250045+00:00,full_scan,amphion/Emilia-Dataset,access_restricted,"403 Client Error. (Request ID: Root=1-6a4ebe6b-31f80e1c3a15505f6c73d425;135ff341-c05f-4c90-866d-588948404c2b)

Cannot access gated repo for url https://huggingface.co/api/datasets/amphion/Emilia-Dataset/refs.
Access to dataset amphion/Emilia-Dataset is restricted and you are not in the authorized list. Visit https://huggingface.co/datasets/amphion/Emilia-Dataset to ask for access.",0
2026-07-08T21:17:32.657372+00:00,full_scan,NhutP/VietSpeech,access_restricted,"403 Client Error. (Request ID: Root=1-6a4ebe6c-0d31f9717f66ae1812e52d02;4fb3bf68-a3ac-40e6-a42f-040ae3d03171)

Cannot access gated repo for url https://huggingface.co/api/datasets/NhutP/VietSpeech/refs.
Access to dataset NhutP/VietSpeech is restricted and you are not in the authorized list. Visit https://huggingface.co/datasets/NhutP/VietSpeech to ask for access.",0
2026-07-08T21:17:36.343916+00:00,full_scan,ai4bharat/Rasa,access_restricted,"403 Client Error. (Request ID: Root=1-6a4ebe70-2fc7ad137e1d7bf32bc248c7;cc55ac5b-1771-4f37-bb97-e2ac7076764f)

Cannot access gated repo for url https://huggingface.co/api/datasets/ai4bharat/Rasa/refs.
Access to dataset ai4bharat/Rasa is restricted and you are not in the authorized list. Visit https://huggingface.co/datasets/ai4bharat/Rasa to ask for access.",0
2026-07-08T21:17:36.754474+00:00,full_scan,ai4bharat/IndicVoices,access_restricted,"403 Client Error. (Request ID: Root=1-6a4ebe70-62d21c4377bb7af627f92047;285595a2-1c1e-4628-90cc-84ec64c148e4)

Cannot access gated repo for url https://huggingface.co/api/datasets/ai4bharat/IndicVoices/refs.
Access to dataset ai4bharat/IndicVoices is restricted and you are not in the authorized list. Visit https://huggingface.co/datasets/ai4bharat/IndicVoices to ask for access.",0
2026-07-08T21:17:38.149648+00:00,full_scan,histai/HISTAI-colorectal-b1,access_restricted,"403 Client Error. (Request ID: Root=1-6a4ebe72-71ea62396c6561642a7e79ac;023aca16-c142-4734-b755-7b9bf7b01e06)

Cannot access gated repo for url https://huggingface.co/api/datasets/histai/HISTAI-colorectal-b1/refs.
Access to dataset histai/HISTAI-colorectal-b1 is restricted and you are not in the authorized list. Visit https://huggingface.co/datasets/histai/HISTAI-colorectal-b1 to ask for access.",0
2026-07-08T21:17:38.325180+00:00,full_scan,histai/HISTAI-skin-b1,access_restricted,"403 Client Error. (Request ID: Root=1-6a4ebe72-03f8233f3ad4b0f8045c0151;90067277-cce0-47ef-89ab-35521e0a8cca)

Cannot access gated repo for url https://huggingface.co/api/datasets/histai/HISTAI-skin-b1/refs.
Access to dataset histai/HISTAI-skin-b1 is restricted and you are not in the authorized list. Visit https://huggingface.co/datasets/histai/HISTAI-skin-b1 to ask for access.",0
2026-07-08T21:17:38.473579+00:00,full_scan,histai/HISTAI-skin-b2,access_restricted,"403 Client Error. (Request ID: Root=1-6a4ebe72-07327497765aeb467e3b7aa4;5e7cf44b-4b7f-4085-b61d-98c792246b97)

Cannot access gated repo for url https://huggingface.co/api/datasets/histai/HISTAI-skin-b2/refs.
Access to dataset histai/HISTAI-skin-b2 is restricted and you are not in the authorized list. Visit https://huggingface.co/datasets/histai/HISTAI-skin-b2 to ask for access.",0
2026-07-08T21:17:38.641797+00:00,full_scan,histai/HISTAI-colorectal-b2,access_restricted,"403 Client Error. (Request ID: Root=1-6a4ebe72-0747d9da02bbda7a2cbe8197;eb8e38ef-39d3-4ad0-870b-94204709f503)

Cannot access gated repo for url https://huggingface.co/api/datasets/histai/HISTAI-colorectal-b2/refs.
Access to dataset histai/HISTAI-colorectal-b2 is restricted and you are not in the authorized list. Visit https://huggingface.co/datasets/histai/HISTAI-colorectal-b2 to ask for access.",0
2026-07-08T21:17:38.819859+00:00,full_scan,histai/HISTAI-gastrointestinal,access_restricted,"403 Client Error. (Request ID: Root=1-6a4ebe72-50bc909979098b7e5e1b707c;16f7760d-8b2c-4b84-abb7-27dc3c7de71d)

Cannot access gated repo for url https://huggingface.co/api/datasets/histai/HISTAI-gastrointestinal/refs.
Access to dataset histai/HISTAI-gastrointestinal is restricted and you are not in the authorized list. Visit https://huggingface.co/datasets/histai/HISTAI-gastrointestinal to ask for access.",0
2026-07-08T21:17:39.022031+00:00,full_scan,histai/HISTAI-hematologic,access_restricted,"403 Client Error. (Request ID: Root=1-6a4ebe72-413336e050433a7c6bae5cd0;8b20270a-9735-4723-9daa-352001ecc70d)

Cannot access gated repo for url https://huggingface.co/api/datasets/histai/HISTAI-hematologic/refs.
Access to dataset histai/HISTAI-hematologic is restricted and you are not in the authorized list. Visit https://huggingface.co/datasets/histai/HISTAI-hematologic to ask for access.",0
2026-07-08T21:17:39.211733+00:00,full_scan,histai/HISTAI-breast,access_restricted,"403 Client Error. (Request ID: Root=1-6a4ebe73-79406b1679f4a8b523ed7f31;941c922e-fba3-4370-8307-325afb39501a)

Cannot access gated repo for url https://huggingface.co/api/datasets/histai/HISTAI-breast/refs.
Access to dataset histai/HISTAI-breast is restricted and you are not in the authorized list. Visit https://huggingface.co/datasets/histai/HISTAI-breast to ask for access.",0
2026-07-08T21:17:39.416264+00:00,full_scan,histai/HISTAI-thorax,access_restricted,"403 Client Error. (Request ID: Root=1-6a4ebe73-07553bc44657d73d177be5b5;56f2f50e-d54e-49e0-a2d0-4df9d8aa4d85)

Cannot access gated repo for url https://huggingface.co/api/datasets/histai/HISTAI-thorax/refs.
Access to dataset histai/HISTAI-thorax is restricted and you are not in the authorized list. Visit https://huggingface.co/datasets/histai/HISTAI-thorax to ask for access.",0
2026-07-08T21:17:39.621071+00:00,full_scan,histai/HISTAI-metadata,access_restricted,"403 Client Error. (Request ID: Root=1-6a4ebe73-3b58c3d312cb4a7c6c80a9d4;46d6524e-4d33-4c97-87f2-3bf495cce887)

Cannot access gated repo for url https://huggingface.co/api/datasets/histai/HISTAI-metadata/refs.
Access to dataset histai/HISTAI-metadata is restricted and you are not in the authorized list. Visit https://huggingface.co/datasets/histai/HISTAI-metadata to ask for access.",0
2026-07-08T21:17:41.064554+00:00,full_scan,histai/HISTAI-mixed,access_restricted,"403 Client Error. (Request ID: Root=1-6a4ebe74-49d6a6bc7be4ed900647b91d;11b73871-3777-449a-97d3-8a620d2bd079)

Cannot access gated repo for url https://huggingface.co/api/datasets/histai/HISTAI-mixed/refs.
Access to dataset histai/HISTAI-mixed is restricted and you are not in the authorized list. Visit https://huggingface.co/datasets/histai/HISTAI-mixed to ask for access.",0
2026-07-08T21:17:43.409597+00:00,full_scan,nvidia/Nemotron-CC-v2,access_restricted,"403 Client Error. (Request ID: Root=1-6a4ebe77-08d346141ace694919322649;d4ae39c4-b04f-4094-8828-45cf48d1ef60)

Cannot access gated repo for url https://huggingface.co/api/datasets/nvidia/Nemotron-CC-v2/refs.
Access to dataset nvidia/Nemotron-CC-v2 is restricted and you are not in the authorized list. Visit https://huggingface.co/datasets/nvidia/Nemotron-CC-v2 to ask for access.",0
2026-07-08T21:17:43.616023+00:00,full_scan,nvidia/Nemotron-Pretraining-Code-v1,access_restricted,"403 Client Error. (Request ID: Root=1-6a4ebe77-7b2ed3fa6512c20a1c8b3652;33d1f73f-426d-4d87-ad66-e8c1b32be88b)

Cannot access gated repo for url https://huggingface.co/api/datasets/nvidia/Nemotron-Pretraining-Code-v1/refs.
Access to dataset nvidia/Nemotron-Pretraining-Code-v1 is restricted and you are not in the authorized list. Visit https://huggingface.co/datasets/nvidia/Nemotron-Pretraining-Code-v1 to ask for access.",0
2026-07-08T21:17:43.819585+00:00,full_scan,nvidia/Nemotron-CC-Math-v1,access_restricted,"403 Client Error. (Request ID: Root=1-6a4ebe77-08d3cb6a41891ca87911afbf;2d96cfe5-4b80-4637-b00c-ad8df7d098a0)

Cannot access gated repo for url https://huggingface.co/api/datasets/nvidia/Nemotron-CC-Math-v1/refs.
Access to dataset nvidia/Nemotron-CC-Math-v1 is restricted and you are not in the authorized list. Visit https://huggingface.co/datasets/nvidia/Nemotron-CC-Math-v1 to ask for access.",0
2026-07-08T21:17:45.509599+00:00,full_scan,facebook/sam-3d-body-dataset,access_restricted,"403 Client Error. (Request ID: Root=1-6a4ebe79-6acd0c845ace9df513fd0e5c;e0bc991f-0f85-4eb9-a276-d77940a82a4e)

Cannot access gated repo for url https://huggingface.co/api/datasets/facebook/sam-3d-body-dataset/refs.
Access to dataset facebook/sam-3d-body-dataset is restricted and you are not in the authorized list. Visit https://huggingface.co/datasets/facebook/sam-3d-body-dataset to ask for access.",0
2026-07-08T21:17:47.616044+00:00,full_scan,raidium/RadImageNet-VQA,access_restricted,"403 Client Error. (Request ID: Root=1-6a4ebe7b-0ad61b905fd5237359d8df31;4b9716da-ba7e-49d5-a279-0b9bbf5a1160)

Cannot access gated repo for url https://huggingface.co/api/datasets/raidium/RadImageNet-VQA/refs.
Access to dataset raidium/RadImageNet-VQA is restricted and you are not in the authorized list. Visit https://huggingface.co/datasets/raidium/RadImageNet-VQA to ask for access.",0
2026-07-08T21:17:47.987792+00:00,full_scan,nvidia/Nemotron-CC-v2.1,access_restricted,"403 Client Error. (Request ID: Root=1-6a4ebe7b-7aa3077c37cf0d642f69ac55;d472749e-2098-46a7-93fa-ec5b058e1eba)

Cannot access gated repo for url https://huggingface.co/api/datasets/nvidia/Nemotron-CC-v2.1/refs.
Access to dataset nvidia/Nemotron-CC-v2.1 is restricted and you are not in the authorized list. Visit https://huggingface.co/datasets/nvidia/Nemotron-CC-v2.1 to ask for access.",0
2026-07-08T21:17:48.633497+00:00,full_scan,databricks/officeqa,access_restricted,"403 Client Error. (Request ID: Root=1-6a4ebe7c-35622cbb26ce81582e0e67ff;49fe6f13-c6ea-455d-914d-a75fccf365f9)

Cannot access gated repo for url https://huggingface.co/api/datasets/databricks/officeqa/refs.
Access to dataset databricks/officeqa is restricted and you are not in the authorized list. Visit https://huggingface.co/datasets/databricks/officeqa to ask for access.",0
2026-07-08T21:17:49.554577+00:00,full_scan,OpenOneRec/OpenOneRec-RecIF,access_restricted,"403 Client Error. (Request ID: Root=1-6a4ebe7d-6c252fda794118072d037178;47b80b32-4cac-49f8-aa91-472d3dddc986)

Cannot access gated repo for url https://huggingface.co/api/datasets/OpenOneRec/OpenOneRec-RecIF/refs.
Access to dataset OpenOneRec/OpenOneRec-RecIF is restricted and you are not in the authorized list. Visit https://huggingface.co/datasets/OpenOneRec/OpenOneRec-RecIF to ask for access.",0
2026-07-08T21:17:50.783191+00:00,full_scan,mercor/apex-agents,access_restricted,"403 Client Error. (Request ID: Root=1-6a4ebe7e-4239db7451ed79777dc5da16;14d97ca1-6ca5-46c8-91d5-a306bdf2db00)

Cannot access gated repo for url https://huggingface.co/api/datasets/mercor/apex-agents/refs.
Access to dataset mercor/apex-agents is restricted and you are not in the authorized list. Visit https://huggingface.co/datasets/mercor/apex-agents to ask for access.",0
2026-07-08T21:17:55.390660+00:00,full_scan,TSXu/UniCalli_dataset,access_restricted,"403 Client Error. (Request ID: Root=1-6a4ebe83-06e210e10deedf014189e1d6;367785dc-665b-462b-8bd8-61404d09a8cf)

Cannot access gated repo for url https://huggingface.co/api/datasets/TSXu/UniCalli_dataset/refs.
Access to dataset TSXu/UniCalli_dataset is restricted and you are not in the authorized list. Visit https://huggingface.co/datasets/TSXu/UniCalli_dataset to ask for access.",0
2026-07-08T21:17:56.141019+00:00,full_scan,ropedia-ai/xperience-10m,access_restricted,"403 Client Error. (Request ID: Root=1-6a4ebe84-3e3030b201c658882f875759;5661a5ee-5a2f-40b9-8099-7d9268264223)

Cannot access gated repo for url https://huggingface.co/api/datasets/ropedia-ai/xperience-10m/refs.
Access to dataset ropedia-ai/xperience-10m is restricted and you are not in the authorized list. Visit https://huggingface.co/datasets/ropedia-ai/xperience-10m to ask for access.",0
2026-07-08T21:17:59.384534+00:00,full_scan,CognoSpeak/PROCESS-2,access_restricted,"403 Client Error. (Request ID: Root=1-6a4ebe87-130f613c0ab079005f61d6a2;b44dae49-e5be-4e9b-b52a-67e3c0bf98ba)

Cannot access gated repo for url https://huggingface.co/api/datasets/CognoSpeak/PROCESS-2/refs.
Access to dataset CognoSpeak/PROCESS-2 is restricted and you are not in the authorized list. Visit https://huggingface.co/datasets/CognoSpeak/PROCESS-2 to ask for access.",0
2026-07-08T21:18:01.637392+00:00,full_scan,facebook/wearable-ai,access_restricted,"403 Client Error. (Request ID: Root=1-6a4ebe89-52d72e516a81ac75398aab8a;b2cdc142-8a34-4ff6-aa63-6b87673cf4c0)

Cannot access gated repo for url https://huggingface.co/api/datasets/facebook/wearable-ai/refs.
Access to dataset facebook/wearable-ai is restricted and you are not in the authorized list. Visit https://huggingface.co/datasets/facebook/wearable-ai to ask for access.",0
2026-07-08T21:18:03.276263+00:00,full_scan,WhitzardAgent/CyberSecurity-100B,access_restricted,"403 Client Error. (Request ID: Root=1-6a4ebe8b-5286df66320e75f22c042963;a23ef229-d295-4e03-8849-58cebce65772)

Cannot access gated repo for url https://huggingface.co/api/datasets/WhitzardAgent/CyberSecurity-100B/refs.
Access to dataset WhitzardAgent/CyberSecurity-100B is restricted and you are not in the authorized list. Visit https://huggingface.co/datasets/WhitzardAgent/CyberSecurity-100B to ask for access.",0
2026-07-08T21:18:04.217859+00:00,full_scan,datacurve/deep-swe,access_restricted,"403 Client Error. (Request ID: Root=1-6a4ebe8c-71895e48678b7426508e90a3;d962d97b-045a-46eb-a5fb-fa9e3ac0d197)

Cannot access gated repo for url https://huggingface.co/api/datasets/datacurve/deep-swe/refs.
Access to dataset datacurve/deep-swe is restricted and you are not in the authorized list. Visit https://huggingface.co/datasets/datacurve/deep-swe to ask for access.",0
2026-07-08T21:18:05.331317+00:00,full_scan,aidigestorg/ai-village,access_restricted,"403 Client Error. (Request ID: Root=1-6a4ebe8d-00b2ea5070218034387848da;4f03e61c-ab12-4f69-a820-b8ec2a060f90)

Cannot access gated repo for url https://huggingface.co/api/datasets/aidigestorg/ai-village/refs.
Access to dataset aidigestorg/ai-village is restricted and you are not in the authorized list. Visit https://huggingface.co/datasets/aidigestorg/ai-village to ask for access.",0
2026-07-08T21:18:05.897711+00:00,full_scan,himanshu17HF/ArvixImport-Filtered-Final,access_restricted,"403 Client Error. (Request ID: Root=1-6a4ebe8d-7ad7652667779b26516bd7aa;72e06e9d-dbd3-496b-9341-d658ec1d5729)

Cannot access gated repo for url https://huggingface.co/api/datasets/himanshu17HF/ArvixImport-Filtered-Final/refs.
Access to dataset himanshu17HF/ArvixImport-Filtered-Final is restricted and you are not in the authorized list. Visit https://huggingface.co/datasets/himanshu17HF/ArvixImport-Filtered-Final to ask for access.",0
2026-07-08T21:18:06.195321+00:00,full_scan,ratschlab/TCGA_virtual_spatial_transcriptomics_atlas,access_restricted,"403 Client Error. (Request ID: Root=1-6a4ebe8e-744cef9b796cdf943daa4310;05b8cd08-a61b-4f6b-aa92-dd683d59e158)

Cannot access gated repo for url https://huggingface.co/api/datasets/ratschlab/TCGA_virtual_spatial_transcriptomics_atlas/refs.
Access to dataset ratschlab/TCGA_virtual_spatial_transcriptomics_atlas is restricted and you are not in the authorized list. Visit https://huggingface.co/datasets/ratschlab/TCGA_virtual_spatial_transcriptomics_atlas to ask for access.",0
2026-07-08T21:18:09.932598+00:00,full_scan,lightcone02/OmniContact-Dataset,access_restricted,"403 Client Error. (Request ID: Root=1-6a4ebe91-6d6d1655270dcc1c6a39105d;5c4f04f1-346d-4f78-af24-d0aa0c6beed1)

Cannot access gated repo for url https://huggingface.co/api/datasets/lightcone02/OmniContact-Dataset/refs.
Access to dataset lightcone02/OmniContact-Dataset is restricted and you are not in the authorized list. Visit https://huggingface.co/datasets/lightcone02/OmniContact-Dataset to ask for access.",0
2026-07-08T21:18:11.469201+00:00,full_scan,stefpapad/VERITE,access_restricted,"403 Client Error. (Request ID: Root=1-6a4ebe93-4193f6e65fa8d4e22a92713b;87a77885-4b1e-47fa-b944-8e86f1ea7eec)

Cannot access gated repo for url https://huggingface.co/api/datasets/stefpapad/VERITE/refs.
Access to dataset stefpapad/VERITE is restricted and you are not in the authorized list. Visit https://huggingface.co/datasets/stefpapad/VERITE to ask for access.",0
2026-07-08T21:18:13.004753+00:00,full_scan,j1anglin/TriDF,access_restricted,"403 Client Error. (Request ID: Root=1-6a4ebe94-2753b96e00687b696dd985e3;80157df2-84f7-48ef-9bcc-d6842dd1a4ab)

Cannot access gated repo for url https://huggingface.co/api/datasets/j1anglin/TriDF/refs.
Access to dataset j1anglin/TriDF is restricted and you are not in the authorized list. Visit https://huggingface.co/datasets/j1anglin/TriDF to ask for access.",0
2026-07-08T21:18:13.819747+00:00,full_scan,gevaertlab/conflux-chest-ct,access_restricted,"403 Client Error. (Request ID: Root=1-6a4ebe95-67a5f35b1bc92302471d026d;131dafd3-659a-48b1-8fd1-cee14a42b094)

Cannot access gated repo for url https://huggingface.co/api/datasets/gevaertlab/conflux-chest-ct/refs.
Access to dataset gevaertlab/conflux-chest-ct is restricted and you are not in the authorized list. Visit https://huggingface.co/datasets/gevaertlab/conflux-chest-ct to ask for access.",0
2026-07-08T21:18:18.226402+00:00,full_scan,bigcode/the-stack,access_restricted,"403 Client Error. (Request ID: Root=1-6a4ebe9a-066e6f3b11c5201e6ecfbdb7;a781d175-496a-44c0-98bf-835cf4e475b4)

Cannot access gated repo for url https://huggingface.co/api/datasets/bigcode/the-stack/refs.
Access to dataset bigcode/the-stack is restricted and you are not in the authorized list. Visit https://huggingface.co/datasets/bigcode/the-stack to ask for access.",0
2026-07-08T21:18:32.767215+00:00,full_scan,oscar-corpus/oscar,access_restricted,"403 Client Error. (Request ID: Root=1-6a4ebea8-48fb650a71fe5e774d79fe2a;40c753c1-df1f-4602-8852-b474d1748501)

Cannot access gated repo for url https://huggingface.co/api/datasets/oscar-corpus/oscar/refs.
Access to dataset oscar-corpus/oscar is restricted and you are not in the authorized list. Visit https://huggingface.co/datasets/oscar-corpus/oscar to ask for access.",0
2026-07-08T21:18:44.763809+00:00,full_scan,knkarthick/AMI,access_restricted,"403 Client Error. (Request ID: Root=1-6a4ebeb4-2788680467347190266613ba;eb0269d2-2bb2-4206-aec1-f3bf5533bd64)

Cannot access gated repo for url https://huggingface.co/api/datasets/knkarthick/AMI/refs.
Access to dataset knkarthick/AMI is restricted and you are not in the authorized list. Visit https://huggingface.co/datasets/knkarthick/AMI to ask for access.",0
2026-07-08T21:18:45.175108+00:00,full_scan,facebook/flores,access_restricted,"403 Client Error. (Request ID: Root=1-6a4ebeb5-4ccec55a752ec937525ca81f;212c5fed-9df6-477f-a675-8522cfb416d3)

Cannot access gated repo for url https://huggingface.co/api/datasets/facebook/flores/refs.
Access to dataset facebook/flores is restricted and you are not in the authorized list. Visit https://huggingface.co/datasets/facebook/flores to ask for access.",0
2026-07-08T21:18:48.230567+00:00,full_scan,ShapeNet/ShapeNetCore,access_restricted,"403 Client Error. (Request ID: Root=1-6a4ebeb8-66de119f63f5267016871eab;62e4f207-2abb-4518-b95d-6e1ee1347dd5)

Cannot access gated repo for url https://huggingface.co/api/datasets/ShapeNet/ShapeNetCore/refs.
Access to dataset ShapeNet/ShapeNetCore is restricted and you are not in the authorized list. Visit https://huggingface.co/datasets/ShapeNet/ShapeNetCore to ask for access.",0
2026-07-08T21:18:49.220080+00:00,full_scan,laion/relaion-coco,access_restricted,"403 Client Error. (Request ID: Root=1-6a4ebeb9-79c0395e67fc0e816a3adac1;16e760c1-6740-4687-825d-e3629802e16c)

Cannot access gated repo for url https://huggingface.co/api/datasets/laion/relaion-coco/refs.
Access to dataset laion/relaion-coco is restricted and you are not in the authorized list. Visit https://huggingface.co/datasets/laion/relaion-coco to ask for access.",0
2026-07-08T21:18:56.831544+00:00,full_scan,oscar-corpus/OSCAR-2301,access_restricted,"403 Client Error. (Request ID: Root=1-6a4ebec0-76b5ee6840c36d9f1b5e2081;c904d94d-249e-47f7-af29-c5de8db9c824)

Cannot access gated repo for url https://huggingface.co/api/datasets/oscar-corpus/OSCAR-2301/refs.
Access to dataset oscar-corpus/OSCAR-2301 is restricted and you are not in the authorized list. Visit https://huggingface.co/datasets/oscar-corpus/OSCAR-2301 to ask for access.",0
2026-07-08T21:18:59.495140+00:00,full_scan,bigcode/starcoderdata,access_restricted,"403 Client Error. (Request ID: Root=1-6a4ebec3-6c90621e6a5f7d54181bd01f;6aea9967-0629-4887-a6d0-c956360ef192)

Cannot access gated repo for url https://huggingface.co/api/datasets/bigcode/starcoderdata/refs.
Access to dataset bigcode/starcoderdata is restricted and you are not in the authorized list. Visit https://huggingface.co/datasets/bigcode/starcoderdata to ask for access.",0
2026-07-08T21:19:08.431218+00:00,full_scan,Salesforce/dialogstudio,access_restricted,"403 Client Error. (Request ID: Root=1-6a4ebecc-6064db2d271670340e817408;ebef0833-96e5-4f23-9c0a-a82f983b784b)

Cannot access gated repo for url https://huggingface.co/api/datasets/Salesforce/dialogstudio/refs.
Access to dataset Salesforce/dialogstudio is restricted and you are not in the authorized list. Visit https://huggingface.co/datasets/Salesforce/dialogstudio to ask for access.",0
2026-07-08T21:19:08.626826+00:00,full_scan,lmsys/chatbot_arena_conversations,access_restricted,"403 Client Error. (Request ID: Root=1-6a4ebecc-032f33c3701f8f072657f757;2d09137c-59bd-4a78-aef8-8c3178875382)

Cannot access gated repo for url https://huggingface.co/api/datasets/lmsys/chatbot_arena_conversations/refs.
Access to dataset lmsys/chatbot_arena_conversations is restricted and you are not in the authorized list. Visit https://huggingface.co/datasets/lmsys/chatbot_arena_conversations to ask for access.",0
2026-07-08T21:19:13.056954+00:00,full_scan,chengyenhsieh/TAO-Amodal,access_restricted,"403 Client Error. (Request ID: Root=1-6a4ebed0-1ed85fb510897f8360bc3a46;41e3880f-fc04-456a-a4c9-01363827bd5c)

Cannot access gated repo for url https://huggingface.co/api/datasets/chengyenhsieh/TAO-Amodal/refs.
Access to dataset chengyenhsieh/TAO-Amodal is restricted and you are not in the authorized list. Visit https://huggingface.co/datasets/chengyenhsieh/TAO-Amodal to ask for access.",0
2026-07-08T21:19:13.878244+00:00,full_scan,vietgpt/CulturaX,access_restricted,"403 Client Error. (Request ID: Root=1-6a4ebed1-477cb82256c3f3b301d7e750;5ab32d71-bdd6-433d-a543-a23644e79081)

Cannot access gated repo for url https://huggingface.co/api/datasets/vietgpt/CulturaX/refs.
Access to dataset vietgpt/CulturaX is restricted and you are not in the authorized list. Visit https://huggingface.co/datasets/vietgpt/CulturaX to ask for access.",0
2026-07-08T21:19:14.841077+00:00,full_scan,pphuc25/vlsp-2023-no-label,access_restricted,"403 Client Error. (Request ID: Root=1-6a4ebed2-1001a394018e5b7b59647071;804fce52-6eaa-477b-b611-d1822fcebeb2)

Cannot access gated repo for url https://huggingface.co/api/datasets/pphuc25/vlsp-2023-no-label/refs.
Access to dataset pphuc25/vlsp-2023-no-label is restricted and you are not in the authorized list. Visit https://huggingface.co/datasets/pphuc25/vlsp-2023-no-label to ask for access.",0
2026-07-08T21:19:15.631692+00:00,full_scan,hackaprompt/hackaprompt-dataset,access_restricted,"403 Client Error. (Request ID: Root=1-6a4ebed3-33c6ed9f7b4c05ab14c5a9b5;e699eac5-cc91-477e-b623-158da67741f2)

Cannot access gated repo for url https://huggingface.co/api/datasets/hackaprompt/hackaprompt-dataset/refs.
Access to dataset hackaprompt/hackaprompt-dataset is restricted and you are not in the authorized list. Visit https://huggingface.co/datasets/hackaprompt/hackaprompt-dataset to ask for access.",0
2026-07-08T21:19:16.159378+00:00,full_scan,gaia-benchmark/GAIA,access_restricted,"403 Client Error. (Request ID: Root=1-6a4ebed3-0ed66af96a8061ce4395e6be;9213493f-c71a-4626-b04c-1db5ade3c657)

Cannot access gated repo for url https://huggingface.co/api/datasets/gaia-benchmark/GAIA/refs.
Access to dataset gaia-benchmark/GAIA is restricted and you are not in the authorized list. Visit https://huggingface.co/datasets/gaia-benchmark/GAIA to ask for access.",0
2026-07-08T21:19:16.799799+00:00,full_scan,gabraken/mtg-detection,access_restricted,"403 Client Error. (Request ID: Root=1-6a4ebed4-744eb9a60634d30d09bdad0e;872348c4-8885-4b98-b94a-eb5fa2043597)

Cannot access gated repo for url https://huggingface.co/api/datasets/gabraken/mtg-detection/refs.
Access to dataset gabraken/mtg-detection is restricted and you are not in the authorized list. Visit https://huggingface.co/datasets/gabraken/mtg-detection to ask for access.",0
2026-07-08T21:19:19.373172+00:00,full_scan,pkupie/mc2_corpus,access_restricted,"403 Client Error. (Request ID: Root=1-6a4ebed7-73f862db34a7299a41945649;46fcdeb6-77d7-4ad1-b4fc-c6e87e802e90)

Cannot access gated repo for url https://huggingface.co/api/datasets/pkupie/mc2_corpus/refs.
Access to dataset pkupie/mc2_corpus is restricted and you are not in the authorized list. Visit https://huggingface.co/datasets/pkupie/mc2_corpus to ask for access.",0
2026-07-08T21:19:21.351755+00:00,full_scan,yuyijiong/LongAlpaca-Chinese,access_restricted,"403 Client Error. (Request ID: Root=1-6a4ebed9-158ffb7e08490d1b2fabdd0e;4a241785-e88f-4e8b-a55e-b73d8a3bb477)

Cannot access gated repo for url https://huggingface.co/api/datasets/yuyijiong/LongAlpaca-Chinese/refs.
Access to dataset yuyijiong/LongAlpaca-Chinese is restricted and you are not in the authorized list. Visit https://huggingface.co/datasets/yuyijiong/LongAlpaca-Chinese to ask for access.",0
2026-07-08T21:19:22.535630+00:00,full_scan,OpenLLM-France/Claire-Dialogue-French-0.1,access_restricted,"403 Client Error. (Request ID: Root=1-6a4ebeda-679f061b2a2c13b24d2e2140;fa66f8f5-2483-4702-af51-711376a3902b)

Cannot access gated repo for url https://huggingface.co/api/datasets/OpenLLM-France/Claire-Dialogue-French-0.1/refs.
Access to dataset OpenLLM-France/Claire-Dialogue-French-0.1 is restricted and you are not in the authorized list. Visit https://huggingface.co/datasets/OpenLLM-France/Claire-Dialogue-French-0.1 to ask for access.",0
2026-07-08T21:19:25.504503+00:00,full_scan,DL3DV/DL3DV-Benchmark,access_restricted,"403 Client Error. (Request ID: Root=1-6a4ebedd-7b853765500a7a7654b40dc5;1508f1f8-5fd2-4331-824b-78792d3b24a2)

Cannot access gated repo for url https://huggingface.co/api/datasets/DL3DV/DL3DV-Benchmark/refs.
Access to dataset DL3DV/DL3DV-Benchmark is restricted and you are not in the authorized list. Visit https://huggingface.co/datasets/DL3DV/DL3DV-Benchmark to ask for access.",0
2026-07-08T21:19:28.008971+00:00,full_scan,WhiteRabbitNeo/Code-Functions-Level-Cyber,access_restricted,"403 Client Error. (Request ID: Root=1-6a4ebedf-60407ec816d0adab35f3a001;f4b1f6ec-4860-4c9d-93dd-20037e13c71a)

Cannot access gated repo for url https://huggingface.co/api/datasets/WhiteRabbitNeo/Code-Functions-Level-Cyber/refs.
Access to dataset WhiteRabbitNeo/Code-Functions-Level-Cyber is restricted and you are not in the authorized list. Visit https://huggingface.co/datasets/WhiteRabbitNeo/Code-Functions-Level-Cyber to ask for access.",0
2026-07-08T21:19:29.805875+00:00,full_scan,ibrahimhamamci/CT-RATE,access_restricted,"403 Client Error. (Request ID: Root=1-6a4ebee1-2b8202b62e0d89b32e23295a;0cd74699-a103-4faa-8e99-d38d1f6a462d)

Cannot access gated repo for url https://huggingface.co/api/datasets/ibrahimhamamci/CT-RATE/refs.
Access to dataset ibrahimhamamci/CT-RATE is restricted and you are not in the authorized list. Visit https://huggingface.co/datasets/ibrahimhamamci/CT-RATE to ask for access.",0
2026-07-08T21:19:32.674757+00:00,full_scan,DL3DV/DL3DV-ALL-960P,access_restricted,"403 Client Error. (Request ID: Root=1-6a4ebee4-521eeff13e5ae7127b234548;0c18b252-60aa-4ac7-b39c-145e50d95bce)

Cannot access gated repo for url https://huggingface.co/api/datasets/DL3DV/DL3DV-ALL-960P/refs.
Access to dataset DL3DV/DL3DV-ALL-960P is restricted and you are not in the authorized list. Visit https://huggingface.co/datasets/DL3DV/DL3DV-ALL-960P to ask for access.",0
2026-07-08T21:19:32.971763+00:00,full_scan,bigcode/the-stack-v2-train-smol-ids,access_restricted,"403 Client Error. (Request ID: Root=1-6a4ebee4-4e2b08bd1887b6eb112b7ce0;2262507b-eb58-4cc1-9935-19ef9c406a15)

Cannot access gated repo for url https://huggingface.co/api/datasets/bigcode/the-stack-v2-train-smol-ids/refs.
Access to dataset bigcode/the-stack-v2-train-smol-ids is restricted and you are not in the authorized list. Visit https://huggingface.co/datasets/bigcode/the-stack-v2-train-smol-ids to ask for access.",0
2026-07-08T21:19:34.618209+00:00,full_scan,fruits-music/fruits-music,access_restricted,"403 Client Error. (Request ID: Root=1-6a4ebee6-78150b8033a5864331a1c653;6e628b05-89a5-4180-bb28-f337a2c00144)

Cannot access gated repo for url https://huggingface.co/api/datasets/fruits-music/fruits-music/refs.
Access to dataset fruits-music/fruits-music is restricted and you are not in the authorized list. Visit https://huggingface.co/datasets/fruits-music/fruits-music to ask for access.",0
2026-07-08T21:19:37.000886+00:00,full_scan,Targoman/TLPC,access_restricted,"403 Client Error. (Request ID: Root=1-6a4ebee8-5eede0e625afaea371e9284f;d83e8a85-847a-4e14-913a-147f06da203d)

Cannot access gated repo for url https://huggingface.co/api/datasets/Targoman/TLPC/refs.
Access to dataset Targoman/TLPC is restricted and you are not in the authorized list. Visit https://huggingface.co/datasets/Targoman/TLPC to ask for access.",0
2026-07-08T21:19:37.383881+00:00,full_scan,issai/kazqad-retrieval,access_restricted,"403 Client Error. (Request ID: Root=1-6a4ebee9-5105556d53a209b605d14bf4;62c701a4-4540-409e-8013-a15d1b9d973e)

Cannot access gated repo for url https://huggingface.co/api/datasets/issai/kazqad-retrieval/refs.
Access to dataset issai/kazqad-retrieval is restricted and you are not in the authorized list. Visit https://huggingface.co/datasets/issai/kazqad-retrieval to ask for access.",0
2026-07-08T21:19:41.433954+00:00,full_scan,opennyaiorg/InLegalNER,access_restricted,"403 Client Error. (Request ID: Root=1-6a4ebeed-127ff4b25d2182630b196f20;cd67046b-25da-47f1-964c-2227935f96b0)

Cannot access gated repo for url https://huggingface.co/api/datasets/opennyaiorg/InLegalNER/refs.
Access to dataset opennyaiorg/InLegalNER is restricted and you are not in the authorized list. Visit https://huggingface.co/datasets/opennyaiorg/InLegalNER to ask for access.",0
2026-07-08T21:19:45.893017+00:00,full_scan,yiting/UnsafeBench,access_restricted,"403 Client Error. (Request ID: Root=1-6a4ebef1-0013b4d9670de6bc6453ffdb;23322b4f-0b6f-4338-b8d3-ce39001b1a70)

Cannot access gated repo for url https://huggingface.co/api/datasets/yiting/UnsafeBench/refs.
Access to dataset yiting/UnsafeBench is restricted and you are not in the authorized list. Visit https://huggingface.co/datasets/yiting/UnsafeBench to ask for access.",0
2026-07-08T21:19:46.805473+00:00,full_scan,VLSP2023-MT/ViBidirectionMT-Eval,access_restricted,"403 Client Error. (Request ID: Root=1-6a4ebef2-3911d2451950457d393ee308;1c099dba-2477-4a4f-8a64-e8694d663526)

Cannot access gated repo for url https://huggingface.co/api/datasets/VLSP2023-MT/ViBidirectionMT-Eval/refs.
Access to dataset VLSP2023-MT/ViBidirectionMT-Eval is restricted and you are not in the authorized list. Visit https://huggingface.co/datasets/VLSP2023-MT/ViBidirectionMT-Eval to ask for access.",0
2026-07-08T21:19:54.657279+00:00,full_scan,Salesforce/xlam-function-calling-60k,access_restricted,"403 Client Error. (Request ID: Root=1-6a4ebefa-30d774c2669d5fad6c27e3fa;59c63908-56d3-48c0-8158-fc2d185993c4)

Cannot access gated repo for url https://huggingface.co/api/datasets/Salesforce/xlam-function-calling-60k/refs.
Access to dataset Salesforce/xlam-function-calling-60k is restricted and you are not in the authorized list. Visit https://huggingface.co/datasets/Salesforce/xlam-function-calling-60k to ask for access.",0
2026-07-08T21:19:55.713923+00:00,full_scan,allenai/wildjailbreak,access_restricted,"403 Client Error. (Request ID: Root=1-6a4ebefb-1b4734a47dcbbe3204ad4e18;ad7f7fd9-babe-48bb-872b-5c12ceb78dee)

Cannot access gated repo for url https://huggingface.co/api/datasets/allenai/wildjailbreak/refs.
Access to dataset allenai/wildjailbreak is restricted and you are not in the authorized list. Visit https://huggingface.co/datasets/allenai/wildjailbreak to ask for access.",0
2026-07-08T21:19:56.109609+00:00,full_scan,AbdomenAtlas/_AbdomenAtlas1.0Mini,access_restricted,"403 Client Error. (Request ID: Root=1-6a4ebefc-25bf672425eae20708ee18f7;2c0cc370-75fc-4656-b143-dddf4ea3788c)

Cannot access gated repo for url https://huggingface.co/api/datasets/AbdomenAtlas/_AbdomenAtlas1.0Mini/refs.
Access to dataset AbdomenAtlas/_AbdomenAtlas1.0Mini is restricted and you are not in the authorized list. Visit https://huggingface.co/datasets/AbdomenAtlas/_AbdomenAtlas1.0Mini to ask for access.",0
2026-07-08T21:19:57.555869+00:00,full_scan,walledai/AdvBench,access_restricted,"403 Client Error. (Request ID: Root=1-6a4ebefd-30bddbd27c71d8797dc1bc71;0655d85f-bc24-4d64-9cda-be542e8786bb)

Cannot access gated repo for url https://huggingface.co/api/datasets/walledai/AdvBench/refs.
Access to dataset walledai/AdvBench is restricted and you are not in the authorized list. Visit https://huggingface.co/datasets/walledai/AdvBench to ask for access.",0
2026-07-08T21:19:58.843197+00:00,full_scan,quchenyuan/360x_dataset_HR,access_restricted,"403 Client Error. (Request ID: Root=1-6a4ebefe-5a262a750fbd7ea87e0ab773;79c257cd-25aa-4b24-ad19-f0ba410f3bd1)

Cannot access gated repo for url https://huggingface.co/api/datasets/quchenyuan/360x_dataset_HR/refs.
Access to dataset quchenyuan/360x_dataset_HR is restricted and you are not in the authorized list. Visit https://huggingface.co/datasets/quchenyuan/360x_dataset_HR to ask for access.",0
2026-07-08T21:20:02.839706+00:00,full_scan,jasongzy/Mixamo,access_restricted,"403 Client Error. (Request ID: Root=1-6a4ebf02-5c7d57ae31c7994e48810ef9;ce5cd170-d697-47f2-88a3-32e37aba7552)

Cannot access gated repo for url https://huggingface.co/api/datasets/jasongzy/Mixamo/refs.
Access to dataset jasongzy/Mixamo is restricted and you are not in the authorized list. Visit https://huggingface.co/datasets/jasongzy/Mixamo to ask for access.",0
2026-07-08T21:20:04.164384+00:00,full_scan,MahtaFetrat/Quran-Persian,access_restricted,"403 Client Error. (Request ID: Root=1-6a4ebf04-64a0115f4a21239f1da3bcdb;d5becdbb-5591-4839-8b4d-6cc2f00ac522)

Cannot access gated repo for url https://huggingface.co/api/datasets/MahtaFetrat/Quran-Persian/refs.
Access to dataset MahtaFetrat/Quran-Persian is restricted and you are not in the authorized list. Visit https://huggingface.co/datasets/MahtaFetrat/Quran-Persian to ask for access.",0
2026-07-08T21:20:08.571420+00:00,full_scan,BAAI/CCI3-HQ,access_restricted,"403 Client Error. (Request ID: Root=1-6a4ebf08-279a1861572a3eed33af373e;f3972ae1-392c-4801-8e05-ae6828b94542)

Cannot access gated repo for url https://huggingface.co/api/datasets/BAAI/CCI3-HQ/refs.
Access to dataset BAAI/CCI3-HQ is restricted and you are not in the authorized list. Visit https://huggingface.co/datasets/BAAI/CCI3-HQ to ask for access.",0
2026-07-08T21:20:10.635655+00:00,full_scan,usail-hkust/JailJudge,access_restricted,"403 Client Error. (Request ID: Root=1-6a4ebf0a-482ef0a744765d1e3fdf13ce;908501ce-d0eb-4d54-a3ce-80a4c967bd36)

Cannot access gated repo for url https://huggingface.co/api/datasets/usail-hkust/JailJudge/refs.
Access to dataset usail-hkust/JailJudge is restricted and you are not in the authorized list. Visit https://huggingface.co/datasets/usail-hkust/JailJudge to ask for access.",0
2026-07-08T21:20:12.977360+00:00,full_scan,openlanguagedata/flores_plus,access_restricted,"403 Client Error. (Request ID: Root=1-6a4ebf0c-454464053180a804311951ce;6aa49db5-23a0-40f8-ad1b-9be67e4006c4)

Cannot access gated repo for url https://huggingface.co/api/datasets/openlanguagedata/flores_plus/refs.
Access to dataset openlanguagedata/flores_plus is restricted and you are not in the authorized list. Visit https://huggingface.co/datasets/openlanguagedata/flores_plus to ask for access.",0
2026-07-08T21:20:14.145411+00:00,full_scan,Virtue-AI-HUB/SecCodePLT,access_restricted,"403 Client Error. (Request ID: Root=1-6a4ebf0e-353623a82b8114515890c9f4;cb1dd604-8311-465a-affa-177fa3bb54fa)

Cannot access gated repo for url https://huggingface.co/api/datasets/Virtue-AI-HUB/SecCodePLT/refs.
Access to dataset Virtue-AI-HUB/SecCodePLT is restricted and you are not in the authorized list. Visit https://huggingface.co/datasets/Virtue-AI-HUB/SecCodePLT to ask for access.",0
2026-07-08T21:20:14.297497+00:00,full_scan,EVER-Z/Changen2-S1-15k,access_restricted,"403 Client Error. (Request ID: Root=1-6a4ebf0e-747c944a3d3ac0e3682753b7;9aa04218-d344-4833-ad7e-8efda117db23)

Cannot access gated repo for url https://huggingface.co/api/datasets/EVER-Z/Changen2-S1-15k/refs.
Access to dataset EVER-Z/Changen2-S1-15k is restricted and you are not in the authorized list. Visit https://huggingface.co/datasets/EVER-Z/Changen2-S1-15k to ask for access.",0
2026-07-08T21:20:19.207047+00:00,full_scan,beomi/KoAlpaca-RealQA,access_restricted,"403 Client Error. (Request ID: Root=1-6a4ebf13-5ffdf2044041bebc6bb7f113;4e8b65ba-637d-404d-9adf-3798880c51f5)

Cannot access gated repo for url https://huggingface.co/api/datasets/beomi/KoAlpaca-RealQA/refs.
Access to dataset beomi/KoAlpaca-RealQA is restricted and you are not in the authorized list. Visit https://huggingface.co/datasets/beomi/KoAlpaca-RealQA to ask for access.",0
2026-07-08T21:20:20.709400+00:00,full_scan,hal-utokyo/Manga109,access_restricted,"403 Client Error. (Request ID: Root=1-6a4ebf14-561119fa4d8bfd3661719be5;1649cd1c-cabf-4383-b3d2-86fc1ff62506)

Cannot access gated repo for url https://huggingface.co/api/datasets/hal-utokyo/Manga109/refs.
Access to dataset hal-utokyo/Manga109 is restricted and you are not in the authorized list. Visit https://huggingface.co/datasets/hal-utokyo/Manga109 to ask for access.",0
2026-07-08T21:20:22.999907+00:00,full_scan,General-Medical-AI/IMed-361M,access_restricted,"403 Client Error. (Request ID: Root=1-6a4ebf16-3983c4b40d54bdba687151e8;7302b8bd-2409-4031-b0b3-addc99d7022d)

Cannot access gated repo for url https://huggingface.co/api/datasets/General-Medical-AI/IMed-361M/refs.
Access to dataset General-Medical-AI/IMed-361M is restricted and you are not in the authorized list. Visit https://huggingface.co/datasets/General-Medical-AI/IMed-361M to ask for access.",0
2026-07-08T21:20:25.102985+00:00,full_scan,foursquare/fsq-os-places,access_restricted,"403 Client Error. (Request ID: Root=1-6a4ebf18-31e2ac0c1e957da929d33e64;30ff792a-f807-4083-a2f6-084b512824d0)

Cannot access gated repo for url https://huggingface.co/api/datasets/foursquare/fsq-os-places/refs.
Access to dataset foursquare/fsq-os-places is restricted and you are not in the authorized list. Visit https://huggingface.co/datasets/foursquare/fsq-os-places to ask for access.",0
2026-07-08T21:20:35.241345+00:00,full_scan,osunlp/UGround-V1-Data,access_restricted,"403 Client Error. (Request ID: Root=1-6a4ebf23-6bac12bf2aa798574edf3a6e;d9163fcd-a6ee-4306-a83b-7bcd7fb4e3e7)

Cannot access gated repo for url https://huggingface.co/api/datasets/osunlp/UGround-V1-Data/refs.
Access to dataset osunlp/UGround-V1-Data is restricted and you are not in the authorized list. Visit https://huggingface.co/datasets/osunlp/UGround-V1-Data to ask for access.",0
2026-07-08T21:20:39.028938+00:00,full_scan,geulgyeol/geulgyeol-by,access_restricted,"403 Client Error. (Request ID: Root=1-6a4ebf26-1fadb8264836743b3dec7760;9d3b8334-659b-41dd-abe0-624706dbfa1f)

Cannot access gated repo for url https://huggingface.co/api/datasets/geulgyeol/geulgyeol-by/refs.
Access to dataset geulgyeol/geulgyeol-by is restricted and you are not in the authorized list. Visit https://huggingface.co/datasets/geulgyeol/geulgyeol-by to ask for access.",0
2026-07-08T21:20:39.386152+00:00,full_scan,agibot-world/AgiBotWorld-Beta,access_restricted,"403 Client Error. (Request ID: Root=1-6a4ebf27-1d0f450846d13da71994bcf6;2d485d2e-1709-4a15-adf2-110ccdcaddc2)

Cannot access gated repo for url https://huggingface.co/api/datasets/agibot-world/AgiBotWorld-Beta/refs.
Access to dataset agibot-world/AgiBotWorld-Beta is restricted and you are not in the authorized list. Visit https://huggingface.co/datasets/agibot-world/AgiBotWorld-Beta to ask for access.",0
2026-07-08T21:20:41.615677+00:00,full_scan,trendmicro-ailab/Primus-Instruct,access_restricted,"403 Client Error. (Request ID: Root=1-6a4ebf29-1723c9b714732ba851176158;d4accb14-140f-4825-aba3-16d2457ce5e6)

Cannot access gated repo for url https://huggingface.co/api/datasets/trendmicro-ailab/Primus-Instruct/refs.
Access to dataset trendmicro-ailab/Primus-Instruct is restricted and you are not in the authorized list. Visit https://huggingface.co/datasets/trendmicro-ailab/Primus-Instruct to ask for access.",0
2026-07-08T21:20:41.998176+00:00,full_scan,SynthLabsAI/Big-Math-RL-Verified,access_restricted,"403 Client Error. (Request ID: Root=1-6a4ebf29-700ad4c52c3254a418b3996f;f0db9b73-83bf-42a2-bced-76815b97f356)

Cannot access gated repo for url https://huggingface.co/api/datasets/SynthLabsAI/Big-Math-RL-Verified/refs.
Access to dataset SynthLabsAI/Big-Math-RL-Verified is restricted and you are not in the authorized list. Visit https://huggingface.co/datasets/SynthLabsAI/Big-Math-RL-Verified to ask for access.",0
2026-07-08T21:20:42.203224+00:00,full_scan,nuriachandra/Deepfake-Eval-2024,access_restricted,"403 Client Error. (Request ID: Root=1-6a4ebf2a-2a099c131afdb1a005f10dc1;3a75890d-236a-4e53-a7e1-63a244f87905)

Cannot access gated repo for url https://huggingface.co/api/datasets/nuriachandra/Deepfake-Eval-2024/refs.
Access to dataset nuriachandra/Deepfake-Eval-2024 is restricted and you are not in the authorized list. Visit https://huggingface.co/datasets/nuriachandra/Deepfake-Eval-2024 to ask for access.",0
2026-07-08T21:20:45.832744+00:00,full_scan,DropletX/DropletVideo-1M,access_restricted,"403 Client Error. (Request ID: Root=1-6a4ebf2d-20d4add41ef85edc13cdc4da;2db632b0-4d7e-4e57-8a06-448adffbb092)

Cannot access gated repo for url https://huggingface.co/api/datasets/DropletX/DropletVideo-1M/refs.
Access to dataset DropletX/DropletVideo-1M is restricted and you are not in the authorized list. Visit https://huggingface.co/datasets/DropletX/DropletVideo-1M to ask for access.",0
2026-07-08T21:20:46.298694+00:00,full_scan,ai4bharat/BPCC,access_restricted,"403 Client Error. (Request ID: Root=1-6a4ebf2e-4019b0ff1dc7101379824b9b;34a60497-3916-4331-b9fa-6ef368eefe7b)

Cannot access gated repo for url https://huggingface.co/api/datasets/ai4bharat/BPCC/refs.
Access to dataset ai4bharat/BPCC is restricted and you are not in the authorized list. Visit https://huggingface.co/datasets/ai4bharat/BPCC to ask for access.",0
2026-07-08T21:20:46.710230+00:00,full_scan,ai4bharat/Svarah,access_restricted,"403 Client Error. (Request ID: Root=1-6a4ebf2e-7c07948f6b7616ab14a4f65f;b7d0b628-8311-49ba-9f04-6366a7249065)

Cannot access gated repo for url https://huggingface.co/api/datasets/ai4bharat/Svarah/refs.
Access to dataset ai4bharat/Svarah is restricted and you are not in the authorized list. Visit https://huggingface.co/datasets/ai4bharat/Svarah to ask for access.",0
2026-07-08T21:20:46.913480+00:00,full_scan,panlr/teochew_wild,access_restricted,"403 Client Error. (Request ID: Root=1-6a4ebf2e-3971385e2daebf7335c28c2d;e815f48c-39c5-412b-a2fc-c4b82bf6a2ad)

Cannot access gated repo for url https://huggingface.co/api/datasets/panlr/teochew_wild/refs.
Access to dataset panlr/teochew_wild is restricted and you are not in the authorized list. Visit https://huggingface.co/datasets/panlr/teochew_wild to ask for access.",0
2026-07-08T21:20:49.474812+00:00,full_scan,mueller91/MLAAD,access_restricted,"403 Client Error. (Request ID: Root=1-6a4ebf31-124afd236f532ed72c9539bd;590cac6e-dd49-4890-8f98-c29b5e623f2f)

Cannot access gated repo for url https://huggingface.co/api/datasets/mueller91/MLAAD/refs.
Access to dataset mueller91/MLAAD is restricted and you are not in the authorized list. Visit https://huggingface.co/datasets/mueller91/MLAAD to ask for access.",0
2026-07-08T21:20:50.805165+00:00,full_scan,DSULT-Core/niconico-nicovideo,access_restricted,"403 Client Error. (Request ID: Root=1-6a4ebf32-2c2076423fa4d5d45f29c488;0d72a0d2-e7cd-4b17-9755-141d4645e3e3)

Cannot access gated repo for url https://huggingface.co/api/datasets/DSULT-Core/niconico-nicovideo/refs.
Access to dataset DSULT-Core/niconico-nicovideo is restricted and you are not in the authorized list. Visit https://huggingface.co/datasets/DSULT-Core/niconico-nicovideo to ask for access.",0
2026-07-08T21:20:53.221612+00:00,full_scan,CjangCjengh/voistock,access_restricted,"403 Client Error. (Request ID: Root=1-6a4ebf35-2a3b53b6666251814332e254;d13e9079-0cff-4bb8-8f4b-ccee7f09cfb7)

Cannot access gated repo for url https://huggingface.co/api/datasets/CjangCjengh/voistock/refs.
Access to dataset CjangCjengh/voistock is restricted and you are not in the authorized list. Visit https://huggingface.co/datasets/CjangCjengh/voistock to ask for access.",0
2026-07-08T21:20:53.374982+00:00,full_scan,osunlp/Online-Mind2Web,access_restricted,"403 Client Error. (Request ID: Root=1-6a4ebf35-07bcba3a3c4d44396ce9dfcc;a3206d13-6580-4264-9734-a56a1821f225)

Cannot access gated repo for url https://huggingface.co/api/datasets/osunlp/Online-Mind2Web/refs.
Access to dataset osunlp/Online-Mind2Web is restricted and you are not in the authorized list. Visit https://huggingface.co/datasets/osunlp/Online-Mind2Web to ask for access.",0
2026-07-08T21:20:53.774952+00:00,full_scan,polygom-team/2K2K,access_restricted,"403 Client Error. (Request ID: Root=1-6a4ebf35-6234a519250ae9ea0dd56a7e;5b552762-8a97-4b46-8082-b00027e201f2)

Cannot access gated repo for url https://huggingface.co/api/datasets/polygom-team/2K2K/refs.
Access to dataset polygom-team/2K2K is restricted and you are not in the authorized list. Visit https://huggingface.co/datasets/polygom-team/2K2K to ask for access.",0
2026-07-08T21:20:57.461270+00:00,full_scan,PheniX-Lab/RiceSEG,access_restricted,"403 Client Error. (Request ID: Root=1-6a4ebf39-48874e8a3ce33bc039b8091e;86b6efac-46df-4b38-8481-0ea0cf652f53)

Cannot access gated repo for url https://huggingface.co/api/datasets/PheniX-Lab/RiceSEG/refs.
Access to dataset PheniX-Lab/RiceSEG is restricted and you are not in the authorized list. Visit https://huggingface.co/datasets/PheniX-Lab/RiceSEG to ask for access.",0
2026-07-08T21:20:58.280253+00:00,full_scan,prithivMLmods/Deepfake-Unfiltered-30K,access_restricted,"403 Client Error. (Request ID: Root=1-6a4ebf3a-4f5a143d78e447c263f0ef33;d56047c7-1ce0-4067-9643-6b3fbb3cbe6d)

Cannot access gated repo for url https://huggingface.co/api/datasets/prithivMLmods/Deepfake-Unfiltered-30K/refs.
Access to dataset prithivMLmods/Deepfake-Unfiltered-30K is restricted and you are not in the authorized list. Visit https://huggingface.co/datasets/prithivMLmods/Deepfake-Unfiltered-30K to ask for access.",0
2026-07-08T21:20:58.895186+00:00,full_scan,Time-RA/RATs40K,access_restricted,"403 Client Error. (Request ID: Root=1-6a4ebf3a-540d31c126a6062c6e11f870;6e06f11d-1013-4b2e-8681-f98f8e36d1e9)

Cannot access gated repo for url https://huggingface.co/api/datasets/Time-RA/RATs40K/refs.
Access to dataset Time-RA/RATs40K is restricted and you are not in the authorized list. Visit https://huggingface.co/datasets/Time-RA/RATs40K to ask for access.",0
2026-07-08T21:21:00.635372+00:00,full_scan,FOMO-MRI/FOMO50K,access_restricted,"403 Client Error. (Request ID: Root=1-6a4ebf3c-0e65c65a03bbe7334542315e;dcbf8276-c6da-4b36-b418-0cc74988478a)

Cannot access gated repo for url https://huggingface.co/api/datasets/FOMO-MRI/FOMO50K/refs.
Access to dataset FOMO-MRI/FOMO50K is restricted and you are not in the authorized list. Visit https://huggingface.co/datasets/FOMO-MRI/FOMO50K to ask for access.",0
2026-07-08T21:21:03.860584+00:00,full_scan,Cadenza-Labs/liars-bench,access_restricted,"403 Client Error. (Request ID: Root=1-6a4ebf3f-755ec4cb2f3c7db04c99cd9b;454724f3-8e9a-4d20-adbd-27b56c2fa774)

Cannot access gated repo for url https://huggingface.co/api/datasets/Cadenza-Labs/liars-bench/refs.
Access to dataset Cadenza-Labs/liars-bench is restricted and you are not in the authorized list. Visit https://huggingface.co/datasets/Cadenza-Labs/liars-bench to ask for access.",0
2026-07-08T21:21:04.296000+00:00,full_scan,rajpurkarlab/ReXGradient-160K,access_restricted,"403 Client Error. (Request ID: Root=1-6a4ebf40-2d8dad7c23b68618131b2f66;3d9632af-ffde-4bde-881f-11652f6d315b)

Cannot access gated repo for url https://huggingface.co/api/datasets/rajpurkarlab/ReXGradient-160K/refs.
Access to dataset rajpurkarlab/ReXGradient-160K is restricted and you are not in the authorized list. Visit https://huggingface.co/datasets/rajpurkarlab/ReXGradient-160K to ask for access.",0
2026-07-08T21:21:04.527043+00:00,full_scan,kambale/luganda-english-parallel-corpus,access_restricted,"403 Client Error. (Request ID: Root=1-6a4ebf40-6fdc141343af665d364d74fc;4a85c894-30a2-40dd-92cc-76c424b535d8)

Cannot access gated repo for url https://huggingface.co/api/datasets/kambale/luganda-english-parallel-corpus/refs.
Access to dataset kambale/luganda-english-parallel-corpus is restricted and you are not in the authorized list. Visit https://huggingface.co/datasets/kambale/luganda-english-parallel-corpus to ask for access.",0
2026-07-08T21:21:07.951891+00:00,full_scan,BAAI/CCI4.0-M2-Base-v1,access_restricted,"403 Client Error. (Request ID: Root=1-6a4ebf43-0a41d0b174f2677e0a51d6b3;1a53d957-ba16-44ae-b320-d140935620fc)

Cannot access gated repo for url https://huggingface.co/api/datasets/BAAI/CCI4.0-M2-Base-v1/refs.
Access to dataset BAAI/CCI4.0-M2-Base-v1 is restricted and you are not in the authorized list. Visit https://huggingface.co/datasets/BAAI/CCI4.0-M2-Base-v1 to ask for access.",0
2026-07-08T21:21:08.241008+00:00,full_scan,BAAI/CCI4.0-M2-CoT-v1,access_restricted,"403 Client Error. (Request ID: Root=1-6a4ebf44-33a4453f0956255d35169107;1e3e5d37-52f9-4ce7-ad36-cef33d01ef8b)

Cannot access gated repo for url https://huggingface.co/api/datasets/BAAI/CCI4.0-M2-CoT-v1/refs.
Access to dataset BAAI/CCI4.0-M2-CoT-v1 is restricted and you are not in the authorized list. Visit https://huggingface.co/datasets/BAAI/CCI4.0-M2-CoT-v1 to ask for access.",0
2026-07-08T21:21:09.852363+00:00,full_scan,m-aliabbas1/makhzan-urdu-corpus,access_restricted,"403 Client Error. (Request ID: Root=1-6a4ebf45-131671c97f02e74e305b2e83;a915425f-64b2-48b5-9dd6-02199b360c61)

Cannot access gated repo for url https://huggingface.co/api/datasets/m-aliabbas1/makhzan-urdu-corpus/refs.
Access to dataset m-aliabbas1/makhzan-urdu-corpus is restricted and you are not in the authorized list. Visit https://huggingface.co/datasets/m-aliabbas1/makhzan-urdu-corpus to ask for access.",0
2026-07-08T21:21:23.487931+00:00,full_scan,yikaiwang/MISATO,access_restricted,"403 Client Error. (Request ID: Root=1-6a4ebf53-237a6a0948dd484630e6f17a;50b18904-d05d-4dcc-a01a-dae83fe1db5f)

Cannot access gated repo for url https://huggingface.co/api/datasets/yikaiwang/MISATO/refs.
Access to dataset yikaiwang/MISATO is restricted and you are not in the authorized list. Visit https://huggingface.co/datasets/yikaiwang/MISATO to ask for access.",0
2026-07-08T21:21:24.976456+00:00,full_scan,facebook/multiloko,access_restricted,"403 Client Error. (Request ID: Root=1-6a4ebf54-3dc2d9ee060e070f64e96aec;dc91a352-5da1-42ca-970f-872f3b57fd35)

Cannot access gated repo for url https://huggingface.co/api/datasets/facebook/multiloko/refs.
Access to dataset facebook/multiloko is restricted and you are not in the authorized list. Visit https://huggingface.co/datasets/facebook/multiloko to ask for access.",0
2026-07-08T21:21:25.790032+00:00,full_scan,jerry1565/DrVD-Bench,access_restricted,"403 Client Error. (Request ID: Root=1-6a4ebf55-5651a2d350ca3baa32c589cc;88dfeac3-ca45-4a5a-bcf7-54d117225e40)

Cannot access gated repo for url https://huggingface.co/api/datasets/jerry1565/DrVD-Bench/refs.
Access to dataset jerry1565/DrVD-Bench is restricted and you are not in the authorized list. Visit https://huggingface.co/datasets/jerry1565/DrVD-Bench to ask for access.",0
2026-07-08T21:21:26.033598+00:00,full_scan,luminary-shift/SUV,access_restricted,"403 Client Error. (Request ID: Root=1-6a4ebf55-0bd9d3146e727b904c11271a;4bbfdc17-fa97-460d-8237-a7fe1a771077)

Cannot access gated repo for url https://huggingface.co/api/datasets/luminary-shift/SUV/refs.
Access to dataset luminary-shift/SUV is restricted and you are not in the authorized list. Visit https://huggingface.co/datasets/luminary-shift/SUV to ask for access.",0
2026-07-08T21:21:28.978325+00:00,full_scan,ankilok/ResearchBench,access_restricted,"403 Client Error. (Request ID: Root=1-6a4ebf58-7b0f9b670221afc6622ef9b1;365ab6ab-3379-4a1b-8a03-97b79e0d7371)

Cannot access gated repo for url https://huggingface.co/api/datasets/ankilok/ResearchBench/refs.
Access to dataset ankilok/ResearchBench is restricted and you are not in the authorized list. Visit https://huggingface.co/datasets/ankilok/ResearchBench to ask for access.",0
2026-07-08T21:21:31.458306+00:00,full_scan,luoyeguigenno1/X-ray-Miniature-Medical-Device,access_restricted,"403 Client Error. (Request ID: Root=1-6a4ebf5b-7f8cb976314489634c9b65de;066081fe-893c-4ed1-aed5-fd1f30a3cf45)

Cannot access gated repo for url https://huggingface.co/api/datasets/luoyeguigenno1/X-ray-Miniature-Medical-Device/refs.
Access to dataset luoyeguigenno1/X-ray-Miniature-Medical-Device is restricted and you are not in the authorized list. Visit https://huggingface.co/datasets/luoyeguigenno1/X-ray-Miniature-Medical-Device to ask for access.",0
2026-07-08T21:21:34.121246+00:00,full_scan,Misraj/Arabic-Image-Captioning_100M,access_restricted,"403 Client Error. (Request ID: Root=1-6a4ebf5e-213b997f26f5503d399f5d0e;21b2ebb7-8d8a-4a3c-8995-61292980e0d6)

Cannot access gated repo for url https://huggingface.co/api/datasets/Misraj/Arabic-Image-Captioning_100M/refs.
Access to dataset Misraj/Arabic-Image-Captioning_100M is restricted and you are not in the authorized list. Visit https://huggingface.co/datasets/Misraj/Arabic-Image-Captioning_100M to ask for access.",0
2026-07-08T21:21:34.797767+00:00,full_scan,rajpurkarlab/ReXVQA,access_restricted,"403 Client Error. (Request ID: Root=1-6a4ebf5e-43a5915d3d96f3057b6d8f82;7ac4252b-1901-4099-b55a-4da42353cfbf)

Cannot access gated repo for url https://huggingface.co/api/datasets/rajpurkarlab/ReXVQA/refs.
Access to dataset rajpurkarlab/ReXVQA is restricted and you are not in the authorized list. Visit https://huggingface.co/datasets/rajpurkarlab/ReXVQA to ask for access.",0
2026-07-08T21:21:35.043886+00:00,full_scan,TimJaspersTue/RARE25-train,access_restricted,"403 Client Error. (Request ID: Root=1-6a4ebf5e-65fc02fb04d694e219538ff3;0a0ea2ab-92e1-4146-acd5-0c5f9b5e6cc0)

Cannot access gated repo for url https://huggingface.co/api/datasets/TimJaspersTue/RARE25-train/refs.
Access to dataset TimJaspersTue/RARE25-train is restricted and you are not in the authorized list. Visit https://huggingface.co/datasets/TimJaspersTue/RARE25-train to ask for access.",0
2026-07-08T21:21:36.381556+00:00,full_scan,GaussianWorld/scene_splat_7k,access_restricted,"403 Client Error. (Request ID: Root=1-6a4ebf60-6928c830553f1abd1c8c2632;27f2ea69-e93c-4074-80cd-dbd1c43b45ec)

Cannot access gated repo for url https://huggingface.co/api/datasets/GaussianWorld/scene_splat_7k/refs.
Access to dataset GaussianWorld/scene_splat_7k is restricted and you are not in the authorized list. Visit https://huggingface.co/datasets/GaussianWorld/scene_splat_7k to ask for access.",0
2026-07-08T21:21:37.522149+00:00,full_scan,maliciousduck/VTOL,access_restricted,"403 Client Error. (Request ID: Root=1-6a4ebf61-5ba3d19f2d5bc8ad4c42fc66;d94acef0-57f1-45bb-bf24-d134e9891547)

Cannot access gated repo for url https://huggingface.co/api/datasets/maliciousduck/VTOL/refs.
Access to dataset maliciousduck/VTOL is restricted and you are not in the authorized list. Visit https://huggingface.co/datasets/maliciousduck/VTOL to ask for access.",0
2026-07-08T21:21:41.903531+00:00,full_scan,ginkgo-datapoints/GDPa1,access_restricted,"403 Client Error. (Request ID: Root=1-6a4ebf65-7ab238b506c3cbe44422d223;365d0164-d0d6-47ff-8666-6971799af1e7)

Cannot access gated repo for url https://huggingface.co/api/datasets/ginkgo-datapoints/GDPa1/refs.
Access to dataset ginkgo-datapoints/GDPa1 is restricted and you are not in the authorized list. Visit https://huggingface.co/datasets/ginkgo-datapoints/GDPa1 to ask for access.",0
2026-07-08T21:21:42.620344+00:00,full_scan,shahabrahimirad/bayesian-social-deduction,access_restricted,"403 Client Error. (Request ID: Root=1-6a4ebf66-5c992955470fd3403e2b81bb;49faf4cc-605e-48c7-a516-11264c64d740)

Cannot access gated repo for url https://huggingface.co/api/datasets/shahabrahimirad/bayesian-social-deduction/refs.
Access to dataset shahabrahimirad/bayesian-social-deduction is restricted and you are not in the authorized list. Visit https://huggingface.co/datasets/shahabrahimirad/bayesian-social-deduction to ask for access.",0
2026-07-08T21:21:46.095479+00:00,full_scan,MikePfunk28/resume-training-dataset,access_restricted,"403 Client Error. (Request ID: Root=1-6a4ebf6a-7ecd74667c8364fa27962481;84fdd61f-bcc1-4d28-a497-a61a8049d3ee)

Cannot access gated repo for url https://huggingface.co/api/datasets/MikePfunk28/resume-training-dataset/refs.
Access to dataset MikePfunk28/resume-training-dataset is restricted and you are not in the authorized list. Visit https://huggingface.co/datasets/MikePfunk28/resume-training-dataset to ask for access.",0
2026-07-08T21:21:49.258258+00:00,full_scan,Jerrylz/math7B,access_restricted,"403 Client Error. (Request ID: Root=1-6a4ebf6d-6c31ddab1362fa842d0ddf5c;70020619-063c-458e-b700-8ead7bc6f1ea)

Cannot access gated repo for url https://huggingface.co/api/datasets/Jerrylz/math7B/refs.
Access to dataset Jerrylz/math7B is restricted and you are not in the authorized list. Visit https://huggingface.co/datasets/Jerrylz/math7B to ask for access.",0
2026-07-08T21:21:49.525312+00:00,full_scan,Jerrylz/common_sense_reasoning,access_restricted,"403 Client Error. (Request ID: Root=1-6a4ebf6d-1d64ae431e30bcdf1651bfe4;4905db36-39c2-4d2d-a2fa-f30e18c75d4d)

Cannot access gated repo for url https://huggingface.co/api/datasets/Jerrylz/common_sense_reasoning/refs.
Access to dataset Jerrylz/common_sense_reasoning is restricted and you are not in the authorized list. Visit https://huggingface.co/datasets/Jerrylz/common_sense_reasoning to ask for access.",0
2026-07-08T21:21:49.800464+00:00,full_scan,Jerrylz/math1.5B,access_restricted,"403 Client Error. (Request ID: Root=1-6a4ebf6d-6fb5aa1e6a954b460bb74399;b0bbef5b-ab06-4f0b-ba7d-5a0d1eccfa6b)

Cannot access gated repo for url https://huggingface.co/api/datasets/Jerrylz/math1.5B/refs.
Access to dataset Jerrylz/math1.5B is restricted and you are not in the authorized list. Visit https://huggingface.co/datasets/Jerrylz/math1.5B to ask for access.",0
2026-07-08T21:21:49.993395+00:00,full_scan,Jerrylz/coding1.5B,access_restricted,"403 Client Error. (Request ID: Root=1-6a4ebf6d-492d3fe350c6cca95b65c760;49accdbd-9f94-4615-b1bc-336ef2fd2e58)

Cannot access gated repo for url https://huggingface.co/api/datasets/Jerrylz/coding1.5B/refs.
Access to dataset Jerrylz/coding1.5B is restricted and you are not in the authorized list. Visit https://huggingface.co/datasets/Jerrylz/coding1.5B to ask for access.",0
2026-07-08T21:21:50.812778+00:00,full_scan,MohammadJRanjbar/ParsVoice,access_restricted,"403 Client Error. (Request ID: Root=1-6a4ebf6e-39a8a00971d00d645e00d443;1d7037ae-e150-45f9-a53a-17e75df3a364)

Cannot access gated repo for url https://huggingface.co/api/datasets/MohammadJRanjbar/ParsVoice/refs.
Access to dataset MohammadJRanjbar/ParsVoice is restricted and you are not in the authorized list. Visit https://huggingface.co/datasets/MohammadJRanjbar/ParsVoice to ask for access.",0
2026-07-08T21:21:51.426826+00:00,full_scan,asr-africa/ASR_Evaluation_dataset,access_restricted,"403 Client Error. (Request ID: Root=1-6a4ebf6f-776998ca4aceea4a2ee0f7cf;9ed8bd7b-5d05-4649-ba52-b6813814385c)

Cannot access gated repo for url https://huggingface.co/api/datasets/asr-africa/ASR_Evaluation_dataset/refs.
Access to dataset asr-africa/ASR_Evaluation_dataset is restricted and you are not in the authorized list. Visit https://huggingface.co/datasets/asr-africa/ASR_Evaluation_dataset to ask for access.",0
2026-07-08T21:21:52.553512+00:00,full_scan,spatialverse/InteriorGS,access_restricted,"403 Client Error. (Request ID: Root=1-6a4ebf70-6c23a0755978683a05ae644b;d75b9319-a7f3-4422-875b-afc9cfbe3530)

Cannot access gated repo for url https://huggingface.co/api/datasets/spatialverse/InteriorGS/refs.
Access to dataset spatialverse/InteriorGS is restricted and you are not in the authorized list. Visit https://huggingface.co/datasets/spatialverse/InteriorGS to ask for access.",0
2026-07-08T21:21:54.191590+00:00,full_scan,InternRobotics/Scene-N1,access_restricted,"403 Client Error. (Request ID: Root=1-6a4ebf72-26e299c22f722de64f727979;99bde808-d5f9-418e-a563-fb01ae4c6f77)

Cannot access gated repo for url https://huggingface.co/api/datasets/InternRobotics/Scene-N1/refs.
Access to dataset InternRobotics/Scene-N1 is restricted and you are not in the authorized list. Visit https://huggingface.co/datasets/InternRobotics/Scene-N1 to ask for access.",0
2026-07-08T21:21:54.805882+00:00,full_scan,InternRobotics/InternScenes,access_restricted,"403 Client Error. (Request ID: Root=1-6a4ebf72-7eb489a6601a5b6156ea6dc8;af5466dc-1b04-4cfb-9205-117d8e81ab0b)

Cannot access gated repo for url https://huggingface.co/api/datasets/InternRobotics/InternScenes/refs.
Access to dataset InternRobotics/InternScenes is restricted and you are not in the authorized list. Visit https://huggingface.co/datasets/InternRobotics/InternScenes to ask for access.",0
2026-07-08T21:21:55.012715+00:00,full_scan,InternRobotics/InternData-N1,access_restricted,"403 Client Error. (Request ID: Root=1-6a4ebf72-1fd1181d092d4ffb0da5fc4e;7d6fe94d-741a-414c-a9b5-62ea81640b47)

Cannot access gated repo for url https://huggingface.co/api/datasets/InternRobotics/InternData-N1/refs.
Access to dataset InternRobotics/InternData-N1 is restricted and you are not in the authorized list. Visit https://huggingface.co/datasets/InternRobotics/InternData-N1 to ask for access.",0
2026-07-08T21:21:55.215713+00:00,full_scan,rajpurkarlab/ReXGroundingCT,access_restricted,"403 Client Error. (Request ID: Root=1-6a4ebf73-4a984933650c5f2f494c7a27;122432d5-4f0c-41fc-b565-8a0ffa005cc5)

Cannot access gated repo for url https://huggingface.co/api/datasets/rajpurkarlab/ReXGroundingCT/refs.
Access to dataset rajpurkarlab/ReXGroundingCT is restricted and you are not in the authorized list. Visit https://huggingface.co/datasets/rajpurkarlab/ReXGroundingCT to ask for access.",0
2026-07-08T21:21:58.030394+00:00,full_scan,MCAA1-MSU/anv_data_ke,access_restricted,"403 Client Error. (Request ID: Root=1-6a4ebf75-6ec34f9035b190627601ac9e;d7ccd30b-3852-42b2-badb-df62baa38597)

Cannot access gated repo for url https://huggingface.co/api/datasets/MCAA1-MSU/anv_data_ke/refs.
Access to dataset MCAA1-MSU/anv_data_ke is restricted and you are not in the authorized list. Visit https://huggingface.co/datasets/MCAA1-MSU/anv_data_ke to ask for access.",0
2026-07-08T21:21:59.487208+00:00,full_scan,miromind-ai/MiroVerse-v0.1,access_restricted,"403 Client Error. (Request ID: Root=1-6a4ebf77-54e0fe3c74a7ae642385bba8;407eb268-171b-435d-aa1d-bf54e9c30ad5)

Cannot access gated repo for url https://huggingface.co/api/datasets/miromind-ai/MiroVerse-v0.1/refs.
Access to dataset miromind-ai/MiroVerse-v0.1 is restricted and you are not in the authorized list. Visit https://huggingface.co/datasets/miromind-ai/MiroVerse-v0.1 to ask for access.",0
2026-07-08T21:22:00.917047+00:00,full_scan,ServiceNow/VectorGym,access_restricted,"403 Client Error. (Request ID: Root=1-6a4ebf78-4d4f724f2fe7884478d19cb1;1e6aa751-1735-47b6-963c-9426da9158db)

Cannot access gated repo for url https://huggingface.co/api/datasets/ServiceNow/VectorGym/refs.
Access to dataset ServiceNow/VectorGym is restricted and you are not in the authorized list. Visit https://huggingface.co/datasets/ServiceNow/VectorGym to ask for access.",0
2026-07-08T21:22:02.466201+00:00,full_scan,SandboxAQ/SAIR,access_restricted,"403 Client Error. (Request ID: Root=1-6a4ebf7a-3f9f83072ceee2f9373d93c4;c2655ac1-1fcd-4290-8dfd-fd13fba6f868)

Cannot access gated repo for url https://huggingface.co/api/datasets/SandboxAQ/SAIR/refs.
Access to dataset SandboxAQ/SAIR is restricted and you are not in the authorized list. Visit https://huggingface.co/datasets/SandboxAQ/SAIR to ask for access.",0
2026-07-08T21:22:06.173112+00:00,full_scan,opsecsystems/Dream2Image,access_restricted,"403 Client Error. (Request ID: Root=1-6a4ebf7e-2141fa2522950dee51fd0d2d;c18c5f4e-f857-44f0-94bd-215600bd34f1)

Cannot access gated repo for url https://huggingface.co/api/datasets/opsecsystems/Dream2Image/refs.
Access to dataset opsecsystems/Dream2Image is restricted and you are not in the authorized list. Visit https://huggingface.co/datasets/opsecsystems/Dream2Image to ask for access.",0
2026-07-08T21:22:07.705469+00:00,full_scan,shawnpi/SynParaSpeech,access_restricted,"403 Client Error. (Request ID: Root=1-6a4ebf7f-4885fe715b57396f32e91f64;12776825-660c-4d03-a0ad-907d362773ff)

Cannot access gated repo for url https://huggingface.co/api/datasets/shawnpi/SynParaSpeech/refs.
Access to dataset shawnpi/SynParaSpeech is restricted and you are not in the authorized list. Visit https://huggingface.co/datasets/shawnpi/SynParaSpeech to ask for access.",0
2026-07-08T21:22:10.481884+00:00,full_scan,AST-FRI/EnterpriseBench,access_restricted,"403 Client Error. (Request ID: Root=1-6a4ebf82-4d03f5711a1ba16409452a06;68f7e2a3-42f2-444c-aa5f-f4534caea5c4)

Cannot access gated repo for url https://huggingface.co/api/datasets/AST-FRI/EnterpriseBench/refs.
Access to dataset AST-FRI/EnterpriseBench is restricted and you are not in the authorized list. Visit https://huggingface.co/datasets/AST-FRI/EnterpriseBench to ask for access.",0
2026-07-08T21:22:11.804784+00:00,full_scan,maimai11/MNV_17,access_restricted,"403 Client Error. (Request ID: Root=1-6a4ebf83-3c4855a261ae2e8c5f999292;bca08559-39bc-42fd-a6ac-e6f6c05fd673)

Cannot access gated repo for url https://huggingface.co/api/datasets/maimai11/MNV_17/refs.
Access to dataset maimai11/MNV_17 is restricted and you are not in the authorized list. Visit https://huggingface.co/datasets/maimai11/MNV_17 to ask for access.",0
2026-07-08T21:22:12.010464+00:00,full_scan,Misraj/msdd,access_restricted,"403 Client Error. (Request ID: Root=1-6a4ebf83-77af6a1c2a685f191156a7e3;fdb06dbc-98b2-4349-903e-8a31b89db940)

Cannot access gated repo for url https://huggingface.co/api/datasets/Misraj/msdd/refs.
Access to dataset Misraj/msdd is restricted and you are not in the authorized list. Visit https://huggingface.co/datasets/Misraj/msdd to ask for access.",0
2026-07-08T21:22:12.585624+00:00,full_scan,Agents-X/ThinkWithVideo-SFT,access_restricted,"403 Client Error. (Request ID: Root=1-6a4ebf84-5014240a6410a16443b26d91;bb1ef166-ab58-46b2-9941-5b9b08a1836e)

Cannot access gated repo for url https://huggingface.co/api/datasets/Agents-X/ThinkWithVideo-SFT/refs.
Access to dataset Agents-X/ThinkWithVideo-SFT is restricted and you are not in the authorized list. Visit https://huggingface.co/datasets/Agents-X/ThinkWithVideo-SFT to ask for access.",0
2026-07-08T21:22:14.058034+00:00,full_scan,Kilimanjaroblindtrustafrica/BLINK_IMAGES_1,access_restricted,"403 Client Error. (Request ID: Root=1-6a4ebf85-4e8dbdbb3c36a2152fc4faf8;bcf68ba4-cb4e-4ac6-924a-6c604f3e7c6d)

Cannot access gated repo for url https://huggingface.co/api/datasets/Kilimanjaroblindtrustafrica/BLINK_IMAGES_1/refs.
Access to dataset Kilimanjaroblindtrustafrica/BLINK_IMAGES_1 is restricted and you are not in the authorized list. Visit https://huggingface.co/datasets/Kilimanjaroblindtrustafrica/BLINK_IMAGES_1 to ask for access.",0
2026-07-08T21:22:14.356429+00:00,full_scan,core12345/MoE_expert_selection_trace,access_restricted,"403 Client Error. (Request ID: Root=1-6a4ebf86-1b7d907f145e57fb0c060bb0;23739612-642f-413d-9015-aa55c50c5b2b)

Cannot access gated repo for url https://huggingface.co/api/datasets/core12345/MoE_expert_selection_trace/refs.
Access to dataset core12345/MoE_expert_selection_trace is restricted and you are not in the authorized list. Visit https://huggingface.co/datasets/core12345/MoE_expert_selection_trace to ask for access.",0
2026-07-08T21:22:16.208310+00:00,full_scan,facebook/SACo-Gold,access_restricted,"403 Client Error. (Request ID: Root=1-6a4ebf88-06b8f53f32dd1c4f55ed16a5;4b8addd7-8f63-45e2-984f-d1011f3f4798)

Cannot access gated repo for url https://huggingface.co/api/datasets/facebook/SACo-Gold/refs.
Access to dataset facebook/SACo-Gold is restricted and you are not in the authorized list. Visit https://huggingface.co/datasets/facebook/SACo-Gold to ask for access.",0
2026-07-08T21:22:17.712021+00:00,full_scan,redlessone/Derm1M,access_restricted,"403 Client Error. (Request ID: Root=1-6a4ebf89-389043284878221e3608985e;de793cc7-f0ef-4f31-bf00-ffd93bbfa321)

Cannot access gated repo for url https://huggingface.co/api/datasets/redlessone/Derm1M/refs.
Access to dataset redlessone/Derm1M is restricted and you are not in the authorized list. Visit https://huggingface.co/datasets/redlessone/Derm1M to ask for access.",0
2026-07-08T21:22:22.313703+00:00,full_scan,pelcra/PLLuMIC,access_restricted,"403 Client Error. (Request ID: Root=1-6a4ebf8e-7836fe235b588e0f6a6b0e67;c7891b19-6f2f-486c-b2b4-634a133d82d3)

Cannot access gated repo for url https://huggingface.co/api/datasets/pelcra/PLLuMIC/refs.
Access to dataset pelcra/PLLuMIC is restricted and you are not in the authorized list. Visit https://huggingface.co/datasets/pelcra/PLLuMIC to ask for access.",0
2026-07-08T21:22:24.112025+00:00,full_scan,mrmuminov/quranic-corpus-morphology,access_restricted,"403 Client Error. (Request ID: Root=1-6a4ebf90-6fa29bb344824f142aa762d4;b68cc7f2-3596-4a5b-b268-c2e7a77f22eb)

Cannot access gated repo for url https://huggingface.co/api/datasets/mrmuminov/quranic-corpus-morphology/refs.
Access to dataset mrmuminov/quranic-corpus-morphology is restricted and you are not in the authorized list. Visit https://huggingface.co/datasets/mrmuminov/quranic-corpus-morphology to ask for access.",0
2026-07-08T21:22:24.297462+00:00,full_scan,bamboodata/brazilian-cultural-video-dataset,access_restricted,"403 Client Error. (Request ID: Root=1-6a4ebf90-76db141c376ad2525a959630;4bd4847c-6fc5-4254-9e8a-cd55532cad00)

Cannot access gated repo for url https://huggingface.co/api/datasets/bamboodata/brazilian-cultural-video-dataset/refs.
Access to dataset bamboodata/brazilian-cultural-video-dataset is restricted and you are not in the authorized list. Visit https://huggingface.co/datasets/bamboodata/brazilian-cultural-video-dataset to ask for access.",0
2026-07-08T21:22:25.740260+00:00,full_scan,TheFinAI/FinCriticalED,access_restricted,"403 Client Error. (Request ID: Root=1-6a4ebf91-1883f0ab012e7f5a3573543d;626eb30e-5e2a-4b67-948e-632692750f3d)

Cannot access gated repo for url https://huggingface.co/api/datasets/TheFinAI/FinCriticalED/refs.
Access to dataset TheFinAI/FinCriticalED is restricted and you are not in the authorized list. Visit https://huggingface.co/datasets/TheFinAI/FinCriticalED to ask for access.",0
2026-07-08T21:22:27.045733+00:00,full_scan,BuildingWorld/BuildingWorld,access_restricted,"403 Client Error. (Request ID: Root=1-6a4ebf92-3f011e4c55350bbb15c04e9a;74c2f436-6ff4-4ea5-99a7-be2d0e56732e)

Cannot access gated repo for url https://huggingface.co/api/datasets/BuildingWorld/BuildingWorld/refs.
Access to dataset BuildingWorld/BuildingWorld is restricted and you are not in the authorized list. Visit https://huggingface.co/datasets/BuildingWorld/BuildingWorld to ask for access.",0
2026-07-08T21:22:28.496609+00:00,full_scan,nvidia/Nemotron-Pretraining-Code-v2,access_restricted,"403 Client Error. (Request ID: Root=1-6a4ebf94-24407655178dc2b44eabd029;67794467-4d83-4870-8d8a-4d42b07ab89c)

Cannot access gated repo for url https://huggingface.co/api/datasets/nvidia/Nemotron-Pretraining-Code-v2/refs.
Access to dataset nvidia/Nemotron-Pretraining-Code-v2 is restricted and you are not in the authorized list. Visit https://huggingface.co/datasets/nvidia/Nemotron-Pretraining-Code-v2 to ask for access.",0
2026-07-08T21:22:28.890459+00:00,full_scan,LPA1957/LPA-In-AI,access_restricted,"403 Client Error. (Request ID: Root=1-6a4ebf94-743c70c666fa86f238792d35;c5320964-4095-4f9f-87df-5f3e158a1841)

Cannot access gated repo for url https://huggingface.co/api/datasets/LPA1957/LPA-In-AI/refs.
Access to dataset LPA1957/LPA-In-AI is restricted and you are not in the authorized list. Visit https://huggingface.co/datasets/LPA1957/LPA-In-AI to ask for access.",0
2026-07-08T21:22:30.136065+00:00,full_scan,SKKUAutoLab/TSBOW,access_restricted,"403 Client Error. (Request ID: Root=1-6a4ebf96-46670eff2d5d02ea1daf93d0;7be01978-23e2-4160-804e-ec6fc80b34e5)

Cannot access gated repo for url https://huggingface.co/api/datasets/SKKUAutoLab/TSBOW/refs.
Access to dataset SKKUAutoLab/TSBOW is restricted and you are not in the authorized list. Visit https://huggingface.co/datasets/SKKUAutoLab/TSBOW to ask for access.",0
2026-07-08T21:22:31.466405+00:00,full_scan,Jhcircle/KardiaBench,access_restricted,"403 Client Error. (Request ID: Root=1-6a4ebf97-6166409f5e35ba21302172e8;5336f4d9-5a7c-4437-9e76-0d430d29bf9f)

Cannot access gated repo for url https://huggingface.co/api/datasets/Jhcircle/KardiaBench/refs.
Access to dataset Jhcircle/KardiaBench is restricted and you are not in the authorized list. Visit https://huggingface.co/datasets/Jhcircle/KardiaBench to ask for access.",0
2026-07-08T21:22:32.039419+00:00,full_scan,facebook/jepa-wms,access_restricted,"403 Client Error. (Request ID: Root=1-6a4ebf97-1063a958339f61f7524e63ca;bf524035-b72b-471b-9efd-9a12bd0cdbda)

Cannot access gated repo for url https://huggingface.co/api/datasets/facebook/jepa-wms/refs.
Access to dataset facebook/jepa-wms is restricted and you are not in the authorized list. Visit https://huggingface.co/datasets/facebook/jepa-wms to ask for access.",0
2026-07-08T21:22:32.497368+00:00,full_scan,RMSnow/SpeechJudge-Data,access_restricted,"403 Client Error. (Request ID: Root=1-6a4ebf98-4a558793259b2ee250648641;7592b439-8066-4235-ad2b-6479371a5f97)

Cannot access gated repo for url https://huggingface.co/api/datasets/RMSnow/SpeechJudge-Data/refs.
Access to dataset RMSnow/SpeechJudge-Data is restricted and you are not in the authorized list. Visit https://huggingface.co/datasets/RMSnow/SpeechJudge-Data to ask for access.",0
2026-07-08T21:22:36.411190+00:00,full_scan,StonyBrook-CVLab/doc3D-dataset,access_restricted,"403 Client Error. (Request ID: Root=1-6a4ebf9c-030e50786515f9000464a4e9;41608450-d25c-43e4-8153-893694f2d2a3)

Cannot access gated repo for url https://huggingface.co/api/datasets/StonyBrook-CVLab/doc3D-dataset/refs.
Access to dataset StonyBrook-CVLab/doc3D-dataset is restricted and you are not in the authorized list. Visit https://huggingface.co/datasets/StonyBrook-CVLab/doc3D-dataset to ask for access.",0
2026-07-08T21:22:36.655703+00:00,full_scan,Journey9ni/vlm3r_videos,access_restricted,"403 Client Error. (Request ID: Root=1-6a4ebf9c-43ff7f4f142f683b5ccce2d9;f403ca4a-cbd7-4a55-98f8-020081fa240e)

Cannot access gated repo for url https://huggingface.co/api/datasets/Journey9ni/vlm3r_videos/refs.
Access to dataset Journey9ni/vlm3r_videos is restricted and you are not in the authorized list. Visit https://huggingface.co/datasets/Journey9ni/vlm3r_videos to ask for access.",0
2026-07-08T21:22:37.615393+00:00,full_scan,CVC2233/AndroTMem-Bench,access_restricted,"403 Client Error. (Request ID: Root=1-6a4ebf9d-14c3fc03466bf1f94fe3fb22;f80936ab-4618-42a8-9100-6422c75c0e71)

Cannot access gated repo for url https://huggingface.co/api/datasets/CVC2233/AndroTMem-Bench/refs.
Access to dataset CVC2233/AndroTMem-Bench is restricted and you are not in the authorized list. Visit https://huggingface.co/datasets/CVC2233/AndroTMem-Bench to ask for access.",0
2026-07-08T21:22:40.000747+00:00,full_scan,UDVideoQA/Urban_Dynamics_VideoQA_dataset,access_restricted,"403 Client Error. (Request ID: Root=1-6a4ebf9f-2176ec595645249e7f27d334;779f36d5-7fcb-4553-931b-1d7eaa2bccd8)

Cannot access gated repo for url https://huggingface.co/api/datasets/UDVideoQA/Urban_Dynamics_VideoQA_dataset/refs.
Access to dataset UDVideoQA/Urban_Dynamics_VideoQA_dataset is restricted and you are not in the authorized list. Visit https://huggingface.co/datasets/UDVideoQA/Urban_Dynamics_VideoQA_dataset to ask for access.",0
2026-07-08T21:22:40.823279+00:00,full_scan,Vacaspati/Vaiyakarana,access_restricted,"403 Client Error. (Request ID: Root=1-6a4ebfa0-53ef6cb855305fc70a4e4807;b206611f-714f-47a6-94f0-ecd7e1b1ef7d)

Cannot access gated repo for url https://huggingface.co/api/datasets/Vacaspati/Vaiyakarana/refs.
Access to dataset Vacaspati/Vaiyakarana is restricted and you are not in the authorized list. Visit https://huggingface.co/datasets/Vacaspati/Vaiyakarana to ask for access.",0
2026-07-08T21:22:41.228218+00:00,full_scan,llm-addiction-research/llm-addiction,access_restricted,"403 Client Error. (Request ID: Root=1-6a4ebfa1-18eaba9b4ac6a5b03c1849c7;15f3077b-6b0b-43ee-b443-c8c61842f801)

Cannot access gated repo for url https://huggingface.co/api/datasets/llm-addiction-research/llm-addiction/refs.
Access to dataset llm-addiction-research/llm-addiction is restricted and you are not in the authorized list. Visit https://huggingface.co/datasets/llm-addiction-research/llm-addiction to ask for access.",0
2026-07-08T21:22:41.401997+00:00,full_scan,changelinglab/vaani-hi-geo,access_restricted,"403 Client Error. (Request ID: Root=1-6a4ebfa1-63eefbd15a7a7b3445becd30;f81706c6-130f-409a-9344-6c27e0fb7303)

Cannot access gated repo for url https://huggingface.co/api/datasets/changelinglab/vaani-hi-geo/refs.
Access to dataset changelinglab/vaani-hi-geo is restricted and you are not in the authorized list. Visit https://huggingface.co/datasets/changelinglab/vaani-hi-geo to ask for access.",0
2026-07-08T21:22:41.603472+00:00,full_scan,ishirgarg/InfoSynth,access_restricted,"403 Client Error. (Request ID: Root=1-6a4ebfa1-5037fa7a5c52e0ef0ffdf917;a166a1a5-964e-4053-b491-b37f14f28916)

Cannot access gated repo for url https://huggingface.co/api/datasets/ishirgarg/InfoSynth/refs.
Access to dataset ishirgarg/InfoSynth is restricted and you are not in the authorized list. Visit https://huggingface.co/datasets/ishirgarg/InfoSynth to ask for access.",0
2026-07-08T21:22:41.808856+00:00,full_scan,Anv-ke/kikuyu,access_restricted,"403 Client Error. (Request ID: Root=1-6a4ebfa1-175516a419333ac81ed2fda4;735d260f-f90f-4f7d-bcc2-87ab0a50a739)

Cannot access gated repo for url https://huggingface.co/api/datasets/Anv-ke/kikuyu/refs.
Access to dataset Anv-ke/kikuyu is restricted and you are not in the authorized list. Visit https://huggingface.co/datasets/Anv-ke/kikuyu to ask for access.",0
2026-07-08T21:22:42.013386+00:00,full_scan,Anv-ke/Kalenjin,access_restricted,"403 Client Error. (Request ID: Root=1-6a4ebfa1-5e6a5112621ce1184ea91635;b2dbd453-465f-4d11-bb2d-4061605db416)

Cannot access gated repo for url https://huggingface.co/api/datasets/Anv-ke/Kalenjin/refs.
Access to dataset Anv-ke/Kalenjin is restricted and you are not in the authorized list. Visit https://huggingface.co/datasets/Anv-ke/Kalenjin to ask for access.",0
2026-07-08T21:22:42.218666+00:00,full_scan,FangDai/Multimodal_Lung_Cancer_Dataset-CT-Mask-Clinical,access_restricted,"403 Client Error. (Request ID: Root=1-6a4ebfa2-02b95bfd0c0fb52c4e630fca;548a1811-13fa-4490-ad00-7fdb90aa7a43)

Cannot access gated repo for url https://huggingface.co/api/datasets/FangDai/Multimodal_Lung_Cancer_Dataset-CT-Mask-Clinical/refs.
Access to dataset FangDai/Multimodal_Lung_Cancer_Dataset-CT-Mask-Clinical is restricted and you are not in the authorized list. Visit https://huggingface.co/datasets/FangDai/Multimodal_Lung_Cancer_Dataset-CT-Mask-Clinical to ask for access.",0
2026-07-08T21:22:42.804584+00:00,full_scan,Anv-ke/Somali,access_restricted,"403 Client Error. (Request ID: Root=1-6a4ebfa2-7bafe37205da2dd32ecb748c;9c117c29-44db-4cf2-a08e-be37bf0b76c7)

Cannot access gated repo for url https://huggingface.co/api/datasets/Anv-ke/Somali/refs.
Access to dataset Anv-ke/Somali is restricted and you are not in the authorized list. Visit https://huggingface.co/datasets/Anv-ke/Somali to ask for access.",0
2026-07-08T21:22:42.978158+00:00,full_scan,Anv-ke/Dholuo,access_restricted,"403 Client Error. (Request ID: Root=1-6a4ebfa2-43f773cc5e06b3d0274bc2f9;c7257bc4-5313-4673-8b15-1950d1a0c770)

Cannot access gated repo for url https://huggingface.co/api/datasets/Anv-ke/Dholuo/refs.
Access to dataset Anv-ke/Dholuo is restricted and you are not in the authorized list. Visit https://huggingface.co/datasets/Anv-ke/Dholuo to ask for access.",0
2026-07-08T21:22:43.549489+00:00,full_scan,InternRobotics/VL-LN-Bench,access_restricted,"403 Client Error. (Request ID: Root=1-6a4ebfa3-45dbddf226fc45606f1e66a0;cdccf643-9d3d-4ed8-afcf-2ef9d8a131f3)

Cannot access gated repo for url https://huggingface.co/api/datasets/InternRobotics/VL-LN-Bench/refs.
Access to dataset InternRobotics/VL-LN-Bench is restricted and you are not in the authorized list. Visit https://huggingface.co/datasets/InternRobotics/VL-LN-Bench to ask for access.",0
2026-07-08T21:22:48.055229+00:00,full_scan,FOMO-MRI/FOMO300K,access_restricted,"403 Client Error. (Request ID: Root=1-6a4ebfa7-706fb5463da399ad67796a5b;425295c1-34db-40dd-88f7-808813ffb50b)

Cannot access gated repo for url https://huggingface.co/api/datasets/FOMO-MRI/FOMO300K/refs.
Access to dataset FOMO-MRI/FOMO300K is restricted and you are not in the authorized list. Visit https://huggingface.co/datasets/FOMO-MRI/FOMO300K to ask for access.",0
2026-07-08T21:22:49.514788+00:00,full_scan,mrrtmob/khmer_english_ocr_image_line,access_restricted,"403 Client Error. (Request ID: Root=1-6a4ebfa9-66e6a2ed1d269bf20abcec80;ce6e7b64-754e-41d9-aa85-b6bf90208c58)

Cannot access gated repo for url https://huggingface.co/api/datasets/mrrtmob/khmer_english_ocr_image_line/refs.
Access to dataset mrrtmob/khmer_english_ocr_image_line is restricted and you are not in the authorized list. Visit https://huggingface.co/datasets/mrrtmob/khmer_english_ocr_image_line to ask for access.",0
2026-07-08T21:22:49.897754+00:00,full_scan,pymmdrza/PERSIAN_FARSI_NARRATION,access_restricted,"403 Client Error. (Request ID: Root=1-6a4ebfa9-4d699a06202462c566cc1b8f;3be66e27-41bf-4620-8d66-012873615066)

Cannot access gated repo for url https://huggingface.co/api/datasets/pymmdrza/PERSIAN_FARSI_NARRATION/refs.
Access to dataset pymmdrza/PERSIAN_FARSI_NARRATION is restricted and you are not in the authorized list. Visit https://huggingface.co/datasets/pymmdrza/PERSIAN_FARSI_NARRATION to ask for access.",0
2026-07-08T21:22:50.717546+00:00,full_scan,GAIR/daVinci-Dev,access_restricted,"403 Client Error. (Request ID: Root=1-6a4ebfaa-62647a8f5c74f1e510bc50ff;11dacd35-1755-40ea-91d5-bf2f02f16c7a)

Cannot access gated repo for url https://huggingface.co/api/datasets/GAIR/daVinci-Dev/refs.
Access to dataset GAIR/daVinci-Dev is restricted and you are not in the authorized list. Visit https://huggingface.co/datasets/GAIR/daVinci-Dev to ask for access.",0
2026-07-08T21:22:51.844144+00:00,full_scan,UEXdo/UEX-PVSeg,access_restricted,"403 Client Error. (Request ID: Root=1-6a4ebfab-11c598554acd99b203697d81;31fd08d8-e068-445b-89bd-292c236c8ee6)

Cannot access gated repo for url https://huggingface.co/api/datasets/UEXdo/UEX-PVSeg/refs.
Access to dataset UEXdo/UEX-PVSeg is restricted and you are not in the authorized list. Visit https://huggingface.co/datasets/UEXdo/UEX-PVSeg to ask for access.",0
2026-07-08T21:22:55.018097+00:00,full_scan,GreenNode/Vietnamese-Law-hn-mined-v2,access_restricted,"403 Client Error. (Request ID: Root=1-6a4ebfae-26112a0c6c1eed0f35ccb8ac;e9843256-4475-4f36-8d3b-e075914f22e4)

Cannot access gated repo for url https://huggingface.co/api/datasets/GreenNode/Vietnamese-Law-hn-mined-v2/refs.
Access to dataset GreenNode/Vietnamese-Law-hn-mined-v2 is restricted and you are not in the authorized list. Visit https://huggingface.co/datasets/GreenNode/Vietnamese-Law-hn-mined-v2 to ask for access.",0
2026-07-08T21:22:56.247300+00:00,full_scan,commoncrawl/CommonLID,access_restricted,"403 Client Error. (Request ID: Root=1-6a4ebfb0-05b723c721995e3d791c2d3d;4ed8bbbc-b6e2-45f8-8088-a9e04d7f7aa1)

Cannot access gated repo for url https://huggingface.co/api/datasets/commoncrawl/CommonLID/refs.
Access to dataset commoncrawl/CommonLID is restricted and you are not in the authorized list. Visit https://huggingface.co/datasets/commoncrawl/CommonLID to ask for access.",0
2026-07-08T21:24:45.716568+00:00,full_scan,zID4si/CLASSLA_web_sl_2_enriched,access_restricted,"403 Client Error. (Request ID: Root=1-6a4ec01d-20df30f9208cab36326e9c42;75acb9aa-82d2-4d94-84b7-04ca65dbe977)

Cannot access gated repo for url https://huggingface.co/api/datasets/zID4si/CLASSLA_web_sl_2_enriched/refs.
Access to dataset zID4si/CLASSLA_web_sl_2_enriched is restricted and you are not in the authorized list. Visit https://huggingface.co/datasets/zID4si/CLASSLA_web_sl_2_enriched to ask for access.",0
2026-07-08T21:24:50.834351+00:00,full_scan,stukenov/sozkz-corpus-clean-enkk-fineweb-edu-v1,access_restricted,"403 Client Error. (Request ID: Root=1-6a4ec022-6f9ee7ce0acd4350533621f6;f2983b05-f04b-473f-be4c-eff524b3f1fd)

Cannot access gated repo for url https://huggingface.co/api/datasets/stukenov/sozkz-corpus-clean-enkk-fineweb-edu-v1/refs.
Access to dataset stukenov/sozkz-corpus-clean-enkk-fineweb-edu-v1 is restricted and you are not in the authorized list. Visit https://huggingface.co/datasets/stukenov/sozkz-corpus-clean-enkk-fineweb-edu-v1 to ask for access.",0
2026-07-08T21:24:51.598304+00:00,full_scan,amathislab/demo_dataset,access_restricted,"403 Client Error. (Request ID: Root=1-6a4ec023-42a0290120909b55472749f4;570057c4-a3b9-4ad7-aa43-a9ecf39070c2)

Cannot access gated repo for url https://huggingface.co/api/datasets/amathislab/demo_dataset/refs.
Access to dataset amathislab/demo_dataset is restricted and you are not in the authorized list. Visit https://huggingface.co/datasets/amathislab/demo_dataset to ask for access.",0
2026-07-08T21:24:56.568842+00:00,full_scan,ArSyra/arsyra-instruction-tuning,access_restricted,"403 Client Error. (Request ID: Root=1-6a4ec028-168851f02e7bf35b6ba1d21e;7a01bced-aa00-4714-8c0b-8db6c15ae747)

Cannot access gated repo for url https://huggingface.co/api/datasets/ArSyra/arsyra-instruction-tuning/refs.
Access to dataset ArSyra/arsyra-instruction-tuning is restricted and you are not in the authorized list. Visit https://huggingface.co/datasets/ArSyra/arsyra-instruction-tuning to ask for access.",0
2026-07-08T21:24:57.183860+00:00,full_scan,sensenova/ConsistCompose3M,access_restricted,"403 Client Error. (Request ID: Root=1-6a4ec029-75a0e231699fa47a25b96303;c932e083-15b1-4a90-9244-6656f11e886e)

Cannot access gated repo for url https://huggingface.co/api/datasets/sensenova/ConsistCompose3M/refs.
Access to dataset sensenova/ConsistCompose3M is restricted and you are not in the authorized list. Visit https://huggingface.co/datasets/sensenova/ConsistCompose3M to ask for access.",0
2026-07-08T21:24:57.545886+00:00,full_scan,VINAY-UMRETHE/Sonnet-Opus-4.5-4.6-Gemini-3.0-3.1-Pro-GPT-5-5.1-5.2-GLM-4.7-MiniMax-M2.1-DeepSeek-V3.2-High,access_restricted,"403 Client Error. (Request ID: Root=1-6a4ec029-414067b135d4b486483835c8;51775b97-812c-40b1-9518-2de538c9d4e2)

Cannot access gated repo for url https://huggingface.co/api/datasets/VINAY-UMRETHE/Sonnet-Opus-4.5-4.6-Gemini-3.0-3.1-Pro-GPT-5-5.1-5.2-GLM-4.7-MiniMax-M2.1-DeepSeek-V3.2-High/refs.
Access to dataset VINAY-UMRETHE/Sonnet-Opus-4.5-4.6-Gemini-3.0-3.1-Pro-GPT-5-5.1-5.2-GLM-4.7-MiniMax-M2.1-DeepSeek-V3.2-High is restricted and you are not in the authorized list. Visit https://huggingface.co",0
2026-07-08T21:24:57.954064+00:00,full_scan,DavidRy/bitnet-distill-logits,access_restricted,"403 Client Error. (Request ID: Root=1-6a4ec029-5d98c9aa1cdf136a628e0195;871bb72c-18e9-4bc3-81bf-943990efde4a)

Cannot access gated repo for url https://huggingface.co/api/datasets/DavidRy/bitnet-distill-logits/refs.
Access to dataset DavidRy/bitnet-distill-logits is restricted and you are not in the authorized list. Visit https://huggingface.co/datasets/DavidRy/bitnet-distill-logits to ask for access.",0
2026-07-08T21:24:59.539960+00:00,full_scan,HenryYHW/ADAS-TO,access_restricted,"403 Client Error. (Request ID: Root=1-6a4ec02b-7a88d9561b3cde1e4a4eb90c;7d4a4fb3-afe8-49b6-ac28-4be7171e491e)

Cannot access gated repo for url https://huggingface.co/api/datasets/HenryYHW/ADAS-TO/refs.
Access to dataset HenryYHW/ADAS-TO is restricted and you are not in the authorized list. Visit https://huggingface.co/datasets/HenryYHW/ADAS-TO to ask for access.",0
2026-07-08T21:25:01.275907+00:00,full_scan,nvidia/PhysicalAI-Autonomous-Vehicles-NCore,access_restricted,"403 Client Error. (Request ID: Root=1-6a4ec02d-04e654377b2686a616ac6713;3d1df784-5037-4e91-8a1e-30ff9def8866)

Cannot access gated repo for url https://huggingface.co/api/datasets/nvidia/PhysicalAI-Autonomous-Vehicles-NCore/refs.
Access to dataset nvidia/PhysicalAI-Autonomous-Vehicles-NCore is restricted and you are not in the authorized list. Visit https://huggingface.co/datasets/nvidia/PhysicalAI-Autonomous-Vehicles-NCore to ask for access.",0
2026-07-08T21:25:01.853553+00:00,full_scan,Intelligent-Systems/BEDLAM,access_restricted,"403 Client Error. (Request ID: Root=1-6a4ec02d-408d465e66cc60ac08893198;48fc3e94-0270-4a88-9514-63de6c36ea45)

Cannot access gated repo for url https://huggingface.co/api/datasets/Intelligent-Systems/BEDLAM/refs.
Access to dataset Intelligent-Systems/BEDLAM is restricted and you are not in the authorized list. Visit https://huggingface.co/datasets/Intelligent-Systems/BEDLAM to ask for access.",0
2026-07-08T21:25:03.634563+00:00,full_scan,Wenquandan777/SAR-1M,access_restricted,"403 Client Error. (Request ID: Root=1-6a4ec02f-62e1aecd092f915728d2c560;24bf69a2-e746-441d-bd4b-b576c61b7375)

Cannot access gated repo for url https://huggingface.co/api/datasets/Wenquandan777/SAR-1M/refs.
Access to dataset Wenquandan777/SAR-1M is restricted and you are not in the authorized list. Visit https://huggingface.co/datasets/Wenquandan777/SAR-1M to ask for access.",0
2026-07-08T21:25:04.193880+00:00,full_scan,Aignostics/OpenTME,access_restricted,"403 Client Error. (Request ID: Root=1-6a4ec030-4bc31992208a276b7ff93429;dd5e29a9-8d58-46e4-880e-297709e6deb6)

Cannot access gated repo for url https://huggingface.co/api/datasets/Aignostics/OpenTME/refs.
Access to dataset Aignostics/OpenTME is restricted and you are not in the authorized list. Visit https://huggingface.co/datasets/Aignostics/OpenTME to ask for access.",0
2026-07-08T21:25:04.348090+00:00,full_scan,OxRML/MADQA,access_restricted,"403 Client Error. (Request ID: Root=1-6a4ec030-73daf61a0f3c74a56a3dae0d;e2a05236-9496-4b6a-aff2-e7ca7c635bde)

Cannot access gated repo for url https://huggingface.co/api/datasets/OxRML/MADQA/refs.
Access to dataset OxRML/MADQA is restricted and you are not in the authorized list. Visit https://huggingface.co/datasets/OxRML/MADQA to ask for access.",0
2026-07-08T21:25:05.785130+00:00,full_scan,RSL-INTRINSICLab-IIT/RSL-SHRUTI-Sangraha,access_restricted,"403 Client Error. (Request ID: Root=1-6a4ec031-4057cc631ed9b2cb6c5d1fd0;55657573-8531-4506-ad2e-8d8e28b35bc4)

Cannot access gated repo for url https://huggingface.co/api/datasets/RSL-INTRINSICLab-IIT/RSL-SHRUTI-Sangraha/refs.
Access to dataset RSL-INTRINSICLab-IIT/RSL-SHRUTI-Sangraha is restricted and you are not in the authorized list. Visit https://huggingface.co/datasets/RSL-INTRINSICLab-IIT/RSL-SHRUTI-Sangraha to ask for access.",0
2026-07-08T21:25:05.990271+00:00,full_scan,Lan-2025/Tactile,access_restricted,"403 Client Error. (Request ID: Root=1-6a4ec031-4c34ac900e0339172d6b36e8;d441d93b-cd78-41ff-98ec-5225c2f274c3)

Cannot access gated repo for url https://huggingface.co/api/datasets/Lan-2025/Tactile/refs.
Access to dataset Lan-2025/Tactile is restricted and you are not in the authorized list. Visit https://huggingface.co/datasets/Lan-2025/Tactile to ask for access.",0
2026-07-08T21:25:10.700500+00:00,full_scan,HiDream-ai/VIP-200K-Video,access_restricted,"403 Client Error. (Request ID: Root=1-6a4ec036-6cfe773206863a954bf5b565;b5850ad0-8a7e-42fa-8dc7-950f9aa38829)

Cannot access gated repo for url https://huggingface.co/api/datasets/HiDream-ai/VIP-200K-Video/refs.
Access to dataset HiDream-ai/VIP-200K-Video is restricted and you are not in the authorized list. Visit https://huggingface.co/datasets/HiDream-ai/VIP-200K-Video to ask for access.",0
2026-07-08T21:25:11.417140+00:00,full_scan,Necent/llm-jailbreak-prompt-injection-dataset,access_restricted,"403 Client Error. (Request ID: Root=1-6a4ec037-6fab1f2509323b74064c9fa8;2137a4ec-3826-435e-85a5-5773318e067d)

Cannot access gated repo for url https://huggingface.co/api/datasets/Necent/llm-jailbreak-prompt-injection-dataset/refs.
Access to dataset Necent/llm-jailbreak-prompt-injection-dataset is restricted and you are not in the authorized list. Visit https://huggingface.co/datasets/Necent/llm-jailbreak-prompt-injection-dataset to ask for access.",0
2026-07-08T21:25:14.073260+00:00,full_scan,j1anglin/trident,access_restricted,"403 Client Error. (Request ID: Root=1-6a4ec03a-7fe4fb28765b656c4d1e422b;c9188c40-c5d5-4642-9c73-2ecd0a50d862)

Cannot access gated repo for url https://huggingface.co/api/datasets/j1anglin/trident/refs.
Access to dataset j1anglin/trident is restricted and you are not in the authorized list. Visit https://huggingface.co/datasets/j1anglin/trident to ask for access.",0
2026-07-08T21:25:14.780495+00:00,full_scan,cx-cmu/agent_trajectories,access_restricted,"403 Client Error. (Request ID: Root=1-6a4ec03a-4630a7a740894c9124926ed4;1074ed9f-8f8a-4058-9720-670a9ba550d1)

Cannot access gated repo for url https://huggingface.co/api/datasets/cx-cmu/agent_trajectories/refs.
Access to dataset cx-cmu/agent_trajectories is restricted and you are not in the authorized list. Visit https://huggingface.co/datasets/cx-cmu/agent_trajectories to ask for access.",0
2026-07-08T21:25:16.786767+00:00,full_scan,RonitMehta260704/kh-en-dataset,access_restricted,"403 Client Error. (Request ID: Root=1-6a4ec03c-001c576c39ddeb1632eae12b;babedb83-65e1-44d2-bc1c-b05c90fa5bfb)

Cannot access gated repo for url https://huggingface.co/api/datasets/RonitMehta260704/kh-en-dataset/refs.
Access to dataset RonitMehta260704/kh-en-dataset is restricted and you are not in the authorized list. Visit https://huggingface.co/datasets/RonitMehta260704/kh-en-dataset to ask for access.",0
2026-07-08T21:25:17.356856+00:00,full_scan,OralGPT/CMF,access_restricted,"403 Client Error. (Request ID: Root=1-6a4ec03d-66aa9e8316155f881f111c69;95fa7deb-6b98-48f0-862b-efe5f86e41ab)

Cannot access gated repo for url https://huggingface.co/api/datasets/OralGPT/CMF/refs.
Access to dataset OralGPT/CMF is restricted and you are not in the authorized list. Visit https://huggingface.co/datasets/OralGPT/CMF to ask for access.",0
2026-07-08T21:25:18.380396+00:00,full_scan,KIT-MRT/KITScenes-LongTail,access_restricted,"403 Client Error. (Request ID: Root=1-6a4ec03e-130b854356972b8435912e52;00bae582-9ef1-431c-8747-1c65dc11b0d2)

Cannot access gated repo for url https://huggingface.co/api/datasets/KIT-MRT/KITScenes-LongTail/refs.
Access to dataset KIT-MRT/KITScenes-LongTail is restricted and you are not in the authorized list. Visit https://huggingface.co/datasets/KIT-MRT/KITScenes-LongTail to ask for access.",0
2026-07-08T21:25:20.532331+00:00,full_scan,ropedia-ai/ropedia-data-sample,access_restricted,"403 Client Error. (Request ID: Root=1-6a4ec040-45d3c1d41e515bda7e87c3a2;cbfa0671-b1d1-4d58-b2f1-a99c71c47fd9)

Cannot access gated repo for url https://huggingface.co/api/datasets/ropedia-ai/ropedia-data-sample/refs.
Access to dataset ropedia-ai/ropedia-data-sample is restricted and you are not in the authorized list. Visit https://huggingface.co/datasets/ropedia-ai/ropedia-data-sample to ask for access.",0
2026-07-08T21:25:21.247245+00:00,full_scan,Dalilame/Multi-Sarcasm,access_restricted,"403 Client Error. (Request ID: Root=1-6a4ec040-75be7fe21d2ca9b2072f2309;4ced8887-f8da-4e7f-8a24-e4c4d9982031)

Cannot access gated repo for url https://huggingface.co/api/datasets/Dalilame/Multi-Sarcasm/refs.
Access to dataset Dalilame/Multi-Sarcasm is restricted and you are not in the authorized list. Visit https://huggingface.co/datasets/Dalilame/Multi-Sarcasm to ask for access.",0
2026-07-08T21:25:25.344104+00:00,full_scan,luminary-shift/SHIFT-Crash,access_restricted,"403 Client Error. (Request ID: Root=1-6a4ec045-1d618ff77c4511971e6c5efc;769e4e54-8b7d-4542-9bf8-a287dd928863)

Cannot access gated repo for url https://huggingface.co/api/datasets/luminary-shift/SHIFT-Crash/refs.
Access to dataset luminary-shift/SHIFT-Crash is restricted and you are not in the authorized list. Visit https://huggingface.co/datasets/luminary-shift/SHIFT-Crash to ask for access.",0
2026-07-08T21:25:25.958054+00:00,full_scan,FSD-LAB/noc-incident-dataset-for-dl,access_restricted,"403 Client Error. (Request ID: Root=1-6a4ec045-3748ffe34b49d4d96c802ff4;cb8fd802-e74a-4f91-9bd3-b11ab8b86114)

Cannot access gated repo for url https://huggingface.co/api/datasets/FSD-LAB/noc-incident-dataset-for-dl/refs.
Access to dataset FSD-LAB/noc-incident-dataset-for-dl is restricted and you are not in the authorized list. Visit https://huggingface.co/datasets/FSD-LAB/noc-incident-dataset-for-dl to ask for access.",0
2026-07-08T21:25:26.165259+00:00,full_scan,ONTHEIT/KDoc-OCRBench,access_restricted,"403 Client Error. (Request ID: Root=1-6a4ec046-718038f9106cbe1670929b27;9212452c-e553-413e-a68f-dac52096dbc0)

Cannot access gated repo for url https://huggingface.co/api/datasets/ONTHEIT/KDoc-OCRBench/refs.
Access to dataset ONTHEIT/KDoc-OCRBench is restricted and you are not in the authorized list. Visit https://huggingface.co/datasets/ONTHEIT/KDoc-OCRBench to ask for access.",0
2026-07-08T21:25:26.369229+00:00,full_scan,HaojunChen/PixVerve-95K,access_restricted,"403 Client Error. (Request ID: Root=1-6a4ec046-17716cc7761fe3f63934963d;997ef794-b7fb-4004-8c94-2e2116850392)

Cannot access gated repo for url https://huggingface.co/api/datasets/HaojunChen/PixVerve-95K/refs.
Access to dataset HaojunChen/PixVerve-95K is restricted and you are not in the authorized list. Visit https://huggingface.co/datasets/HaojunChen/PixVerve-95K to ask for access.",0
2026-07-08T21:25:29.500382+00:00,full_scan,Baron-Sun/CAPC-CG_V1.0,access_restricted,"403 Client Error. (Request ID: Root=1-6a4ec049-2cea2c9322efc6097ad67348;2039e7f1-9d1c-4bfe-9af0-05e25dddbec8)

Cannot access gated repo for url https://huggingface.co/api/datasets/Baron-Sun/CAPC-CG_V1.0/refs.
Access to dataset Baron-Sun/CAPC-CG_V1.0 is restricted and you are not in the authorized list. Visit https://huggingface.co/datasets/Baron-Sun/CAPC-CG_V1.0 to ask for access.",0
2026-07-08T21:25:30.255533+00:00,full_scan,Thomcles/YodaLingua-Danish,access_restricted,"403 Client Error. (Request ID: Root=1-6a4ec04a-409b2f1d5f06c1270bb814da;dfecadc0-b14f-4c94-aa52-5f1ad6185647)

Cannot access gated repo for url https://huggingface.co/api/datasets/Thomcles/YodaLingua-Danish/refs.
Access to dataset Thomcles/YodaLingua-Danish is restricted and you are not in the authorized list. Visit https://huggingface.co/datasets/Thomcles/YodaLingua-Danish to ask for access.",0
2026-07-08T21:25:34.458972+00:00,full_scan,buaadwxl/ArtifactWorld-Benchmark,access_restricted,"403 Client Error. (Request ID: Root=1-6a4ec04e-136ab0432bc926fe6a323448;beb52c02-bd76-4c96-8f3e-94b368799994)

Cannot access gated repo for url https://huggingface.co/api/datasets/buaadwxl/ArtifactWorld-Benchmark/refs.
Access to dataset buaadwxl/ArtifactWorld-Benchmark is restricted and you are not in the authorized list. Visit https://huggingface.co/datasets/buaadwxl/ArtifactWorld-Benchmark to ask for access.",0
2026-07-08T21:25:36.506592+00:00,full_scan,Anthropic/BioMysteryBench-full,access_restricted,"403 Client Error. (Request ID: Root=1-6a4ec050-2358051501049ce116f37f5a;6f373209-f29c-491a-ac7b-d4a6ceb85747)

Cannot access gated repo for url https://huggingface.co/api/datasets/Anthropic/BioMysteryBench-full/refs.
Access to dataset Anthropic/BioMysteryBench-full is restricted and you are not in the authorized list. Visit https://huggingface.co/datasets/Anthropic/BioMysteryBench-full to ask for access.",0
2026-07-08T21:25:37.427352+00:00,full_scan,ai4bharat/SpeechArenaBench,access_restricted,"403 Client Error. (Request ID: Root=1-6a4ec051-45e169162c34b5c26b327185;36a57c1f-8917-4694-8a9b-68ea426e2f14)

Cannot access gated repo for url https://huggingface.co/api/datasets/ai4bharat/SpeechArenaBench/refs.
Access to dataset ai4bharat/SpeechArenaBench is restricted and you are not in the authorized list. Visit https://huggingface.co/datasets/ai4bharat/SpeechArenaBench to ask for access.",0
2026-07-08T21:25:41.383274+00:00,full_scan,laion/BVD-A-10M,access_restricted,"403 Client Error. (Request ID: Root=1-6a4ec055-5c825c9c0bb0df3216ebcd6b;019e65ae-ac38-486d-9232-d72b1d0b7d51)

Cannot access gated repo for url https://huggingface.co/api/datasets/laion/BVD-A-10M/refs.
Access to dataset laion/BVD-A-10M is restricted and you are not in the authorized list. Visit https://huggingface.co/datasets/laion/BVD-A-10M to ask for access.",0
2026-07-08T21:25:41.831581+00:00,full_scan,KIT-MRT/KITScenes-Multimodal-Sample,access_restricted,"403 Client Error. (Request ID: Root=1-6a4ec055-5cabbac756d0212729a609bb;cf34ecde-5257-4f58-ab90-5d459e682f87)

Cannot access gated repo for url https://huggingface.co/api/datasets/KIT-MRT/KITScenes-Multimodal-Sample/refs.
Access to dataset KIT-MRT/KITScenes-Multimodal-Sample is restricted and you are not in the authorized list. Visit https://huggingface.co/datasets/KIT-MRT/KITScenes-Multimodal-Sample to ask for access.",0
2026-07-08T21:25:42.040442+00:00,full_scan,stanford-vision-lab/gpic,access_restricted,"403 Client Error. (Request ID: Root=1-6a4ec055-15be8a5c4af984434e8b3e34;da394fbe-f82d-4f75-9d2f-019dd0facafa)

Cannot access gated repo for url https://huggingface.co/api/datasets/stanford-vision-lab/gpic/refs.
Access to dataset stanford-vision-lab/gpic is restricted and you are not in the authorized list. Visit https://huggingface.co/datasets/stanford-vision-lab/gpic to ask for access.",0
2026-07-08T21:25:45.523095+00:00,full_scan,ThreeLiu/Treasure,access_restricted,"403 Client Error. (Request ID: Root=1-6a4ec059-4bf902f44b50097903df0f60;0f16623b-ec9e-4d96-be19-92fa241a244b)

Cannot access gated repo for url https://huggingface.co/api/datasets/ThreeLiu/Treasure/refs.
Access to dataset ThreeLiu/Treasure is restricted and you are not in the authorized list. Visit https://huggingface.co/datasets/ThreeLiu/Treasure to ask for access.",0
2026-07-08T21:25:46.746172+00:00,full_scan,fpvlabs/stera-10m,access_restricted,"403 Client Error. (Request ID: Root=1-6a4ec05a-1068f39456da9a9864a5f843;3e6f7c06-766e-4157-8af2-9f7061d71277)

Cannot access gated repo for url https://huggingface.co/api/datasets/fpvlabs/stera-10m/refs.
Access to dataset fpvlabs/stera-10m is restricted and you are not in the authorized list. Visit https://huggingface.co/datasets/fpvlabs/stera-10m to ask for access.",0
2026-07-08T21:25:48.077014+00:00,full_scan,tejeshbhalladhanyog/sa-finance-reasoning-mix,access_restricted,"403 Client Error. (Request ID: Root=1-6a4ec05b-3c2320317a62c6430fd77682;41a7cdad-18c5-4cfe-95c8-c62198d27d69)

Cannot access gated repo for url https://huggingface.co/api/datasets/tejeshbhalladhanyog/sa-finance-reasoning-mix/refs.
Access to dataset tejeshbhalladhanyog/sa-finance-reasoning-mix is restricted and you are not in the authorized list. Visit https://huggingface.co/datasets/tejeshbhalladhanyog/sa-finance-reasoning-mix to ask for access.",0
2026-07-08T21:25:50.276021+00:00,full_scan,cvml-nus/assembly101,access_restricted,"403 Client Error. (Request ID: Root=1-6a4ec05e-6f64cc754898194819457ff5;c8f23936-ac74-4fbb-84ee-749b132cf998)

Cannot access gated repo for url https://huggingface.co/api/datasets/cvml-nus/assembly101/refs.
Access to dataset cvml-nus/assembly101 is restricted and you are not in the authorized list. Visit https://huggingface.co/datasets/cvml-nus/assembly101 to ask for access.",0
2026-07-08T21:25:51.046533+00:00,full_scan,HensonXie/CMDPAD,access_restricted,"403 Client Error. (Request ID: Root=1-6a4ec05e-51c2e7df563436037048b53e;afa4b147-c7f0-4f02-8fee-55af4fcc3289)

Cannot access gated repo for url https://huggingface.co/api/datasets/HensonXie/CMDPAD/refs.
Access to dataset HensonXie/CMDPAD is restricted and you are not in the authorized list. Visit https://huggingface.co/datasets/HensonXie/CMDPAD to ask for access.",0
2026-07-08T21:25:52.843529+00:00,full_scan,Obamasan05-2nd/Wrong_Files_Backup,access_restricted,"403 Client Error. (Request ID: Root=1-6a4ec060-64a7f73f77ca15226e3ae440;23823016-b3c4-4a3c-96a9-9ae96a30bc6d)

Cannot access gated repo for url https://huggingface.co/api/datasets/Obamasan05-2nd/Wrong_Files_Backup/refs.
Access to dataset Obamasan05-2nd/Wrong_Files_Backup is restricted and you are not in the authorized list. Visit https://huggingface.co/datasets/Obamasan05-2nd/Wrong_Files_Backup to ask for access.",0
2026-07-08T21:25:53.097490+00:00,full_scan,ce-amtic/ProcCorpus-60M,access_restricted,"403 Client Error. (Request ID: Root=1-6a4ec060-4ed69b5222126d76755d6ced;fe857479-e1e9-43f9-83fd-5db665798f08)

Cannot access gated repo for url https://huggingface.co/api/datasets/ce-amtic/ProcCorpus-60M/refs.
Access to dataset ce-amtic/ProcCorpus-60M is restricted and you are not in the authorized list. Visit https://huggingface.co/datasets/ce-amtic/ProcCorpus-60M to ask for access.",0
2026-07-08T21:25:54.632328+00:00,full_scan,BrunoDCDO/obsgovdigital,access_restricted,"403 Client Error. (Request ID: Root=1-6a4ec062-1746ce6a413ce7c569fb6eb1;9067d818-2c05-483a-abe7-92df27f1203f)

Cannot access gated repo for url https://huggingface.co/api/datasets/BrunoDCDO/obsgovdigital/refs.
Access to dataset BrunoDCDO/obsgovdigital is restricted and you are not in the authorized list. Visit https://huggingface.co/datasets/BrunoDCDO/obsgovdigital to ask for access.",0
2026-07-08T21:25:56.577493+00:00,full_scan,Scam-AI/gpt-image-2,access_restricted,"403 Client Error. (Request ID: Root=1-6a4ec064-6089a1c07008a075711f381f;356fc7ed-8854-4b08-92ce-406052033936)

Cannot access gated repo for url https://huggingface.co/api/datasets/Scam-AI/gpt-image-2/refs.
Access to dataset Scam-AI/gpt-image-2 is restricted and you are not in the authorized list. Visit https://huggingface.co/datasets/Scam-AI/gpt-image-2 to ask for access.",0
2026-07-08T21:26:02.885880+00:00,full_scan,FudanCVL/AVIBench,access_restricted,"403 Client Error. (Request ID: Root=1-6a4ec06a-605d0fc26199bb4238c5d148;472550fa-be0b-4dcc-a485-af0110039983)

Cannot access gated repo for url https://huggingface.co/api/datasets/FudanCVL/AVIBench/refs.
Access to dataset FudanCVL/AVIBench is restricted and you are not in the authorized list. Visit https://huggingface.co/datasets/FudanCVL/AVIBench to ask for access.",0
2026-07-08T21:26:03.745118+00:00,full_scan,billalxcode/indonesian-political-news-dirty,access_restricted,"403 Client Error. (Request ID: Root=1-6a4ec06b-05c4120e287629dd7870ceed;d8736e0d-77d9-4765-9637-77f313602d5d)

Cannot access gated repo for url https://huggingface.co/api/datasets/billalxcode/indonesian-political-news-dirty/refs.
Access to dataset billalxcode/indonesian-political-news-dirty is restricted and you are not in the authorized list. Visit https://huggingface.co/datasets/billalxcode/indonesian-political-news-dirty to ask for access.",0
2026-07-08T21:26:03.903350+00:00,full_scan,TimJaspersTue/ATLAS-120k,access_restricted,"403 Client Error. (Request ID: Root=1-6a4ec06b-6927c4424287db996c64df44;d3b77afd-78c4-49c9-b9e5-e8b6986e7791)

Cannot access gated repo for url https://huggingface.co/api/datasets/TimJaspersTue/ATLAS-120k/refs.
Access to dataset TimJaspersTue/ATLAS-120k is restricted and you are not in the authorized list. Visit https://huggingface.co/datasets/TimJaspersTue/ATLAS-120k to ask for access.",0
2026-07-08T21:26:08.250181+00:00,full_scan,sepiq-2026/SEPIQ-2026-training-data,access_restricted,"403 Client Error. (Request ID: Root=1-6a4ec070-52d24c41626f99a770eff510;2eac51d7-665c-4e71-ad56-2a83c1b76a36)

Cannot access gated repo for url https://huggingface.co/api/datasets/sepiq-2026/SEPIQ-2026-training-data/refs.
Access to dataset sepiq-2026/SEPIQ-2026-training-data is restricted and you are not in the authorized list. Visit https://huggingface.co/datasets/sepiq-2026/SEPIQ-2026-training-data to ask for access.",0
2026-07-08T21:26:09.290540+00:00,full_scan,AgentCyberRange/WebExploitBench,access_restricted,"403 Client Error. (Request ID: Root=1-6a4ec071-5db3387d24e781971f58270a;660e42ec-ab1a-4b88-a59f-09aba1f73c85)

Cannot access gated repo for url https://huggingface.co/api/datasets/AgentCyberRange/WebExploitBench/refs.
Access to dataset AgentCyberRange/WebExploitBench is restricted and you are not in the authorized list. Visit https://huggingface.co/datasets/AgentCyberRange/WebExploitBench to ask for access.",0
2026-07-08T21:26:11.598034+00:00,full_scan,ARTPARK-IISc/Vaani-Noise-Event-Dataset,access_restricted,"403 Client Error. (Request ID: Root=1-6a4ec073-615ff74f052ff9f305d8aae1;4ef72311-4103-41bf-8e2b-8c300d18c801)

Cannot access gated repo for url https://huggingface.co/api/datasets/ARTPARK-IISc/Vaani-Noise-Event-Dataset/refs.
Access to dataset ARTPARK-IISc/Vaani-Noise-Event-Dataset is restricted and you are not in the authorized list. Visit https://huggingface.co/datasets/ARTPARK-IISc/Vaani-Noise-Event-Dataset to ask for access.",0
2026-07-08T21:26:11.980626+00:00,full_scan,ARTPARK-IISc/Vaani-Benchmark-V1.0,access_restricted,"403 Client Error. (Request ID: Root=1-6a4ec073-0c5576551c210bbf643e9bb7;f204edb8-1bf9-429b-8285-2328186b49c7)

Cannot access gated repo for url https://huggingface.co/api/datasets/ARTPARK-IISc/Vaani-Benchmark-V1.0/refs.
Access to dataset ARTPARK-IISc/Vaani-Benchmark-V1.0 is restricted and you are not in the authorized list. Visit https://huggingface.co/datasets/ARTPARK-IISc/Vaani-Benchmark-V1.0 to ask for access.",0
2026-07-08T21:26:12.481706+00:00,full_scan,BDanial/ganjoor-asr,access_restricted,"403 Client Error. (Request ID: Root=1-6a4ec074-4b5f4d9901b2fb7821c2dea8;4b290fa6-92ac-4ebc-919d-c4e8352ac3d2)

Cannot access gated repo for url https://huggingface.co/api/datasets/BDanial/ganjoor-asr/refs.
Access to dataset BDanial/ganjoor-asr is restricted and you are not in the authorized list. Visit https://huggingface.co/datasets/BDanial/ganjoor-asr to ask for access.",0
2026-07-08T21:26:15.823884+00:00,full_scan,Mwangi86/gikuyu-english-parallel,access_restricted,"403 Client Error. (Request ID: Root=1-6a4ec077-6db411b17e14e25c4107486e;a13803b3-ac4d-4ef5-bc7f-90d588cbb74c)

Cannot access gated repo for url https://huggingface.co/api/datasets/Mwangi86/gikuyu-english-parallel/refs.
Access to dataset Mwangi86/gikuyu-english-parallel is restricted and you are not in the authorized list. Visit https://huggingface.co/datasets/Mwangi86/gikuyu-english-parallel to ask for access.",0
2026-07-08T21:26:17.773845+00:00,full_scan,LauraWang1107/reflect,access_restricted,"403 Client Error. (Request ID: Root=1-6a4ec079-676d95186e64422e1bbc0c7c;3faf83f7-b9a7-4724-8b78-aec8b4fc0233)

Cannot access gated repo for url https://huggingface.co/api/datasets/LauraWang1107/reflect/refs.
Access to dataset LauraWang1107/reflect is restricted and you are not in the authorized list. Visit https://huggingface.co/datasets/LauraWang1107/reflect to ask for access.",0
2026-07-08T21:26:21.479190+00:00,full_scan,ratschlab/HEST_Xenium_virtual_spatial_transcriptomics,access_restricted,"403 Client Error. (Request ID: Root=1-6a4ec07d-5a4d210a64ae58c40b7212cc;e71f99a6-557c-438b-a96d-5e6a2aea7c7b)

Cannot access gated repo for url https://huggingface.co/api/datasets/ratschlab/HEST_Xenium_virtual_spatial_transcriptomics/refs.
Access to dataset ratschlab/HEST_Xenium_virtual_spatial_transcriptomics is restricted and you are not in the authorized list. Visit https://huggingface.co/datasets/ratschlab/HEST_Xenium_virtual_spatial_transcriptomics to ask for access.",0
2026-07-08T21:26:26.171841+00:00,full_scan,pnnbao-ump/vi-asr-cascaded,access_restricted,"403 Client Error. (Request ID: Root=1-6a4ec082-280e1bf462a4b0d72622f1ae;5fe9df54-17ab-4176-ba01-d1298ae6cc72)

Cannot access gated repo for url https://huggingface.co/api/datasets/pnnbao-ump/vi-asr-cascaded/refs.
Access to dataset pnnbao-ump/vi-asr-cascaded is restricted and you are not in the authorized list. Visit https://huggingface.co/datasets/pnnbao-ump/vi-asr-cascaded to ask for access.",0
2026-07-08T21:26:26.580132+00:00,full_scan,KarieAlioth/NTU_RGBD,access_restricted,"403 Client Error. (Request ID: Root=1-6a4ec082-2273d39965d6d64149e12b27;b907cb9e-cb34-488c-acd7-efe88e9482c0)

Cannot access gated repo for url https://huggingface.co/api/datasets/KarieAlioth/NTU_RGBD/refs.
Access to dataset KarieAlioth/NTU_RGBD is restricted and you are not in the authorized list. Visit https://huggingface.co/datasets/KarieAlioth/NTU_RGBD to ask for access.",0
2026-07-08T21:26:26.784881+00:00,full_scan,siyah1/malayalam-dataset-llm,access_restricted,"403 Client Error. (Request ID: Root=1-6a4ec082-07f35a5b404535c040f063dc;59dbfc60-04f9-450e-b98a-d221d941eea5)

Cannot access gated repo for url https://huggingface.co/api/datasets/siyah1/malayalam-dataset-llm/refs.
Access to dataset siyah1/malayalam-dataset-llm is restricted and you are not in the authorized list. Visit https://huggingface.co/datasets/siyah1/malayalam-dataset-llm to ask for access.",0
2026-07-08T21:26:29.038784+00:00,full_scan,XinlongChen/CapRiCorn-1K,access_restricted,"403 Client Error. (Request ID: Root=1-6a4ec084-3206b9f5670d411f4c14364d;1109abbc-ac32-403c-8fd9-f88073bb9554)

Cannot access gated repo for url https://huggingface.co/api/datasets/XinlongChen/CapRiCorn-1K/refs.
Access to dataset XinlongChen/CapRiCorn-1K is restricted and you are not in the authorized list. Visit https://huggingface.co/datasets/XinlongChen/CapRiCorn-1K to ask for access.",0
2026-07-08T21:26:30.003051+00:00,full_scan,enalis/LeafBenchV2,access_restricted,"403 Client Error. (Request ID: Root=1-6a4ec085-0c446dec632536cb7b0665f9;7ade5273-8b32-479c-8935-917f74baa9dd)

Cannot access gated repo for url https://huggingface.co/api/datasets/enalis/LeafBenchV2/refs.
Access to dataset enalis/LeafBenchV2 is restricted and you are not in the authorized list. Visit https://huggingface.co/datasets/enalis/LeafBenchV2 to ask for access.",0
2026-07-08T21:26:30.599157+00:00,full_scan,AI4Manufacturing/IB-D10,access_restricted,"403 Client Error. (Request ID: Root=1-6a4ec086-26684a3c526aae534be819e8;a7a03a0c-f8e6-4025-981e-2ac98e810cd9)

Cannot access gated repo for url https://huggingface.co/api/datasets/AI4Manufacturing/IB-D10/refs.
Access to dataset AI4Manufacturing/IB-D10 is restricted and you are not in the authorized list. Visit https://huggingface.co/datasets/AI4Manufacturing/IB-D10 to ask for access.",0
2026-07-08T21:26:31.393396+00:00,full_scan,SharpaIT/Robotic_Origami_Challenge,access_restricted,"403 Client Error. (Request ID: Root=1-6a4ec087-7e1515c056a303854dc12ef6;00fdad81-503d-4357-986a-040028f1ae2f)

Cannot access gated repo for url https://huggingface.co/api/datasets/SharpaIT/Robotic_Origami_Challenge/refs.
Access to dataset SharpaIT/Robotic_Origami_Challenge is restricted and you are not in the authorized list. Visit https://huggingface.co/datasets/SharpaIT/Robotic_Origami_Challenge to ask for access.",0
2026-07-08T21:26:35.811901+00:00,full_scan,KHB1698/VirtualCrowd,access_restricted,"403 Client Error. (Request ID: Root=1-6a4ec08b-6f3de5db08b987ff36aff849;9c040eaf-b449-48af-8ebd-e8a2a421b37d)

Cannot access gated repo for url https://huggingface.co/api/datasets/KHB1698/VirtualCrowd/refs.
Access to dataset KHB1698/VirtualCrowd is restricted and you are not in the authorized list. Visit https://huggingface.co/datasets/KHB1698/VirtualCrowd to ask for access.",0
2026-07-08T21:26:36.411299+00:00,full_scan,Shofo/shofo-talking-head-en,access_restricted,"403 Client Error. (Request ID: Root=1-6a4ec08c-536790be3ba3efea403f6d7a;1d5d267c-e5ac-4024-a958-671bd62ea43e)

Cannot access gated repo for url https://huggingface.co/api/datasets/Shofo/shofo-talking-head-en/refs.
Access to dataset Shofo/shofo-talking-head-en is restricted and you are not in the authorized list. Visit https://huggingface.co/datasets/Shofo/shofo-talking-head-en to ask for access.",0
2026-07-08T21:26:38.765882+00:00,full_scan,3dmirage/3D-Mirage,access_restricted,"403 Client Error. (Request ID: Root=1-6a4ec08e-6af9b7bc63b75c2a1151b84b;1f2750b0-7364-4a07-921d-bb61ed629067)

Cannot access gated repo for url https://huggingface.co/api/datasets/3dmirage/3D-Mirage/refs.
Access to dataset 3dmirage/3D-Mirage is restricted and you are not in the authorized list. Visit https://huggingface.co/datasets/3dmirage/3D-Mirage to ask for access.",0
2026-07-08T21:26:42.577175+00:00,full_scan,Lixsp11/WildWorld,access_restricted,"403 Client Error. (Request ID: Root=1-6a4ec092-64ff9aa4404086897672ed53;bac1303b-2e66-4880-b6a5-6e3e9dc8af5e)

Cannot access gated repo for url https://huggingface.co/api/datasets/Lixsp11/WildWorld/refs.
Access to dataset Lixsp11/WildWorld is restricted and you are not in the authorized list. Visit https://huggingface.co/datasets/Lixsp11/WildWorld to ask for access.",0
2026-07-08T21:26:43.336888+00:00,full_scan,ilabai/3dcodeverse,access_restricted,"403 Client Error. (Request ID: Root=1-6a4ec093-7865d7080c30812316eb0aec;95c25eb1-43a4-43b3-aae0-f991138ffbb2)

Cannot access gated repo for url https://huggingface.co/api/datasets/ilabai/3dcodeverse/refs.
Access to dataset ilabai/3dcodeverse is restricted and you are not in the authorized list. Visit https://huggingface.co/datasets/ilabai/3dcodeverse to ask for access.",0
2026-07-08T21:26:48.596543+00:00,full_scan,African-Languages-Lab/multi-open,access_restricted,"403 Client Error. (Request ID: Root=1-6a4ec098-6d3a256f33f284294e522c5c;4bcf1812-e0a8-4500-9a61-8f9b41a6a2a2)

Cannot access gated repo for url https://huggingface.co/api/datasets/African-Languages-Lab/multi-open/refs.
Access to dataset African-Languages-Lab/multi-open is restricted and you are not in the authorized list. Visit https://huggingface.co/datasets/African-Languages-Lab/multi-open to ask for access.",0
2026-07-08T21:26:50.055583+00:00,full_scan,atiyehghm/ganjoor_diarization_dataset,access_restricted,"403 Client Error. (Request ID: Root=1-6a4ec099-01a32039613a40d515649e0c;03c00fed-3c6f-43f0-93aa-2aad43025ad4)

Cannot access gated repo for url https://huggingface.co/api/datasets/atiyehghm/ganjoor_diarization_dataset/refs.
Access to dataset atiyehghm/ganjoor_diarization_dataset is restricted and you are not in the authorized list. Visit https://huggingface.co/datasets/atiyehghm/ganjoor_diarization_dataset to ask for access.",0
2026-07-08T21:26:51.669172+00:00,full_scan,Meddies/meddies-embedding-data,access_restricted,"403 Client Error. (Request ID: Root=1-6a4ec09b-5c76575032c32b1d59ee2fea;6270efd0-f2b0-4178-ae1a-1354f2b12341)

Cannot access gated repo for url https://huggingface.co/api/datasets/Meddies/meddies-embedding-data/refs.
Access to dataset Meddies/meddies-embedding-data is restricted and you are not in the authorized list. Visit https://huggingface.co/datasets/Meddies/meddies-embedding-data to ask for access.",0
2026-07-08T21:26:52.503979+00:00,full_scan,hkust-nlp/Toolathlon-Verified_Trajectories,access_restricted,"403 Client Error. (Request ID: Root=1-6a4ec09c-02994db672d2b13324295e21;9aeb9f5c-d3db-472c-bf5d-006b883bf5fd)

Cannot access gated repo for url https://huggingface.co/api/datasets/hkust-nlp/Toolathlon-Verified_Trajectories/refs.
Access to dataset hkust-nlp/Toolathlon-Verified_Trajectories is restricted and you are not in the authorized list. Visit https://huggingface.co/datasets/hkust-nlp/Toolathlon-Verified_Trajectories to ask for access.",0
2026-07-08T21:26:57.902408+00:00,full_scan,Meddies/meddies-asr-synth-dialog,access_restricted,"403 Client Error. (Request ID: Root=1-6a4ec0a1-1ad75b737e194e860736e1c0;a6b35cf3-aa4e-411e-b706-5222a5d18d63)

Cannot access gated repo for url https://huggingface.co/api/datasets/Meddies/meddies-asr-synth-dialog/refs.
Access to dataset Meddies/meddies-asr-synth-dialog is restricted and you are not in the authorized list. Visit https://huggingface.co/datasets/Meddies/meddies-asr-synth-dialog to ask for access.",0
2026-07-08T21:27:00.884811+00:00,full_scan,w4ashabii/bank_cheque,access_restricted,"403 Client Error. (Request ID: Root=1-6a4ec0a4-6fae676839a36cad162cc371;1d27d62e-0d7c-4c57-a804-733a6a7f509d)

Cannot access gated repo for url https://huggingface.co/api/datasets/w4ashabii/bank_cheque/refs.
Access to dataset w4ashabii/bank_cheque is restricted and you are not in the authorized list. Visit https://huggingface.co/datasets/w4ashabii/bank_cheque to ask for access.",0
2026-07-08T21:27:03.394686+00:00,full_scan,WTForbes/nan,access_restricted,"403 Client Error. (Request ID: Root=1-6a4ec0a7-6caffbef50620f6d1adafe0a;79e545b3-5eb5-464b-99a7-c791b057fb40)

Cannot access gated repo for url https://huggingface.co/api/datasets/WTForbes/nan/refs.
Access to dataset WTForbes/nan is restricted and you are not in the authorized list. Visit https://huggingface.co/datasets/WTForbes/nan to ask for access.",0
2026-07-08T21:27:06.721388+00:00,full_scan,MagicLuke/CHILDES-Aligned,access_restricted,"403 Client Error. (Request ID: Root=1-6a4ec0aa-67547f934e7cdf8a2fc9bee4;8f6bb658-654e-4245-81e8-2c05b2a1991b)

Cannot access gated repo for url https://huggingface.co/api/datasets/MagicLuke/CHILDES-Aligned/refs.
Access to dataset MagicLuke/CHILDES-Aligned is restricted and you are not in the authorized list. Visit https://huggingface.co/datasets/MagicLuke/CHILDES-Aligned to ask for access.",0
2026-07-08T21:27:07.389947+00:00,full_scan,kaust-generative-ai/telco-gaia-groundtruth,access_restricted,"403 Client Error. (Request ID: Root=1-6a4ec0ab-3867d0505f856b6353e9a593;b60364f9-7226-46f2-aecb-bba283be329f)

Cannot access gated repo for url https://huggingface.co/api/datasets/kaust-generative-ai/telco-gaia-groundtruth/refs.
Access to dataset kaust-generative-ai/telco-gaia-groundtruth is restricted and you are not in the authorized list. Visit https://huggingface.co/datasets/kaust-generative-ai/telco-gaia-groundtruth to ask for access.",0
2026-07-08T21:27:20.031235+00:00,full_scan,Keyven/belegbench,access_restricted,"403 Client Error. (Request ID: Root=1-6a4ec0b7-5ec0df83272d04ff2817143a;2aa03c9a-6a48-4e11-9441-857d35eafea4)

Cannot access gated repo for url https://huggingface.co/api/datasets/Keyven/belegbench/refs.
Access to dataset Keyven/belegbench is restricted and you are not in the authorized list. Visit https://huggingface.co/datasets/Keyven/belegbench to ask for access.",0
2026-07-08T21:27:27.880951+00:00,full_scan,WeiQian98/COHFACE,access_restricted,"403 Client Error. (Request ID: Root=1-6a4ec0bf-6653ebd0553bd9fa2e0583b0;7a8d8893-645e-4a75-8934-fb54c5c00692)

Cannot access gated repo for url https://huggingface.co/api/datasets/WeiQian98/COHFACE/refs.
Access to dataset WeiQian98/COHFACE is restricted and you are not in the authorized list. Visit https://huggingface.co/datasets/WeiQian98/COHFACE to ask for access.",0
2026-07-08T21:27:28.037210+00:00,full_scan,AngelWarmSmile123/deep-emotional-support-zh,access_restricted,"403 Client Error. (Request ID: Root=1-6a4ec0bf-0e7fb21d72b801e93cad3639;30df7706-d0f1-4d00-8228-7fb80f9895a7)

Cannot access gated repo for url https://huggingface.co/api/datasets/AngelWarmSmile123/deep-emotional-support-zh/refs.
Access to dataset AngelWarmSmile123/deep-emotional-support-zh is restricted and you are not in the authorized list. Visit https://huggingface.co/datasets/AngelWarmSmile123/deep-emotional-support-zh to ask for access.",0
2026-07-08T21:27:28.330159+00:00,full_scan,AngelWarmSmile123/deep-philosophy-reasoning-zh,access_restricted,"403 Client Error. (Request ID: Root=1-6a4ec0c0-1e5e66be6e6147ee1580b324;397b9f91-098a-452e-b4bb-600cfc51b9c6)

Cannot access gated repo for url https://huggingface.co/api/datasets/AngelWarmSmile123/deep-philosophy-reasoning-zh/refs.
Access to dataset AngelWarmSmile123/deep-philosophy-reasoning-zh is restricted and you are not in the authorized list. Visit https://huggingface.co/datasets/AngelWarmSmile123/deep-philosophy-reasoning-zh to ask for access.",0
2026-07-08T21:27:28.500174+00:00,full_scan,AngelWarmSmile123/deep-psychology-dialogue-zh,access_restricted,"403 Client Error. (Request ID: Root=1-6a4ec0c0-731d56182e28cb8262c677dc;8d411f1a-1bcc-49d2-bcd0-43e48b73b590)

Cannot access gated repo for url https://huggingface.co/api/datasets/AngelWarmSmile123/deep-psychology-dialogue-zh/refs.
Access to dataset AngelWarmSmile123/deep-psychology-dialogue-zh is restricted and you are not in the authorized list. Visit https://huggingface.co/datasets/AngelWarmSmile123/deep-psychology-dialogue-zh to ask for access.",0
2026-07-08T21:27:28.647869+00:00,full_scan,AngelWarmSmile123/deep-medical-health-dialogue-zh,access_restricted,"403 Client Error. (Request ID: Root=1-6a4ec0c0-430f70af706d0d6655752bd1;951dee1d-113c-449b-83d8-058376f4ed5b)

Cannot access gated repo for url https://huggingface.co/api/datasets/AngelWarmSmile123/deep-medical-health-dialogue-zh/refs.
Access to dataset AngelWarmSmile123/deep-medical-health-dialogue-zh is restricted and you are not in the authorized list. Visit https://huggingface.co/datasets/AngelWarmSmile123/deep-medical-health-dialogue-zh to ask for access.",0
2026-07-08T21:27:28.819119+00:00,full_scan,AngelWarmSmile123/deep-ai-safety-alignment-zh,access_restricted,"403 Client Error. (Request ID: Root=1-6a4ec0c0-366bc95259b4eb584338b06a;3a5e6421-0089-436f-8626-26f7fab45a3e)

Cannot access gated repo for url https://huggingface.co/api/datasets/AngelWarmSmile123/deep-ai-safety-alignment-zh/refs.
Access to dataset AngelWarmSmile123/deep-ai-safety-alignment-zh is restricted and you are not in the authorized list. Visit https://huggingface.co/datasets/AngelWarmSmile123/deep-ai-safety-alignment-zh to ask for access.",0
2026-07-08T21:27:28.981150+00:00,full_scan,AngelWarmSmile123/deep-physics-science-zh,access_restricted,"403 Client Error. (Request ID: Root=1-6a4ec0c0-7697713118a3ebf47559e141;23aa42da-66d5-4ded-aa07-1d7d976e6301)

Cannot access gated repo for url https://huggingface.co/api/datasets/AngelWarmSmile123/deep-physics-science-zh/refs.
Access to dataset AngelWarmSmile123/deep-physics-science-zh is restricted and you are not in the authorized list. Visit https://huggingface.co/datasets/AngelWarmSmile123/deep-physics-science-zh to ask for access.",0
2026-07-08T21:27:29.485049+00:00,full_scan,AngelWarmSmile123/deep-comparative-spirituality-zh,access_restricted,"403 Client Error. (Request ID: Root=1-6a4ec0c1-0d32e5104030a5c620f1194c;c585fdad-ac97-43b0-b8db-513a5a045ee8)

Cannot access gated repo for url https://huggingface.co/api/datasets/AngelWarmSmile123/deep-comparative-spirituality-zh/refs.
Access to dataset AngelWarmSmile123/deep-comparative-spirituality-zh is restricted and you are not in the authorized list. Visit https://huggingface.co/datasets/AngelWarmSmile123/deep-comparative-spirituality-zh to ask for access.",0
2026-07-08T21:27:29.645748+00:00,full_scan,AngelWarmSmile123/deep-theology-religion-zh,access_restricted,"403 Client Error. (Request ID: Root=1-6a4ec0c1-26880f5e796baf126d258799;b3a14a59-1e83-47f1-ad20-4ffa8db8de97)

Cannot access gated repo for url https://huggingface.co/api/datasets/AngelWarmSmile123/deep-theology-religion-zh/refs.
Access to dataset AngelWarmSmile123/deep-theology-religion-zh is restricted and you are not in the authorized list. Visit https://huggingface.co/datasets/AngelWarmSmile123/deep-theology-religion-zh to ask for access.",0
2026-07-08T21:27:29.815171+00:00,full_scan,AngelWarmSmile123/deep-creative-writing-zh,access_restricted,"403 Client Error. (Request ID: Root=1-6a4ec0c1-44cb18e020d5fd441f1900d4;e64a8a10-a45c-4e5f-b8b7-af04b5769dae)

Cannot access gated repo for url https://huggingface.co/api/datasets/AngelWarmSmile123/deep-creative-writing-zh/refs.
Access to dataset AngelWarmSmile123/deep-creative-writing-zh is restricted and you are not in the authorized list. Visit https://huggingface.co/datasets/AngelWarmSmile123/deep-creative-writing-zh to ask for access.",0
2026-07-08T21:27:30.029943+00:00,full_scan,AngelWarmSmile123/deep-gender-sociology-zh,access_restricted,"403 Client Error. (Request ID: Root=1-6a4ec0c1-4c0940d106a790216df97c76;9f432603-8d82-4ab1-a269-afd174f31ee4)

Cannot access gated repo for url https://huggingface.co/api/datasets/AngelWarmSmile123/deep-gender-sociology-zh/refs.
Access to dataset AngelWarmSmile123/deep-gender-sociology-zh is restricted and you are not in the authorized list. Visit https://huggingface.co/datasets/AngelWarmSmile123/deep-gender-sociology-zh to ask for access.",0
2026-07-08T21:27:30.179682+00:00,full_scan,AngelWarmSmile123/deep-current-affairs-zh,access_restricted,"403 Client Error. (Request ID: Root=1-6a4ec0c2-5323ba825ac6b4b410c6fe4d;cdfdd4aa-f5c2-4ba6-9c8e-25af3eb1d1fd)

Cannot access gated repo for url https://huggingface.co/api/datasets/AngelWarmSmile123/deep-current-affairs-zh/refs.
Access to dataset AngelWarmSmile123/deep-current-affairs-zh is restricted and you are not in the authorized list. Visit https://huggingface.co/datasets/AngelWarmSmile123/deep-current-affairs-zh to ask for access.",0
2026-07-08T21:27:30.376284+00:00,full_scan,AngelWarmSmile123/deep-art-aesthetics-zh,access_restricted,"403 Client Error. (Request ID: Root=1-6a4ec0c2-2252ba7079772a0875b8e21a;f149201d-ee79-4b17-8b5e-b59833daea4e)

Cannot access gated repo for url https://huggingface.co/api/datasets/AngelWarmSmile123/deep-art-aesthetics-zh/refs.
Access to dataset AngelWarmSmile123/deep-art-aesthetics-zh is restricted and you are not in the authorized list. Visit https://huggingface.co/datasets/AngelWarmSmile123/deep-art-aesthetics-zh to ask for access.",0
2026-07-08T21:27:30.581179+00:00,full_scan,AngelWarmSmile123/deep-tech-programming-zh,access_restricted,"403 Client Error. (Request ID: Root=1-6a4ec0c2-24d5e0cd5dcce03434e705c3;6555b0fc-c2f4-44cc-b297-079f51be2ef0)

Cannot access gated repo for url https://huggingface.co/api/datasets/AngelWarmSmile123/deep-tech-programming-zh/refs.
Access to dataset AngelWarmSmile123/deep-tech-programming-zh is restricted and you are not in the authorized list. Visit https://huggingface.co/datasets/AngelWarmSmile123/deep-tech-programming-zh to ask for access.",0
2026-07-08T21:27:30.728189+00:00,full_scan,AngelWarmSmile123/deep-general-knowledge-zh,access_restricted,"403 Client Error. (Request ID: Root=1-6a4ec0c2-1f4d90b16c2e8d5f69c97e16;e1964f1b-d3c5-4c95-8a3c-c0e2c38a17a6)

Cannot access gated repo for url https://huggingface.co/api/datasets/AngelWarmSmile123/deep-general-knowledge-zh/refs.
Access to dataset AngelWarmSmile123/deep-general-knowledge-zh is restricted and you are not in the authorized list. Visit https://huggingface.co/datasets/AngelWarmSmile123/deep-general-knowledge-zh to ask for access.",0
2026-07-08T21:27:34.693993+00:00,full_scan,ILSVRC/imagenet-1k,access_restricted,"403 Client Error. (Request ID: Root=1-6a4ec0c6-45d1e96b2b7f7a5a62eb2b20;58ad9576-2bce-4419-95cf-73dcca9f23aa)

Cannot access gated repo for url https://huggingface.co/api/datasets/ILSVRC/imagenet-1k/refs.
Access to dataset ILSVRC/imagenet-1k is restricted and you are not in the authorized list. Visit https://huggingface.co/datasets/ILSVRC/imagenet-1k to ask for access.",0
2026-07-08T21:27:36.725253+00:00,full_scan,uonlp/CulturaX,access_restricted,"403 Client Error. (Request ID: Root=1-6a4ec0c8-5ed1d3f02313b730211f8484;1516b6aa-8eeb-4cdc-8db4-ef196dc7407a)

Cannot access gated repo for url https://huggingface.co/api/datasets/uonlp/CulturaX/refs.
Access to dataset uonlp/CulturaX is restricted and you are not in the authorized list. Visit https://huggingface.co/datasets/uonlp/CulturaX to ask for access.",0
2026-07-08T21:27:59.218685+00:00,full_scan,Meddies/meddies-asr-benchmark,access_restricted,"403 Client Error. (Request ID: Root=1-6a4ec0df-518167cf0177c9c07577a82b;62b88688-4465-4a3c-a9ac-d78213dbd4fc)

Cannot access gated repo for url https://huggingface.co/api/datasets/Meddies/meddies-asr-benchmark/refs.
Access to dataset Meddies/meddies-asr-benchmark is restricted and you are not in the authorized list. Visit https://huggingface.co/datasets/Meddies/meddies-asr-benchmark to ask for access.",0
2026-07-08T21:28:01.821750+00:00,full_scan,deepghs/nsfw_detect,access_restricted,"403 Client Error. (Request ID: Root=1-6a4ec0e1-45c7bc744e9ba7ad399dac6d;bd5ae575-a028-45aa-ad88-9b18e383943f)

Cannot access gated repo for url https://huggingface.co/api/datasets/deepghs/nsfw_detect/refs.
Access to dataset deepghs/nsfw_detect is restricted and you are not in the authorized list. Visit https://huggingface.co/datasets/deepghs/nsfw_detect to ask for access.",0
2026-07-08T21:28:02.837268+00:00,full_scan,deepghs/konachan_full,access_restricted,"403 Client Error. (Request ID: Root=1-6a4ec0e2-03b7591175f30f5226dfa096;622cf0f7-9a13-4e09-ab8a-554bff36835f)

Cannot access gated repo for url https://huggingface.co/api/datasets/deepghs/konachan_full/refs.
Access to dataset deepghs/konachan_full is restricted and you are not in the authorized list. Visit https://huggingface.co/datasets/deepghs/konachan_full to ask for access.",0
2026-07-08T21:28:04.048577+00:00,full_scan,deepghs/safebooru_full,access_restricted,"403 Client Error. (Request ID: Root=1-6a4ec0e3-14bc523a6e2c6f9d179b3f32;c1db02cd-483d-4693-85c3-d92ca8ad8660)

Cannot access gated repo for url https://huggingface.co/api/datasets/deepghs/safebooru_full/refs.
Access to dataset deepghs/safebooru_full is restricted and you are not in the authorized list. Visit https://huggingface.co/datasets/deepghs/safebooru_full to ask for access.",0
2026-07-08T21:28:04.272004+00:00,full_scan,dynamofl/DynaGuardrail,access_restricted,"403 Client Error. (Request ID: Root=1-6a4ec0e4-13a89d30574cb30965624870;82880a05-221b-450e-b2b9-81fd0c680bd1)

Cannot access gated repo for url https://huggingface.co/api/datasets/dynamofl/DynaGuardrail/refs.
Access to dataset dynamofl/DynaGuardrail is restricted and you are not in the authorized list. Visit https://huggingface.co/datasets/dynamofl/DynaGuardrail to ask for access.",0
2026-07-08T21:28:04.682105+00:00,full_scan,deepghs/fancaps-webp-4Mpixel,access_restricted,"403 Client Error. (Request ID: Root=1-6a4ec0e4-307290546fed609f3d1b369b;e679f145-f18e-4d12-b996-5e2fc2bda343)

Cannot access gated repo for url https://huggingface.co/api/datasets/deepghs/fancaps-webp-4Mpixel/refs.
Access to dataset deepghs/fancaps-webp-4Mpixel is restricted and you are not in the authorized list. Visit https://huggingface.co/datasets/deepghs/fancaps-webp-4Mpixel to ask for access.",0
2026-07-08T21:28:04.841801+00:00,full_scan,deepkaria/extreme-toxic-human-small-dataset,access_restricted,"403 Client Error. (Request ID: Root=1-6a4ec0e4-3d841fa04e2ac803171f9e3f;91d9760b-63aa-451f-9878-2e279fe3d9d8)

Cannot access gated repo for url https://huggingface.co/api/datasets/deepkaria/extreme-toxic-human-small-dataset/refs.
Access to dataset deepkaria/extreme-toxic-human-small-dataset is restricted and you are not in the authorized list. Visit https://huggingface.co/datasets/deepkaria/extreme-toxic-human-small-dataset to ask for access.",0
2026-07-08T21:36:11.348707+00:00,full_scan,AI-it/khs_service_test,access_restricted,"403 Client Error. (Request ID: Root=1-6a4ec2cb-6a923c000bd08009446f3c45;a1e48757-bd6e-4f9a-bf1f-563544a191dd)

Cannot access gated repo for url https://huggingface.co/api/datasets/AI-it/khs_service_test/refs.
Access to dataset AI-it/khs_service_test is restricted and you are not in the authorized list. Visit https://huggingface.co/datasets/AI-it/khs_service_test to ask for access.",0
2026-07-08T21:36:11.602261+00:00,full_scan,AI-it/korean-hate-speech,access_restricted,"403 Client Error. (Request ID: Root=1-6a4ec2cb-5a6ae3aa460d3a627931bf9b;e23a9d88-dc03-4299-b581-a1936ffc3d62)

Cannot access gated repo for url https://huggingface.co/api/datasets/AI-it/korean-hate-speech/refs.
Access to dataset AI-it/korean-hate-speech is restricted and you are not in the authorized list. Visit https://huggingface.co/datasets/AI-it/korean-hate-speech to ask for access.",0
2026-07-08T21:36:15.390108+00:00,full_scan,Akila/ForgottenRealmsWikiDataset,access_restricted,"403 Client Error. (Request ID: Root=1-6a4ec2cf-75fc611e49e345a55ab84f39;44d4e00b-ba2d-409a-bec8-effb84f516a2)

Cannot access gated repo for url https://huggingface.co/api/datasets/Akila/ForgottenRealmsWikiDataset/refs.
Access to dataset Akila/ForgottenRealmsWikiDataset is restricted and you are not in the authorized list. Visit https://huggingface.co/datasets/Akila/ForgottenRealmsWikiDataset to ask for access.",0
2026-07-08T21:36:28.805444+00:00,full_scan,DDSC/dkhate,access_restricted,"403 Client Error. (Request ID: Root=1-6a4ec2dc-382e429100cada307e91bd66;f00d6a43-3c7e-4936-800b-b062f39eb057)

Cannot access gated repo for url https://huggingface.co/api/datasets/DDSC/dkhate/refs.
Access to dataset DDSC/dkhate is restricted and you are not in the authorized list. Visit https://huggingface.co/datasets/DDSC/dkhate to ask for access.",0
2026-07-08T21:36:40.991170+00:00,full_scan,GEM/indonlg,access_restricted,"403 Client Error. (Request ID: Root=1-6a4ec2e8-3bcc2ff3478a488029dce43e;cdccd901-75e7-4555-9ca5-797f58895011)

Cannot access gated repo for url https://huggingface.co/api/datasets/GEM/indonlg/refs.
Access to dataset GEM/indonlg is restricted and you are not in the authorized list. Visit https://huggingface.co/datasets/GEM/indonlg to ask for access.",0
2026-07-08T21:36:51.436262+00:00,full_scan,Harveenchadha/indic-voice,access_restricted,"403 Client Error. (Request ID: Root=1-6a4ec2f3-13be14ca256f997543972853;b6ef36da-086d-4b30-b69c-b6d331710a20)

Cannot access gated repo for url https://huggingface.co/api/datasets/Harveenchadha/indic-voice/refs.
Access to dataset Harveenchadha/indic-voice is restricted and you are not in the authorized list. Visit https://huggingface.co/datasets/Harveenchadha/indic-voice to ask for access.",0
2026-07-08T21:37:09.356150+00:00,full_scan,Language/trans,access_restricted,"403 Client Error. (Request ID: Root=1-6a4ec305-0977169c57060724301da979;dbeaa4bb-c7b1-4df8-8078-aa8baf6c01d7)

Cannot access gated repo for url https://huggingface.co/api/datasets/Language/trans/refs.
Access to dataset Language/trans is restricted and you are not in the authorized list. Visit https://huggingface.co/datasets/Language/trans to ask for access.",0
2026-07-08T21:37:15.094338+00:00,full_scan,NLPC-UOM/English-Tamil-Parallel-Corpus,access_restricted,"403 Client Error. (Request ID: Root=1-6a4ec30a-46947b2a3680ecb076b2d784;43e93301-b7fc-4c8f-8b5a-40655113eaee)

Cannot access gated repo for url https://huggingface.co/api/datasets/NLPC-UOM/English-Tamil-Parallel-Corpus/refs.
Access to dataset NLPC-UOM/English-Tamil-Parallel-Corpus is restricted and you are not in the authorized list. Visit https://huggingface.co/datasets/NLPC-UOM/English-Tamil-Parallel-Corpus to ask for access.",0
2026-07-08T21:37:15.247752+00:00,full_scan,NLPC-UOM/Sinhala-POS-Data,access_restricted,"403 Client Error. (Request ID: Root=1-6a4ec30b-6c552dc22a33c4e704182b91;7cc66de8-5a93-4dc9-87d4-b5673eac69e6)

Cannot access gated repo for url https://huggingface.co/api/datasets/NLPC-UOM/Sinhala-POS-Data/refs.
Access to dataset NLPC-UOM/Sinhala-POS-Data is restricted and you are not in the authorized list. Visit https://huggingface.co/datasets/NLPC-UOM/Sinhala-POS-Data to ask for access.",0
2026-07-08T21:37:28.403036+00:00,full_scan,Renukswamy/Patent_sentiment_analysis,access_restricted,"403 Client Error. (Request ID: Root=1-6a4ec318-23d0ee4a42491277080fe370;dd3a42af-e4c5-45c4-8534-6fba525c317b)

Cannot access gated repo for url https://huggingface.co/api/datasets/Renukswamy/Patent_sentiment_analysis/refs.
Access to dataset Renukswamy/Patent_sentiment_analysis is restricted and you are not in the authorized list. Visit https://huggingface.co/datasets/Renukswamy/Patent_sentiment_analysis to ask for access.",0
2026-07-08T21:38:13.151900+00:00,full_scan,andstor/smart_contracts,access_restricted,"403 Client Error. (Request ID: Root=1-6a4ec345-5fa21f8d55fc0bbc32c97a1d;9755eda1-01a4-468b-8a7c-140c622cc788)

Cannot access gated repo for url https://huggingface.co/api/datasets/andstor/smart_contracts/refs.
Access to dataset andstor/smart_contracts is restricted and you are not in the authorized list. Visit https://huggingface.co/datasets/andstor/smart_contracts to ask for access.",0
2026-07-08T21:40:56.489317+00:00,full_scan,bazinga/bazinga,access_restricted,"403 Client Error. (Request ID: Root=1-6a4ec3e8-6487b9221e27ce3258987d69;be92b079-2105-4853-8ca8-a4836d94a562)

Cannot access gated repo for url https://huggingface.co/api/datasets/bazinga/bazinga/refs.
Access to dataset bazinga/bazinga is restricted and you are not in the authorized list. Visit https://huggingface.co/datasets/bazinga/bazinga to ask for access.",0
2026-07-08T21:41:02.423883+00:00,full_scan,bondarchukb/autonlp-data-iab_classification,access_restricted,"403 Client Error. (Request ID: Root=1-6a4ec3ee-7a1fc6ea1abdd5165e8dc89f;002fc07d-5daa-4844-8c72-b51cc5452e89)

Cannot access gated repo for url https://huggingface.co/api/datasets/bondarchukb/autonlp-data-iab_classification/refs.
Access to dataset bondarchukb/autonlp-data-iab_classification is restricted and you are not in the authorized list. Visit https://huggingface.co/datasets/bondarchukb/autonlp-data-iab_classification to ask for access.",0
2026-07-08T21:41:36.671349+00:00,full_scan,deokgu/fooddetection,access_restricted,"403 Client Error. (Request ID: Root=1-6a4ec410-2526324942c4291310382d11;b796ec6a-7688-4794-8db7-1791f918b618)

Cannot access gated repo for url https://huggingface.co/api/datasets/deokgu/fooddetection/refs.
Access to dataset deokgu/fooddetection is restricted and you are not in the authorized list. Visit https://huggingface.co/datasets/deokgu/fooddetection to ask for access.",0
2026-07-08T21:43:12.882488+00:00,full_scan,gsarti/itagen,access_restricted,"403 Client Error. (Request ID: Root=1-6a4ec470-187ab932237bfeff5eea606f;ed2d4086-1b15-4374-aee6-c6d542e558cc)

Cannot access gated repo for url https://huggingface.co/api/datasets/gsarti/itagen/refs.
Access to dataset gsarti/itagen is restricted and you are not in the authorized list. Visit https://huggingface.co/datasets/gsarti/itagen to ask for access.",0
2026-07-08T21:43:15.554761+00:00,full_scan,jeffboudier/testing3,access_restricted,"403 Client Error. (Request ID: Root=1-6a4ec473-446a5b2f218ae04e2bd24f86;79cc6b54-b313-4d3b-98a7-8747a3074cbc)

Cannot access gated repo for url https://huggingface.co/api/datasets/jeffboudier/testing3/refs.
Access to dataset jeffboudier/testing3 is restricted and you are not in the authorized list. Visit https://huggingface.co/datasets/jeffboudier/testing3 to ask for access.",0
2026-07-08T21:43:21.689096+00:00,full_scan,jslin09/Fraud_Case_Verdicts,access_restricted,"403 Client Error. (Request ID: Root=1-6a4ec479-2a4f721a10d32bf53c2b56b8;3da64eef-7528-48fa-8191-7509c2e07cab)

Cannot access gated repo for url https://huggingface.co/api/datasets/jslin09/Fraud_Case_Verdicts/refs.
Access to dataset jslin09/Fraud_Case_Verdicts is restricted and you are not in the authorized list. Visit https://huggingface.co/datasets/jslin09/Fraud_Case_Verdicts to ask for access.",0
2026-07-08T21:43:29.179768+00:00,full_scan,krandiash/beethoven,access_restricted,"403 Client Error. (Request ID: Root=1-6a4ec481-353c04a87387095f365adb81;8220de54-df2c-48cb-aba0-90d850f64dd3)

Cannot access gated repo for url https://huggingface.co/api/datasets/krandiash/beethoven/refs.
Access to dataset krandiash/beethoven is restricted and you are not in the authorized list. Visit https://huggingface.co/datasets/krandiash/beethoven to ask for access.",0
2026-07-08T21:43:29.589539+00:00,full_scan,krandiash/youtubemix,access_restricted,"403 Client Error. (Request ID: Root=1-6a4ec481-275f3b582302ddfe44d6a200;356426e7-018b-4b06-8400-93694094379f)

Cannot access gated repo for url https://huggingface.co/api/datasets/krandiash/youtubemix/refs.
Access to dataset krandiash/youtubemix is restricted and you are not in the authorized list. Visit https://huggingface.co/datasets/krandiash/youtubemix to ask for access.",0
2026-07-08T21:43:59.841777+00:00,full_scan,metopedia/autonlp-data-Multiple-Source-Language-Consensus-Reconstruction-o,access_restricted,"403 Client Error. (Request ID: Root=1-6a4ec49f-1c8678ff22aef3fe5307545b;0c8c48b7-6b21-4c39-9981-e4886dbadb0b)

Cannot access gated repo for url https://huggingface.co/api/datasets/metopedia/autonlp-data-Multiple-Source-Language-Consensus-Reconstruction-o/refs.
Access to dataset metopedia/autonlp-data-Multiple-Source-Language-Consensus-Reconstruction-o is restricted and you are not in the authorized list. Visit https://huggingface.co/datasets/metopedia/autonlp-data-Multiple-Source-Language-Consen",0
2026-07-08T21:44:09.177416+00:00,full_scan,moshew/my_raft,access_restricted,"403 Client Error. (Request ID: Root=1-6a4ec4a9-315572b20285599e50156245;8df6c35d-43bc-48e8-bfda-63507d03780a)

Cannot access gated repo for url https://huggingface.co/api/datasets/moshew/my_raft/refs.
Access to dataset moshew/my_raft is restricted and you are not in the authorized list. Visit https://huggingface.co/datasets/moshew/my_raft to ask for access.",0
2026-07-08T21:45:00.210292+00:00,full_scan,oscar-corpus/OSCAR-2109,access_restricted,"403 Client Error. (Request ID: Root=1-6a4ec4dc-646d3687169ba74f4f1bf610;ebf16a2a-a569-4e99-8095-f94a62e0fc6c)

Cannot access gated repo for url https://huggingface.co/api/datasets/oscar-corpus/OSCAR-2109/refs.
Access to dataset oscar-corpus/OSCAR-2109 is restricted and you are not in the authorized list. Visit https://huggingface.co/datasets/oscar-corpus/OSCAR-2109 to ask for access.",0
2026-07-08T21:45:27.745844+00:00,full_scan,samarlune/Holy_Coran,access_restricted,"403 Client Error. (Request ID: Root=1-6a4ec4f7-7c33c2264ad183a237592791;881597ce-dc2c-4ad9-a3ee-0785875fdaa0)

Cannot access gated repo for url https://huggingface.co/api/datasets/samarlune/Holy_Coran/refs.
Access to dataset samarlune/Holy_Coran is restricted and you are not in the authorized list. Visit https://huggingface.co/datasets/samarlune/Holy_Coran to ask for access.",0
2026-07-08T21:45:33.172256+00:00,full_scan,segments/sidewalk-semantic,access_restricted,"403 Client Error. (Request ID: Root=1-6a4ec4fd-0a99c2655b00019b49ec7bae;f2f35964-96f3-4773-be4e-9578aaa16b77)

Cannot access gated repo for url https://huggingface.co/api/datasets/segments/sidewalk-semantic/refs.
Access to dataset segments/sidewalk-semantic is restricted and you are not in the authorized list. Visit https://huggingface.co/datasets/segments/sidewalk-semantic to ask for access.",0
2026-07-08T21:45:41.349801+00:00,full_scan,sil-ai/bloom-lm,access_restricted,"403 Client Error. (Request ID: Root=1-6a4ec505-4cd651d650903044614a2716;7955b351-ecef-4db5-b8a2-b74fa6ad80d3)

Cannot access gated repo for url https://huggingface.co/api/datasets/sil-ai/bloom-lm/refs.
Access to dataset sil-ai/bloom-lm is restricted and you are not in the authorized list. Visit https://huggingface.co/datasets/sil-ai/bloom-lm to ask for access.",0
2026-07-08T21:45:43.824826+00:00,full_scan,uitnlp/vihsd,access_restricted,"403 Client Error. (Request ID: Root=1-6a4ec507-6b93d96c3e365fc361c758f2;ab9c91e6-dc04-41b6-8f19-e22538639f6e)

Cannot access gated repo for url https://huggingface.co/api/datasets/uitnlp/vihsd/refs.
Access to dataset uitnlp/vihsd is restricted and you are not in the authorized list. Visit https://huggingface.co/datasets/uitnlp/vihsd to ask for access.",0
2026-07-08T21:46:02.699825+00:00,full_scan,vannora/pdata,access_restricted,"403 Client Error. (Request ID: Root=1-6a4ec51a-795857dd7a02d0de3235a76d;332a39b6-8d87-4895-9d0a-d9d24a28fb58)

Cannot access gated repo for url https://huggingface.co/api/datasets/vannora/pdata/refs.
Access to dataset vannora/pdata is restricted and you are not in the authorized list. Visit https://huggingface.co/datasets/vannora/pdata to ask for access.",0
2026-07-08T21:46:22.940180+00:00,full_scan,yhavinga/mc4_nl_cleaned,access_restricted,"403 Client Error. (Request ID: Root=1-6a4ec52e-70c1108f15bbe54805fc60bc;207e3ed6-5a78-49a9-a9c1-a931703eee7f)

Cannot access gated repo for url https://huggingface.co/api/datasets/yhavinga/mc4_nl_cleaned/refs.
Access to dataset yhavinga/mc4_nl_cleaned is restricted and you are not in the authorized list. Visit https://huggingface.co/datasets/yhavinga/mc4_nl_cleaned to ask for access.",0
2026-07-08T21:46:39.426396+00:00,full_scan,chiarab/covid-tweet-sentiment,access_restricted,"403 Client Error. (Request ID: Root=1-6a4ec53f-7f10beac25b8dcc4417505a6;57be01f9-82bf-4ae9-b597-0074ef3edbfc)

Cannot access gated repo for url https://huggingface.co/api/datasets/chiarab/covid-tweet-sentiment/refs.
Access to dataset chiarab/covid-tweet-sentiment is restricted and you are not in the authorized list. Visit https://huggingface.co/datasets/chiarab/covid-tweet-sentiment to ask for access.",0
2026-07-08T21:46:53.457091+00:00,full_scan,laion/relaion2B-en-research-safe,access_restricted,"403 Client Error. (Request ID: Root=1-6a4ec54d-0ae947be41c286fe48034cbe;fa9dbd43-a13d-4f4c-8772-656e234f8ed0)

Cannot access gated repo for url https://huggingface.co/api/datasets/laion/relaion2B-en-research-safe/refs.
Access to dataset laion/relaion2B-en-research-safe is restricted and you are not in the authorized list. Visit https://huggingface.co/datasets/laion/relaion2B-en-research-safe to ask for access.",0
2026-07-08T21:46:54.039024+00:00,full_scan,laion/relaion2B-multi-research-safe,access_restricted,"403 Client Error. (Request ID: Root=1-6a4ec54d-4b692dea0e0ca3d625e19446;4c91cb03-aab5-4811-8bd8-0326c4bb9e24)

Cannot access gated repo for url https://huggingface.co/api/datasets/laion/relaion2B-multi-research-safe/refs.
Access to dataset laion/relaion2B-multi-research-safe is restricted and you are not in the authorized list. Visit https://huggingface.co/datasets/laion/relaion2B-multi-research-safe to ask for access.",0
2026-07-08T21:46:55.095559+00:00,full_scan,fmplaza/EmoEvent,access_restricted,"403 Client Error. (Request ID: Root=1-6a4ec54e-4974ae5c09ef497a1386fdf3;f22ab145-c161-4515-ab19-9223c2b3fd29)

Cannot access gated repo for url https://huggingface.co/api/datasets/fmplaza/EmoEvent/refs.
Access to dataset fmplaza/EmoEvent is restricted and you are not in the authorized list. Visit https://huggingface.co/datasets/fmplaza/EmoEvent to ask for access.",0
2026-07-08T21:46:56.629969+00:00,full_scan,laion/relaion1b-nolang-research-safe,access_restricted,"403 Client Error. (Request ID: Root=1-6a4ec550-2f21a50f17709a1e0e65f5a9;b752741c-c454-4f05-9494-b665bd9e47ef)

Cannot access gated repo for url https://huggingface.co/api/datasets/laion/relaion1b-nolang-research-safe/refs.
Access to dataset laion/relaion1b-nolang-research-safe is restricted and you are not in the authorized list. Visit https://huggingface.co/datasets/laion/relaion1b-nolang-research-safe to ask for access.",0
2026-07-08T21:47:02.492117+00:00,full_scan,UBC-NLP/orca,access_restricted,"403 Client Error. (Request ID: Root=1-6a4ec556-018b369503df0f38434398ed;168051b0-40b5-47a2-9286-7534c726ae4d)

Cannot access gated repo for url https://huggingface.co/api/datasets/UBC-NLP/orca/refs.
Access to dataset UBC-NLP/orca is restricted and you are not in the authorized list. Visit https://huggingface.co/datasets/UBC-NLP/orca to ask for access.",0
2026-07-08T21:47:20.680605+00:00,full_scan,reatiny/chinese-spam-10000,access_restricted,"403 Client Error. (Request ID: Root=1-6a4ec568-3cda93e1200be01626102ad6;d00e54e4-f215-450b-9622-5eaea74285af)

Cannot access gated repo for url https://huggingface.co/api/datasets/reatiny/chinese-spam-10000/refs.
Access to dataset reatiny/chinese-spam-10000 is restricted and you are not in the authorized list. Visit https://huggingface.co/datasets/reatiny/chinese-spam-10000 to ask for access.",0
2026-07-08T21:47:22.640352+00:00,full_scan,openclimatefix/uk_pv,access_restricted,"403 Client Error. (Request ID: Root=1-6a4ec56a-28f01aca26432695437d7c42;6c2ba623-e107-4f34-829c-520f03d14eee)

Cannot access gated repo for url https://huggingface.co/api/datasets/openclimatefix/uk_pv/refs.
Access to dataset openclimatefix/uk_pv is restricted and you are not in the authorized list. Visit https://huggingface.co/datasets/openclimatefix/uk_pv to ask for access.",0
2026-07-08T21:47:24.073704+00:00,full_scan,EALeon16/poems,access_restricted,"403 Client Error. (Request ID: Root=1-6a4ec56b-36bfe1da35eaf3a17e5d0e32;7183f517-3206-41e2-821e-83ef1838304c)

Cannot access gated repo for url https://huggingface.co/api/datasets/EALeon16/poems/refs.
Access to dataset EALeon16/poems is restricted and you are not in the authorized list. Visit https://huggingface.co/datasets/EALeon16/poems to ask for access.",0
2026-07-08T21:47:24.279358+00:00,full_scan,oscar-corpus/OSCAR-2201,access_restricted,"403 Client Error. (Request ID: Root=1-6a4ec56c-7dfb5bdb7ca849e914c8e484;201ed8d2-f9d9-4518-a7cc-696a63ca9164)

Cannot access gated repo for url https://huggingface.co/api/datasets/oscar-corpus/OSCAR-2201/refs.
Access to dataset oscar-corpus/OSCAR-2201 is restricted and you are not in the authorized list. Visit https://huggingface.co/datasets/oscar-corpus/OSCAR-2201 to ask for access.",0
2026-07-08T21:47:24.658818+00:00,full_scan,tdklab/Hebrew_Squad_v1,access_restricted,"403 Client Error. (Request ID: Root=1-6a4ec56c-094a3ef95b936644693bfa86;46cd1b19-72eb-4681-8b6e-430f1359795c)

Cannot access gated repo for url https://huggingface.co/api/datasets/tdklab/Hebrew_Squad_v1/refs.
Access to dataset tdklab/Hebrew_Squad_v1 is restricted and you are not in the authorized list. Visit https://huggingface.co/datasets/tdklab/Hebrew_Squad_v1 to ask for access.",0
2026-07-08T21:47:26.905122+00:00,full_scan,jeffboudier/testing,access_restricted,"403 Client Error. (Request ID: Root=1-6a4ec56e-23cb338618801aaa0077bb50;b861d1d0-379c-4169-810a-5f340401cb92)

Cannot access gated repo for url https://huggingface.co/api/datasets/jeffboudier/testing/refs.
Access to dataset jeffboudier/testing is restricted and you are not in the authorized list. Visit https://huggingface.co/datasets/jeffboudier/testing to ask for access.",0
2026-07-08T21:48:06.672602+00:00,full_scan,facebook/winoground,access_restricted,"403 Client Error. (Request ID: Root=1-6a4ec596-23e774120646be6839785f35;bb9be39c-79e7-4e11-9a4c-099161dd1897)

Cannot access gated repo for url https://huggingface.co/api/datasets/facebook/winoground/refs.
Access to dataset facebook/winoground is restricted and you are not in the authorized list. Visit https://huggingface.co/datasets/facebook/winoground to ask for access.",0
2026-07-08T21:48:08.720218+00:00,full_scan,emilio-ariza/ESsnli,access_restricted,"403 Client Error. (Request ID: Root=1-6a4ec598-6ec7cb91108281ee3db5bba0;07c86476-4319-49af-9846-d42034ef3774)

Cannot access gated repo for url https://huggingface.co/api/datasets/emilio-ariza/ESsnli/refs.
Access to dataset emilio-ariza/ESsnli is restricted and you are not in the authorized list. Visit https://huggingface.co/datasets/emilio-ariza/ESsnli to ask for access.",0
2026-07-08T21:50:47.500615+00:00,full_scan,laion/relaion-synthetic-115m,access_restricted,"403 Client Error. (Request ID: Root=1-6a4ec637-18739b32077db91036646ae9;db6f4a08-5ff5-470b-852d-814fb7c59db1)

Cannot access gated repo for url https://huggingface.co/api/datasets/laion/relaion-synthetic-115m/refs.
Access to dataset laion/relaion-synthetic-115m is restricted and you are not in the authorized list. Visit https://huggingface.co/datasets/laion/relaion-synthetic-115m to ask for access.",0
2026-07-08T21:50:50.516839+00:00,full_scan,somosnlp-hackathon-2022/Fake_news_train,access_restricted,"403 Client Error. (Request ID: Root=1-6a4ec63a-152659593a0928e920871c2c;8e0d736f-9bb6-4a62-b47b-7770469b84dd)

Cannot access gated repo for url https://huggingface.co/api/datasets/somosnlp-hackathon-2022/Fake_news_train/refs.
Access to dataset somosnlp-hackathon-2022/Fake_news_train is restricted and you are not in the authorized list. Visit https://huggingface.co/datasets/somosnlp-hackathon-2022/Fake_news_train to ask for access.",0
2026-07-08T21:50:52.980328+00:00,full_scan,javilonso/mex_data,access_restricted,"403 Client Error. (Request ID: Root=1-6a4ec63c-2cd297714226525a7c93a52b;307b8790-6202-46ca-9956-13c2ec431550)

Cannot access gated repo for url https://huggingface.co/api/datasets/javilonso/mex_data/refs.
Access to dataset javilonso/mex_data is restricted and you are not in the authorized list. Visit https://huggingface.co/datasets/javilonso/mex_data to ask for access.",0
2026-07-08T21:50:54.713332+00:00,full_scan,lislia/GDPR,access_restricted,"403 Client Error. (Request ID: Root=1-6a4ec63e-36d202a97bd4714b52178a2a;4b0db76a-b60b-41b8-a88b-9b50a93b2e82)

Cannot access gated repo for url https://huggingface.co/api/datasets/lislia/GDPR/refs.
Access to dataset lislia/GDPR is restricted and you are not in the authorized list. Visit https://huggingface.co/datasets/lislia/GDPR to ask for access.",0
2026-07-08T21:50:55.637688+00:00,full_scan,simonchristensen1/GDPR,access_restricted,"403 Client Error. (Request ID: Root=1-6a4ec63f-4f54c5794e702a2515102dc1;d842bf14-ba06-4960-a858-2b5ccf26b153)

Cannot access gated repo for url https://huggingface.co/api/datasets/simonchristensen1/GDPR/refs.
Access to dataset simonchristensen1/GDPR is restricted and you are not in the authorized list. Visit https://huggingface.co/datasets/simonchristensen1/GDPR to ask for access.",0
2026-07-08T21:51:05.875789+00:00,full_scan,nntadotzips/vietjack_geography_original_labeled_train_test,access_restricted,"403 Client Error. (Request ID: Root=1-6a4ec649-4f53187071b320673c0c094b;3809c460-408f-4e3d-88de-084aa1db2bdc)

Cannot access gated repo for url https://huggingface.co/api/datasets/nntadotzips/vietjack_geography_original_labeled_train_test/refs.
Access to dataset nntadotzips/vietjack_geography_original_labeled_train_test is restricted and you are not in the authorized list. Visit https://huggingface.co/datasets/nntadotzips/vietjack_geography_original_labeled_train_test to ask for access.",0
2026-07-08T21:51:08.794889+00:00,full_scan,narad/rockingface,access_restricted,"403 Client Error. (Request ID: Root=1-6a4ec64c-178776d74754d97e777a8be3;e196f4ab-4d06-4dd6-a4b1-4ccac2c32d43)

Cannot access gated repo for url https://huggingface.co/api/datasets/narad/rockingface/refs.
Access to dataset narad/rockingface is restricted and you are not in the authorized list. Visit https://huggingface.co/datasets/narad/rockingface to ask for access.",0
2026-07-08T21:51:48.371584+00:00,full_scan,HannahRoseKirk/HatemojiCheck,access_restricted,"403 Client Error. (Request ID: Root=1-6a4ec674-25e16d516fad16cc19eefc94;fd9ec232-82af-4074-8258-7345eddcaf24)

Cannot access gated repo for url https://huggingface.co/api/datasets/HannahRoseKirk/HatemojiCheck/refs.
Access to dataset HannahRoseKirk/HatemojiCheck is restricted and you are not in the authorized list. Visit https://huggingface.co/datasets/HannahRoseKirk/HatemojiCheck to ask for access.",0
2026-07-08T21:51:48.780752+00:00,full_scan,HannahRoseKirk/HatemojiBuild,access_restricted,"403 Client Error. (Request ID: Root=1-6a4ec674-1952e35a350c62e526fd6aa7;fc75e33e-11f5-4523-b79b-2fe0951edf82)

Cannot access gated repo for url https://huggingface.co/api/datasets/HannahRoseKirk/HatemojiBuild/refs.
Access to dataset HannahRoseKirk/HatemojiBuild is restricted and you are not in the authorized list. Visit https://huggingface.co/datasets/HannahRoseKirk/HatemojiBuild to ask for access.",0
2026-07-08T21:51:55.874800+00:00,full_scan,awacke1/data.csv,access_restricted,"403 Client Error. (Request ID: Root=1-6a4ec67b-5369eadc4ad21715334ba710;443bbc3e-2243-4ae3-99c1-b982e7bc1987)

Cannot access gated repo for url https://huggingface.co/api/datasets/awacke1/data.csv/refs.
Access to dataset awacke1/data.csv is restricted and you are not in the authorized list. Visit https://huggingface.co/datasets/awacke1/data.csv to ask for access.",0
2026-07-08T21:51:56.051471+00:00,full_scan,awacke1/autotrain-data-Persistence,access_restricted,"403 Client Error. (Request ID: Root=1-6a4ec67b-32bce40b4be8b4211d5719b1;fbd81b0c-9413-4a25-baef-9cef1437239b)

Cannot access gated repo for url https://huggingface.co/api/datasets/awacke1/autotrain-data-Persistence/refs.
Access to dataset awacke1/autotrain-data-Persistence is restricted and you are not in the authorized list. Visit https://huggingface.co/datasets/awacke1/autotrain-data-Persistence to ask for access.",0
2026-07-08T21:52:08.475247+00:00,full_scan,khursani8/speech,access_restricted,"403 Client Error. (Request ID: Root=1-6a4ec688-21efde3928bfb2fb59f553aa;1e67008e-3795-4a53-90a1-5f48b474a3cd)

Cannot access gated repo for url https://huggingface.co/api/datasets/khursani8/speech/refs.
Access to dataset khursani8/speech is restricted and you are not in the authorized list. Visit https://huggingface.co/datasets/khursani8/speech to ask for access.",0
2026-07-08T22:03:41.777719+00:00,sampling,chaiting/storyPro_p31,access_restricted,"403 Client Error. (Request ID: Root=1-6a4ec93d-4ce5d73234f6871a5a1ce8e0;35e86f29-ca7a-42e4-b68e-2d9f1a63bdd0)

Cannot access gated repo for url https://huggingface.co/api/datasets/chaiting/storyPro_p31/refs.
Access to dataset chaiting/storyPro_p31 is restricted and you are not in the authorized list. Visit https://huggingface.co/datasets/chaiting/storyPro_p31 to ask for access.",0
2026-07-08T22:04:56.823696+00:00,sampling,eysahdne/H3dTyOH24tqc3ysQ64,access_restricted,"403 Client Error. (Request ID: Root=1-6a4ec988-53ea0d080ac576d0250af149;86973691-9ee8-4a1a-b018-feb599ce91bd)

Cannot access gated repo for url https://huggingface.co/api/datasets/eysahdne/H3dTyOH24tqc3ysQ64/refs.
Access to dataset eysahdne/H3dTyOH24tqc3ysQ64 is restricted and you are not in the authorized list. Visit https://huggingface.co/datasets/eysahdne/H3dTyOH24tqc3ysQ64 to ask for access.",0
2026-07-08T22:04:56.825481+00:00,sampling,FreDERicia/LLM_SAFETY_CHECK_OOD,access_restricted,"403 Client Error. (Request ID: Root=1-6a4ec988-6348b38079744ca7115c3376;d0029daf-af81-47bf-a37f-e8716587d605)

Cannot access gated repo for url https://huggingface.co/api/datasets/FreDERicia/LLM_SAFETY_CHECK_OOD/refs.
Access to dataset FreDERicia/LLM_SAFETY_CHECK_OOD is restricted and you are not in the authorized list. Visit https://huggingface.co/datasets/FreDERicia/LLM_SAFETY_CHECK_OOD to ask for access.",0
2026-07-08T22:04:56.982981+00:00,sampling,brookesantos6563xt/s081u,access_restricted,"403 Client Error. (Request ID: Root=1-6a4ec988-62a59f7f752b2e9c7ca68c75;f383b033-95d0-4e06-97b1-26f5e6ba8ca2)

Cannot access gated repo for url https://huggingface.co/api/datasets/brookesantos6563xt/s081u/refs.
Access to dataset brookesantos6563xt/s081u is restricted and you are not in the authorized list. Visit https://huggingface.co/datasets/brookesantos6563xt/s081u to ask for access.",0
2026-07-08T22:04:58.357023+00:00,sampling,open-llm-leaderboard/jaspionjader__bh-16-details,access_restricted,"403 Client Error. (Request ID: Root=1-6a4ec98a-0dca20140c19aff00042481d;539c4512-ac9e-4252-8a4a-d05e6af28e0e)

Cannot access gated repo for url https://huggingface.co/api/datasets/open-llm-leaderboard/jaspionjader__bh-16-details/refs.
Access to dataset open-llm-leaderboard/jaspionjader__bh-16-details is restricted and you are not in the authorized list. Visit https://huggingface.co/datasets/open-llm-leaderboard/jaspionjader__bh-16-details to ask for access.",0
2026-07-08T22:04:58.521519+00:00,sampling,open-llm-leaderboard/allknowingroger__Mistralmash1-7B-s-details,access_restricted,"403 Client Error. (Request ID: Root=1-6a4ec98a-17673dd160839f2b52124e88;1896fe26-623b-4152-8c0c-735183271de5)

Cannot access gated repo for url https://huggingface.co/api/datasets/open-llm-leaderboard/allknowingroger__Mistralmash1-7B-s-details/refs.
Access to dataset open-llm-leaderboard/allknowingroger__Mistralmash1-7B-s-details is restricted and you are not in the authorized list. Visit https://huggingface.co/datasets/open-llm-leaderboard/allknowingroger__Mistralmash1-7B-s-details to ask for a",0
2026-07-08T22:04:59.166358+00:00,sampling,open-llm-leaderboard/Lil-R__2_PRYMMAL-ECE-2B-SLERP-V2-details,access_restricted,"403 Client Error. (Request ID: Root=1-6a4ec98b-2182265a57209ae8687e8dd3;a7db4be9-cf23-4072-8238-8c8ea9b89a97)

Cannot access gated repo for url https://huggingface.co/api/datasets/open-llm-leaderboard/Lil-R__2_PRYMMAL-ECE-2B-SLERP-V2-details/refs.
Access to dataset open-llm-leaderboard/Lil-R__2_PRYMMAL-ECE-2B-SLERP-V2-details is restricted and you are not in the authorized list. Visit https://huggingface.co/datasets/open-llm-leaderboard/Lil-R__2_PRYMMAL-ECE-2B-SLERP-V2-details to ask for access.",0
2026-07-08T22:04:59.336165+00:00,sampling,justincnn/Z1gL4eI0rm-Knpln86,access_restricted,"403 Client Error. (Request ID: Root=1-6a4ec98b-6515a9714edca3cd4aca261a;7dc0d10f-6c15-4acc-a460-b49f639e603e)

Cannot access gated repo for url https://huggingface.co/api/datasets/justincnn/Z1gL4eI0rm-Knpln86/refs.
Access to dataset justincnn/Z1gL4eI0rm-Knpln86 is restricted and you are not in the authorized list. Visit https://huggingface.co/datasets/justincnn/Z1gL4eI0rm-Knpln86 to ask for access.",0
2026-07-08T22:05:00.727159+00:00,sampling,another-symato/cate_law,access_restricted,"403 Client Error. (Request ID: Root=1-6a4ec98c-217e8c241bfd2f52342890c1;26b459d8-8bcd-44ed-9781-381d4b0070f9)

Cannot access gated repo for url https://huggingface.co/api/datasets/another-symato/cate_law/refs.
Access to dataset another-symato/cate_law is restricted and you are not in the authorized list. Visit https://huggingface.co/datasets/another-symato/cate_law to ask for access.",0
2026-07-08T22:05:02.060908+00:00,sampling,Alignement/Generalization_Tasks_eval_jailbreak,access_restricted,"403 Client Error. (Request ID: Root=1-6a4ec98d-70723f8647fba6bd6449937f;e881909d-d021-4277-81e6-5a84f2d28bfe)

Cannot access gated repo for url https://huggingface.co/api/datasets/Alignement/Generalization_Tasks_eval_jailbreak/refs.
Access to dataset Alignement/Generalization_Tasks_eval_jailbreak is restricted and you are not in the authorized list. Visit https://huggingface.co/datasets/Alignement/Generalization_Tasks_eval_jailbreak to ask for access.",0
2026-07-08T22:05:02.348690+00:00,sampling,heba1998/real-estate-data-for-llm-fine-tuning,access_restricted,"403 Client Error. (Request ID: Root=1-6a4ec98e-4a13fe2914ed9d443825b416;eafa827d-ca32-4c8d-9a53-092756635243)

Cannot access gated repo for url https://huggingface.co/api/datasets/heba1998/real-estate-data-for-llm-fine-tuning/refs.
Access to dataset heba1998/real-estate-data-for-llm-fine-tuning is restricted and you are not in the authorized list. Visit https://huggingface.co/datasets/heba1998/real-estate-data-for-llm-fine-tuning to ask for access.",0
2026-07-08T22:05:04.094134+00:00,sampling,WuJu0/fsh5JQmL5SqIBauY86,access_restricted,"403 Client Error. (Request ID: Root=1-6a4ec990-44584d9c210c94946a9b7d9c;897b061c-9153-42b3-a5e6-7e792949e2a2)

Cannot access gated repo for url https://huggingface.co/api/datasets/WuJu0/fsh5JQmL5SqIBauY86/refs.
Access to dataset WuJu0/fsh5JQmL5SqIBauY86 is restricted and you are not in the authorized list. Visit https://huggingface.co/datasets/WuJu0/fsh5JQmL5SqIBauY86 to ask for access.",0
2026-07-08T22:05:05.707458+00:00,sampling,HINT-lab/one_model_iter1_solver_tuned,access_restricted,"403 Client Error. (Request ID: Root=1-6a4ec991-0b3262b33d220c0a1ef7262e;b1a406d2-d0ba-45d7-bf06-49ef7721237d)

Cannot access gated repo for url https://huggingface.co/api/datasets/HINT-lab/one_model_iter1_solver_tuned/refs.
Access to dataset HINT-lab/one_model_iter1_solver_tuned is restricted and you are not in the authorized list. Visit https://huggingface.co/datasets/HINT-lab/one_model_iter1_solver_tuned to ask for access.",0
2026-07-08T22:05:06.464525+00:00,sampling,Rammadaeus/poc-segv-in-tflite-reinvoke-id000545sig11src011967time121359,access_restricted,"403 Client Error. (Request ID: Root=1-6a4ec992-376a7a0d369b2ec87c529519;feec8162-5f23-4a3b-883e-b26a121de5f2)

Cannot access gated repo for url https://huggingface.co/api/datasets/Rammadaeus/poc-segv-in-tflite-reinvoke-id000545sig11src011967time121359/refs.
Access to dataset Rammadaeus/poc-segv-in-tflite-reinvoke-id000545sig11src011967time121359 is restricted and you are not in the authorized list. Visit https://huggingface.co/datasets/Rammadaeus/poc-segv-in-tflite-reinvoke-id000545sig11src01196",0
2026-07-08T22:05:06.674913+00:00,sampling,aq1048576/sexism_filter_c37_10000_queries_100000_pairs_train_judgements-trl-messages,access_restricted,"403 Client Error. (Request ID: Root=1-6a4ec992-0e765ca87be0b76669a61a45;92aa8637-1556-4579-ba46-2f1b98998f7e)

Cannot access gated repo for url https://huggingface.co/api/datasets/aq1048576/sexism_filter_c37_10000_queries_100000_pairs_train_judgements-trl-messages/refs.
Access to dataset aq1048576/sexism_filter_c37_10000_queries_100000_pairs_train_judgements-trl-messages is restricted and you are not in the authorized list. Visit https://huggingface.co/datasets/aq1048576/sexism_filter_c37_10000_",0
2026-07-08T22:05:11.898080+00:00,sampling,rinabuoy/line-data-khmer-dense-2,access_restricted,"403 Client Error. (Request ID: Root=1-6a4ec997-4f6100145a9cc7f86f53e9aa;d8cbeadc-f766-449d-a48c-3a1e01dfa70b)

Cannot access gated repo for url https://huggingface.co/api/datasets/rinabuoy/line-data-khmer-dense-2/refs.
Access to dataset rinabuoy/line-data-khmer-dense-2 is restricted and you are not in the authorized list. Visit https://huggingface.co/datasets/rinabuoy/line-data-khmer-dense-2 to ask for access.",0
2026-07-08T22:05:14.482166+00:00,sampling,Jaehun/do_you_see_me,access_restricted,"403 Client Error. (Request ID: Root=1-6a4ec99a-7ec7ce7c33a8877b132ccf18;73168877-7602-4fdf-b3e0-36d75718496f)

Cannot access gated repo for url https://huggingface.co/api/datasets/Jaehun/do_you_see_me/refs.
Access to dataset Jaehun/do_you_see_me is restricted and you are not in the authorized list. Visit https://huggingface.co/datasets/Jaehun/do_you_see_me to ask for access.",0
2026-07-08T22:05:15.412936+00:00,sampling,minyichen/ultrachat_200k_oss,access_restricted,"403 Client Error. (Request ID: Root=1-6a4ec99b-38ec60d4798f4328230e8865;63563c11-6501-4eda-9928-fbbd2b6dc2fa)

Cannot access gated repo for url https://huggingface.co/api/datasets/minyichen/ultrachat_200k_oss/refs.
Access to dataset minyichen/ultrachat_200k_oss is restricted and you are not in the authorized list. Visit https://huggingface.co/datasets/minyichen/ultrachat_200k_oss to ask for access.",0
2026-07-08T22:05:15.862932+00:00,sampling,open-llm-leaderboard/rombodawg__Rombos-LLM-V2.5-Qwen-0.5b-details,access_restricted,"403 Client Error. (Request ID: Root=1-6a4ec99b-57914a6426e7dec839e7aba6;e54c8b13-0a6f-4ee6-9b6e-0b32d78992c0)

Cannot access gated repo for url https://huggingface.co/api/datasets/open-llm-leaderboard/rombodawg__Rombos-LLM-V2.5-Qwen-0.5b-details/refs.
Access to dataset open-llm-leaderboard/rombodawg__Rombos-LLM-V2.5-Qwen-0.5b-details is restricted and you are not in the authorized list. Visit https://huggingface.co/datasets/open-llm-leaderboard/rombodawg__Rombos-LLM-V2.5-Qwen-0.5b-details to ask",0
2026-07-08T22:05:16.367451+00:00,sampling,RM-TextMining/UU-RAG,access_restricted,"403 Client Error. (Request ID: Root=1-6a4ec99c-03dd30ef2b0f4bc9240311f5;7327ba69-de45-4248-b8e5-737ad232b778)

Cannot access gated repo for url https://huggingface.co/api/datasets/RM-TextMining/UU-RAG/refs.
Access to dataset RM-TextMining/UU-RAG is restricted and you are not in the authorized list. Visit https://huggingface.co/datasets/RM-TextMining/UU-RAG to ask for access.",0
2026-07-08T22:05:17.107020+00:00,sampling,chaiting/pk-7040-L4,access_restricted,"403 Client Error. (Request ID: Root=1-6a4ec99d-224cef633bc209283f3ffeba;a55cca11-eefb-420c-a2b5-85f6cdbbfa8f)

Cannot access gated repo for url https://huggingface.co/api/datasets/chaiting/pk-7040-L4/refs.
Access to dataset chaiting/pk-7040-L4 is restricted and you are not in the authorized list. Visit https://huggingface.co/datasets/chaiting/pk-7040-L4 to ask for access.",0
2026-07-08T22:05:17.247059+00:00,sampling,Karzan/wmt_t2t_ckb,access_restricted,"403 Client Error. (Request ID: Root=1-6a4ec99d-641c9a2952015e01165a28b7;2d9cd396-5028-491f-9497-16822d76ea15)

Cannot access gated repo for url https://huggingface.co/api/datasets/Karzan/wmt_t2t_ckb/refs.
Access to dataset Karzan/wmt_t2t_ckb is restricted and you are not in the authorized list. Visit https://huggingface.co/datasets/Karzan/wmt_t2t_ckb to ask for access.",0
2026-07-08T22:05:17.398780+00:00,sampling,nate-rahn/0617-wc_multi_attrs_info_rl_var0-rl_data,access_restricted,"403 Client Error. (Request ID: Root=1-6a4ec99d-398e427a6d7a791846393db8;e76d0390-d450-439b-b9f4-d61956f7fc1d)

Cannot access gated repo for url https://huggingface.co/api/datasets/nate-rahn/0617-wc_multi_attrs_info_rl_var0-rl_data/refs.
Access to dataset nate-rahn/0617-wc_multi_attrs_info_rl_var0-rl_data is restricted and you are not in the authorized list. Visit https://huggingface.co/datasets/nate-rahn/0617-wc_multi_attrs_info_rl_var0-rl_data to ask for access.",0
2026-07-08T22:05:18.747602+00:00,sampling,myduy/vnexpress_html_y_kien,access_restricted,"403 Client Error. (Request ID: Root=1-6a4ec99e-017f6d804f17ef536aef5a70;6e49139a-f2a8-4faf-8101-6b9077f46157)

Cannot access gated repo for url https://huggingface.co/api/datasets/myduy/vnexpress_html_y_kien/refs.
Access to dataset myduy/vnexpress_html_y_kien is restricted and you are not in the authorized list. Visit https://huggingface.co/datasets/myduy/vnexpress_html_y_kien to ask for access.",0
2026-07-08T22:05:21.135949+00:00,sampling,Zeyue7/music,access_restricted,"403 Client Error. (Request ID: Root=1-6a4ec9a1-38dea6c2518e72f10f7e17aa;caa3b694-b7ec-4a7a-adac-b12e0a88606b)

Cannot access gated repo for url https://huggingface.co/api/datasets/Zeyue7/music/refs.
Access to dataset Zeyue7/music is restricted and you are not in the authorized list. Visit https://huggingface.co/datasets/Zeyue7/music to ask for access.",0
2026-07-08T22:05:21.139176+00:00,sampling,Sarmistha/comp3,access_restricted,"403 Client Error. (Request ID: Root=1-6a4ec9a1-762c75222156fc50566a42ce;0229d100-3d5b-4895-97d3-d544b88f004c)

Cannot access gated repo for url https://huggingface.co/api/datasets/Sarmistha/comp3/refs.
Access to dataset Sarmistha/comp3 is restricted and you are not in the authorized list. Visit https://huggingface.co/datasets/Sarmistha/comp3 to ask for access.",0
2026-07-08T22:05:22.028274+00:00,sampling,UTokyo-FieldPhenomics-Lab/3DPotatoTwin,access_restricted,"403 Client Error. (Request ID: Root=1-6a4ec9a1-1b4403b11791bde11e24d769;b3d15280-95c5-4765-b0b1-53fd76527702)

Cannot access gated repo for url https://huggingface.co/api/datasets/UTokyo-FieldPhenomics-Lab/3DPotatoTwin/refs.
Access to dataset UTokyo-FieldPhenomics-Lab/3DPotatoTwin is restricted and you are not in the authorized list. Visit https://huggingface.co/datasets/UTokyo-FieldPhenomics-Lab/3DPotatoTwin to ask for access.",0
2026-07-08T22:05:22.295453+00:00,sampling,jp1924/SentimentAnalysisCorpus2020,access_restricted,"403 Client Error. (Request ID: Root=1-6a4ec9a2-7dc58bc9047fdd8050bf5211;98b9e5d1-d413-4192-a224-236a10cb3d99)

Cannot access gated repo for url https://huggingface.co/api/datasets/jp1924/SentimentAnalysisCorpus2020/refs.
Access to dataset jp1924/SentimentAnalysisCorpus2020 is restricted and you are not in the authorized list. Visit https://huggingface.co/datasets/jp1924/SentimentAnalysisCorpus2020 to ask for access.",0
2026-07-08T22:05:22.897110+00:00,sampling,azcorpus/azcorpus_v0,access_restricted,"403 Client Error. (Request ID: Root=1-6a4ec9a2-183d746d67d756d03f5b5e7f;7b891c54-fbe8-4e1d-9bb8-f0ec457c1d4f)

Cannot access gated repo for url https://huggingface.co/api/datasets/azcorpus/azcorpus_v0/refs.
Access to dataset azcorpus/azcorpus_v0 is restricted and you are not in the authorized list. Visit https://huggingface.co/datasets/azcorpus/azcorpus_v0 to ask for access.",0
2026-07-08T22:05:23.901150+00:00,sampling,psdn-ai/warehouse-kitting-samples,access_restricted,"403 Client Error. (Request ID: Root=1-6a4ec9a3-7b004ccf002718841c927ad0;4a2b5c08-8358-44d2-ad9b-25921b8693d5)

Cannot access gated repo for url https://huggingface.co/api/datasets/psdn-ai/warehouse-kitting-samples/refs.
Access to dataset psdn-ai/warehouse-kitting-samples is restricted and you are not in the authorized list. Visit https://huggingface.co/datasets/psdn-ai/warehouse-kitting-samples to ask for access.",0
2026-07-08T22:05:25.718023+00:00,sampling,voidful/earica_part_2,access_restricted,"403 Client Error. (Request ID: Root=1-6a4ec9a5-4423874553022068519394f6;7bd48087-5a74-4369-a69a-7fe398546b0b)

Cannot access gated repo for url https://huggingface.co/api/datasets/voidful/earica_part_2/refs.
Access to dataset voidful/earica_part_2 is restricted and you are not in the authorized list. Visit https://huggingface.co/datasets/voidful/earica_part_2 to ask for access.",0
2026-07-08T22:05:26.196007+00:00,sampling,open-llm-leaderboard/Nexesenex__Llama_3.1_8b_Smarteaz_V1.01-details,access_restricted,"403 Client Error. (Request ID: Root=1-6a4ec9a6-5009dda516fa307f03a56fee;ff1e396d-909a-4bb2-a892-b3f4b3d3427a)

Cannot access gated repo for url https://huggingface.co/api/datasets/open-llm-leaderboard/Nexesenex__Llama_3.1_8b_Smarteaz_V1.01-details/refs.
Access to dataset open-llm-leaderboard/Nexesenex__Llama_3.1_8b_Smarteaz_V1.01-details is restricted and you are not in the authorized list. Visit https://huggingface.co/datasets/open-llm-leaderboard/Nexesenex__Llama_3.1_8b_Smarteaz_V1.01-details ",0
2026-07-08T22:05:26.328551+00:00,sampling,Alignement/Arabic_cultural_dataset_processed_9b_mcq,access_restricted,"403 Client Error. (Request ID: Root=1-6a4ec9a6-4e8ca6610aad34b950cb926a;3ea8620f-8f77-458e-83f2-b4ff3847b7a3)

Cannot access gated repo for url https://huggingface.co/api/datasets/Alignement/Arabic_cultural_dataset_processed_9b_mcq/refs.
Access to dataset Alignement/Arabic_cultural_dataset_processed_9b_mcq is restricted and you are not in the authorized list. Visit https://huggingface.co/datasets/Alignement/Arabic_cultural_dataset_processed_9b_mcq to ask for access.",0
2026-07-08T22:05:27.919090+00:00,sampling,king-trio/lc_tCRa3hd3mjlyS43,access_restricted,"403 Client Error. (Request ID: Root=1-6a4ec9a7-7a8fd8e97e05a76836616cf2;44ad2973-1a62-466c-aa9c-b0a88f67cefd)

Cannot access gated repo for url https://huggingface.co/api/datasets/king-trio/lc_tCRa3hd3mjlyS43/refs.
Access to dataset king-trio/lc_tCRa3hd3mjlyS43 is restricted and you are not in the authorized list. Visit https://huggingface.co/datasets/king-trio/lc_tCRa3hd3mjlyS43 to ask for access.",0
2026-07-08T22:05:29.967435+00:00,sampling,chaiting/storyPro_p15,access_restricted,"403 Client Error. (Request ID: Root=1-6a4ec9a9-68925b330d16de1a66c4b66e;b7054695-6808-4b40-b308-b25247ee3370)

Cannot access gated repo for url https://huggingface.co/api/datasets/chaiting/storyPro_p15/refs.
Access to dataset chaiting/storyPro_p15 is restricted and you are not in the authorized list. Visit https://huggingface.co/datasets/chaiting/storyPro_p15 to ask for access.",0
2026-07-08T22:05:30.501006+00:00,sampling,chaiting/pk-4170-L4,access_restricted,"403 Client Error. (Request ID: Root=1-6a4ec9aa-72a77f7773ab93913292a3c3;7e1f5542-a7a3-46da-80db-f0f1916fbfa8)

Cannot access gated repo for url https://huggingface.co/api/datasets/chaiting/pk-4170-L4/refs.
Access to dataset chaiting/pk-4170-L4 is restricted and you are not in the authorized list. Visit https://huggingface.co/datasets/chaiting/pk-4170-L4 to ask for access.",0
2026-07-08T22:05:30.846276+00:00,sampling,open-llm-leaderboard/netcat420__qwen2.5-MFANN-7b-v1.1-details,access_restricted,"403 Client Error. (Request ID: Root=1-6a4ec9aa-61a5bc880c510f730c2e8048;31c7ead0-cdda-4fa2-93f6-47c23461980b)

Cannot access gated repo for url https://huggingface.co/api/datasets/open-llm-leaderboard/netcat420__qwen2.5-MFANN-7b-v1.1-details/refs.
Access to dataset open-llm-leaderboard/netcat420__qwen2.5-MFANN-7b-v1.1-details is restricted and you are not in the authorized list. Visit https://huggingface.co/datasets/open-llm-leaderboard/netcat420__qwen2.5-MFANN-7b-v1.1-details to ask for access.",0
2026-07-08T22:05:31.246663+00:00,sampling,krishan-CSE/HatEval-Relabeled,access_restricted,"403 Client Error. (Request ID: Root=1-6a4ec9ab-44c1ce3c45ff010a5fd06396;ca8f9890-ac88-4afc-8e23-c32f07839521)

Cannot access gated repo for url https://huggingface.co/api/datasets/krishan-CSE/HatEval-Relabeled/refs.
Access to dataset krishan-CSE/HatEval-Relabeled is restricted and you are not in the authorized list. Visit https://huggingface.co/datasets/krishan-CSE/HatEval-Relabeled to ask for access.",0
2026-07-08T22:05:33.374655+00:00,sampling,open-llm-leaderboard/LeroyDyer___Spydaz_Web_AI_AGI_R1_MUSR-details,access_restricted,"403 Client Error. (Request ID: Root=1-6a4ec9ad-65549f153a8618af1e87f41c;9a311210-67b0-461a-8e3e-d088f6c56143)

Cannot access gated repo for url https://huggingface.co/api/datasets/open-llm-leaderboard/LeroyDyer___Spydaz_Web_AI_AGI_R1_MUSR-details/refs.
Access to dataset open-llm-leaderboard/LeroyDyer___Spydaz_Web_AI_AGI_R1_MUSR-details is restricted and you are not in the authorized list. Visit https://huggingface.co/datasets/open-llm-leaderboard/LeroyDyer___Spydaz_Web_AI_AGI_R1_MUSR-details to ",0
2026-07-08T22:05:33.390688+00:00,sampling,GanitLLM/tmp_4_tagged_difficulty,access_restricted,"403 Client Error. (Request ID: Root=1-6a4ec9ad-07cf79347b67dba50f540b0b;31b30162-7bf9-476d-9d90-7913f01a9870)

Cannot access gated repo for url https://huggingface.co/api/datasets/GanitLLM/tmp_4_tagged_difficulty/refs.
Access to dataset GanitLLM/tmp_4_tagged_difficulty is restricted and you are not in the authorized list. Visit https://huggingface.co/datasets/GanitLLM/tmp_4_tagged_difficulty to ask for access.",0
2026-07-08T22:05:34.107721+00:00,sampling,skssai/web-data,access_restricted,"403 Client Error. (Request ID: Root=1-6a4ec9ae-5dff01252b8513dd2337c089;ad4563e5-140c-4ab9-a39f-365deae4139d)

Cannot access gated repo for url https://huggingface.co/api/datasets/skssai/web-data/refs.
Access to dataset skssai/web-data is restricted and you are not in the authorized list. Visit https://huggingface.co/datasets/skssai/web-data to ask for access.",0
2026-07-08T22:05:34.787080+00:00,sampling,kneth90/s2tkp_dataset_part_2,access_restricted,"403 Client Error. (Request ID: Root=1-6a4ec9ae-4a25365d0ea9705914e76f8b;31731f82-2c1d-458a-924a-d19dd2971e99)

Cannot access gated repo for url https://huggingface.co/api/datasets/kneth90/s2tkp_dataset_part_2/refs.
Access to dataset kneth90/s2tkp_dataset_part_2 is restricted and you are not in the authorized list. Visit https://huggingface.co/datasets/kneth90/s2tkp_dataset_part_2 to ask for access.",0
2026-07-08T22:05:34.958777+00:00,sampling,open-llm-leaderboard/lemon07r__Gemma-2-Ataraxy-v3i-9B-details,access_restricted,"403 Client Error. (Request ID: Root=1-6a4ec9ae-1efbed1932dd228054b56d8e;1ffdff8e-b281-4839-92bc-ec725ed6e0f3)

Cannot access gated repo for url https://huggingface.co/api/datasets/open-llm-leaderboard/lemon07r__Gemma-2-Ataraxy-v3i-9B-details/refs.
Access to dataset open-llm-leaderboard/lemon07r__Gemma-2-Ataraxy-v3i-9B-details is restricted and you are not in the authorized list. Visit https://huggingface.co/datasets/open-llm-leaderboard/lemon07r__Gemma-2-Ataraxy-v3i-9B-details to ask for access.",0
2026-07-08T22:27:31.861551+00:00,sampling,MechIntelligence/manufacturing-digital-gene-dataset,access_restricted,"403 Client Error. (Request ID: Root=1-6a4eced3-7f8cc6123ec91fd60a5fc3da;2abd54d7-51d7-4fda-8215-24eb04d35e55)

Cannot access gated repo for url https://huggingface.co/api/datasets/MechIntelligence/manufacturing-digital-gene-dataset/refs.
Access to dataset MechIntelligence/manufacturing-digital-gene-dataset is restricted and you are not in the authorized list. Visit https://huggingface.co/datasets/MechIntelligence/manufacturing-digital-gene-dataset to ask for access.",0
2026-07-08T22:27:31.923443+00:00,sampling,nvidia/Nemotron-Pretraining-Code-v2,access_restricted,"403 Client Error. (Request ID: Root=1-6a4eced3-079d495b592b5de400f52982;d57575b5-ee4c-48e0-b066-fd27ecfe5da1)

Cannot access gated repo for url https://huggingface.co/api/datasets/nvidia/Nemotron-Pretraining-Code-v2/refs.
Access to dataset nvidia/Nemotron-Pretraining-Code-v2 is restricted and you are not in the authorized list. Visit https://huggingface.co/datasets/nvidia/Nemotron-Pretraining-Code-v2 to ask for access.",0
2026-07-08T22:27:32.030668+00:00,sampling,histai/HISTAI-breast,access_restricted,"403 Client Error. (Request ID: Root=1-6a4eced3-5f1b75e153b6c37b4020bd20;fdacd0bb-6a7a-43ae-b5f5-ff484d072c5b)

Cannot access gated repo for url https://huggingface.co/api/datasets/histai/HISTAI-breast/refs.
Access to dataset histai/HISTAI-breast is restricted and you are not in the authorized list. Visit https://huggingface.co/datasets/histai/HISTAI-breast to ask for access.",0
2026-07-08T22:27:32.369440+00:00,sampling,pkupie/mc2_corpus,access_restricted,"403 Client Error. (Request ID: Root=1-6a4eced4-2815338e507b34c725850675;e06c5753-7c2b-47bb-8e4f-4160d9ec515d)

Cannot access gated repo for url https://huggingface.co/api/datasets/pkupie/mc2_corpus/refs.
Access to dataset pkupie/mc2_corpus is restricted and you are not in the authorized list. Visit https://huggingface.co/datasets/pkupie/mc2_corpus to ask for access.",0
2026-07-08T22:27:32.827230+00:00,sampling,rajpurkarlab/ReXVQA,access_restricted,"403 Client Error. (Request ID: Root=1-6a4eced4-3d36c463122dab7d7b8ca657;cb0d6a1e-ff90-4be3-8745-c52465905384)

Cannot access gated repo for url https://huggingface.co/api/datasets/rajpurkarlab/ReXVQA/refs.
Access to dataset rajpurkarlab/ReXVQA is restricted and you are not in the authorized list. Visit https://huggingface.co/datasets/rajpurkarlab/ReXVQA to ask for access.",0
2026-07-08T22:27:33.060148+00:00,sampling,NhutP/VietSpeech,access_restricted,"403 Client Error. (Request ID: Root=1-6a4eced4-679b22087be5ea6519a28f1f;c839cfe7-c08e-4a4a-af32-764e730cadad)

Cannot access gated repo for url https://huggingface.co/api/datasets/NhutP/VietSpeech/refs.
Access to dataset NhutP/VietSpeech is restricted and you are not in the authorized list. Visit https://huggingface.co/datasets/NhutP/VietSpeech to ask for access.",0
2026-07-08T22:39:40.064793+00:00,sampling,open-llm-leaderboard/llnYou__ECE-PRYMMAL-YL-3B-SLERP-V3-details,access_restricted,"403 Client Error. (Request ID: Root=1-6a4ed1ab-0a84b384261067711fc7d058;f4be0eeb-5734-4d97-bbd2-037cdf815a7a)

Cannot access gated repo for url https://huggingface.co/api/datasets/open-llm-leaderboard/llnYou__ECE-PRYMMAL-YL-3B-SLERP-V3-details/refs.
Access to dataset open-llm-leaderboard/llnYou__ECE-PRYMMAL-YL-3B-SLERP-V3-details is restricted and you are not in the authorized list. Visit https://huggingface.co/datasets/open-llm-leaderboard/llnYou__ECE-PRYMMAL-YL-3B-SLERP-V3-details to ask for a",0
2026-07-08T22:39:40.196120+00:00,sampling,JaclLe/tR9P9jXZGE5zu8KE107,access_restricted,"403 Client Error. (Request ID: Root=1-6a4ed1ac-7c8c54ae448aeb043c7d1577;e9a3da43-3687-4bcf-a8ce-1bb867ec270e)

Cannot access gated repo for url https://huggingface.co/api/datasets/JaclLe/tR9P9jXZGE5zu8KE107/refs.
Access to dataset JaclLe/tR9P9jXZGE5zu8KE107 is restricted and you are not in the authorized list. Visit https://huggingface.co/datasets/JaclLe/tR9P9jXZGE5zu8KE107 to ask for access.",0
2026-07-08T22:39:40.439723+00:00,sampling,Nalandadata/NalandaJEENEETBench,access_restricted,"403 Client Error. (Request ID: Root=1-6a4ed1ac-356b7e5843bf779e1711d14f;d589491a-0272-4ff6-8386-0d57d39e2f48)

Cannot access gated repo for url https://huggingface.co/api/datasets/Nalandadata/NalandaJEENEETBench/refs.
Access to dataset Nalandadata/NalandaJEENEETBench is restricted and you are not in the authorized list. Visit https://huggingface.co/datasets/Nalandadata/NalandaJEENEETBench to ask for access.",0
2026-07-08T22:39:40.644461+00:00,sampling,itqpek91706/eZ83e-MbqcKOBmnv64,access_restricted,"403 Client Error. (Request ID: Root=1-6a4ed1ac-223a318a7b2854eb7786e5c0;29e2d056-bdd0-41d5-9ddf-2bcc54fce67b)

Cannot access gated repo for url https://huggingface.co/api/datasets/itqpek91706/eZ83e-MbqcKOBmnv64/refs.
Access to dataset itqpek91706/eZ83e-MbqcKOBmnv64 is restricted and you are not in the authorized list. Visit https://huggingface.co/datasets/itqpek91706/eZ83e-MbqcKOBmnv64 to ask for access.",0
2026-07-08T22:39:41.065861+00:00,sampling,cosigner/BDsAm4kQ2FAyFEsKn0QXXw,access_restricted,"403 Client Error. (Request ID: Root=1-6a4ed1ac-575854e27b90eed6547308fe;5f3e04a6-de15-4da7-a353-f77f2d40f518)

Cannot access gated repo for url https://huggingface.co/api/datasets/cosigner/BDsAm4kQ2FAyFEsKn0QXXw/refs.
Access to dataset cosigner/BDsAm4kQ2FAyFEsKn0QXXw is restricted and you are not in the authorized list. Visit https://huggingface.co/datasets/cosigner/BDsAm4kQ2FAyFEsKn0QXXw to ask for access.",0
2026-07-08T22:39:41.764805+00:00,sampling,Mindgard/evaded-prompt-injection-and-jailbreak-samples,access_restricted,"403 Client Error. (Request ID: Root=1-6a4ed1ad-5d2a0f7103d1c0623f373727;ca477407-5552-4935-bd75-4db880545ffb)

Cannot access gated repo for url https://huggingface.co/api/datasets/Mindgard/evaded-prompt-injection-and-jailbreak-samples/refs.
Access to dataset Mindgard/evaded-prompt-injection-and-jailbreak-samples is restricted and you are not in the authorized list. Visit https://huggingface.co/datasets/Mindgard/evaded-prompt-injection-and-jailbreak-samples to ask for access.",0
2026-07-08T22:39:42.533782+00:00,sampling,yaninsanity/QWHYhd9boyYOeTAU64,access_restricted,"403 Client Error. (Request ID: Root=1-6a4ed1ae-7f60fc654804ddea698950bc;7a6ecc7d-36b1-42b7-8368-bb3d65b5dd47)

Cannot access gated repo for url https://huggingface.co/api/datasets/yaninsanity/QWHYhd9boyYOeTAU64/refs.
Access to dataset yaninsanity/QWHYhd9boyYOeTAU64 is restricted and you are not in the authorized list. Visit https://huggingface.co/datasets/yaninsanity/QWHYhd9boyYOeTAU64 to ask for access.",0
2026-07-08T22:39:43.725288+00:00,sampling,ozmy2e38/4pCWp-OWrv4ZL4o664,access_restricted,"403 Client Error. (Request ID: Root=1-6a4ed1af-1497fdfb784090117e73e862;12c4713d-9ec1-49be-b2fe-0016ca31d87e)

Cannot access gated repo for url https://huggingface.co/api/datasets/ozmy2e38/4pCWp-OWrv4ZL4o664/refs.
Access to dataset ozmy2e38/4pCWp-OWrv4ZL4o664 is restricted and you are not in the authorized list. Visit https://huggingface.co/datasets/ozmy2e38/4pCWp-OWrv4ZL4o664 to ask for access.",0
2026-07-08T22:39:44.130563+00:00,sampling,itsadeel/mobile-ner-dataset,access_restricted,"403 Client Error. (Request ID: Root=1-6a4ed1b0-3aada04100ee98f95d8a9aa6;4f01aa18-e944-420a-b72e-e63e59354b61)

Cannot access gated repo for url https://huggingface.co/api/datasets/itsadeel/mobile-ner-dataset/refs.
Access to dataset itsadeel/mobile-ner-dataset is restricted and you are not in the authorized list. Visit https://huggingface.co/datasets/itsadeel/mobile-ner-dataset to ask for access.",0
2026-07-08T22:39:44.352859+00:00,sampling,GoldenGold/H_Qfd4l32Bpj9rrB86,access_restricted,"403 Client Error. (Request ID: Root=1-6a4ed1b0-5196792d1d596d1c1529606b;22d0c3e3-7ac9-4208-9ecd-b919e8f772ca)

Cannot access gated repo for url https://huggingface.co/api/datasets/GoldenGold/H_Qfd4l32Bpj9rrB86/refs.
Access to dataset GoldenGold/H_Qfd4l32Bpj9rrB86 is restricted and you are not in the authorized list. Visit https://huggingface.co/datasets/GoldenGold/H_Qfd4l32Bpj9rrB86 to ask for access.",0
2026-07-08T22:39:45.544050+00:00,sampling,CASDATA/cas_data,access_restricted,"403 Client Error. (Request ID: Root=1-6a4ed1b1-307e15005314624901945ffa;9b84b458-1362-4d30-8df0-82500790f2c4)

Cannot access gated repo for url https://huggingface.co/api/datasets/CASDATA/cas_data/refs.
Access to dataset CASDATA/cas_data is restricted and you are not in the authorized list. Visit https://huggingface.co/datasets/CASDATA/cas_data to ask for access.",0
2026-07-08T22:39:46.149347+00:00,sampling,JaclLe/RgTKPmKYhkCjeDZX86,access_restricted,"403 Client Error. (Request ID: Root=1-6a4ed1b2-5c89fe9862242851602692b3;21554657-247d-4d3e-a430-68e8024b25ae)

Cannot access gated repo for url https://huggingface.co/api/datasets/JaclLe/RgTKPmKYhkCjeDZX86/refs.
Access to dataset JaclLe/RgTKPmKYhkCjeDZX86 is restricted and you are not in the authorized list. Visit https://huggingface.co/datasets/JaclLe/RgTKPmKYhkCjeDZX86 to ask for access.",0
2026-07-08T22:39:48.842404+00:00,sampling,anpaure/0aeU3K2f6pO_CVRL64,access_restricted,"403 Client Error. (Request ID: Root=1-6a4ed1b4-6341fbc61a55987e6596d4e3;4670f176-ad43-4098-ac53-962f27c18935)

Cannot access gated repo for url https://huggingface.co/api/datasets/anpaure/0aeU3K2f6pO_CVRL64/refs.
Access to dataset anpaure/0aeU3K2f6pO_CVRL64 is restricted and you are not in the authorized list. Visit https://huggingface.co/datasets/anpaure/0aeU3K2f6pO_CVRL64 to ask for access.",0
2026-07-08T22:39:50.373515+00:00,sampling,LT3/LoveHate.RU,access_restricted,"403 Client Error. (Request ID: Root=1-6a4ed1b6-172f82b36d9932073497d170;d10cf531-f38b-4de6-a870-8b4de82cf7b4)

Cannot access gated repo for url https://huggingface.co/api/datasets/LT3/LoveHate.RU/refs.
Access to dataset LT3/LoveHate.RU is restricted and you are not in the authorized list. Visit https://huggingface.co/datasets/LT3/LoveHate.RU to ask for access.",0
2026-07-08T22:39:50.601210+00:00,sampling,cver91/20260213,access_restricted,"403 Client Error. (Request ID: Root=1-6a4ed1b6-0f877b611c2473960271fadf;128164c5-bb72-47ea-8841-a136906fb9e4)

Cannot access gated repo for url https://huggingface.co/api/datasets/cver91/20260213/refs.
Access to dataset cver91/20260213 is restricted and you are not in the authorized list. Visit https://huggingface.co/datasets/cver91/20260213 to ask for access.",0
2026-07-08T22:39:51.712527+00:00,sampling,thunder-research-group/SNU_Thunder-synthetic-instruction-following,access_restricted,"403 Client Error. (Request ID: Root=1-6a4ed1b7-259a51373aa18b1e5f05c4e5;8b5e7bf1-e8a4-423a-9c51-5453a4e03562)

Cannot access gated repo for url https://huggingface.co/api/datasets/thunder-research-group/SNU_Thunder-synthetic-instruction-following/refs.
Access to dataset thunder-research-group/SNU_Thunder-synthetic-instruction-following is restricted and you are not in the authorized list. Visit https://huggingface.co/datasets/thunder-research-group/SNU_Thunder-synthetic-instruction-following to ",0
2026-07-08T22:39:54.073287+00:00,sampling,naive-puzzle/novel-daysneo-wip,access_restricted,"403 Client Error. (Request ID: Root=1-6a4ed1b9-764f84c60b7c42a9004b2e60;41d7c2d8-b1f1-4557-b2bc-82036b7c652e)

Cannot access gated repo for url https://huggingface.co/api/datasets/naive-puzzle/novel-daysneo-wip/refs.
Access to dataset naive-puzzle/novel-daysneo-wip is restricted and you are not in the authorized list. Visit https://huggingface.co/datasets/naive-puzzle/novel-daysneo-wip to ask for access.",0
2026-07-08T22:39:55.257213+00:00,sampling,chaiting/pk-8628-L6,access_restricted,"403 Client Error. (Request ID: Root=1-6a4ed1bb-536e3f721d9182497914c1aa;7dfba766-4fc5-4f52-8f67-443b847eccb0)

Cannot access gated repo for url https://huggingface.co/api/datasets/chaiting/pk-8628-L6/refs.
Access to dataset chaiting/pk-8628-L6 is restricted and you are not in the authorized list. Visit https://huggingface.co/datasets/chaiting/pk-8628-L6 to ask for access.",0
2026-07-08T22:39:55.277249+00:00,sampling,Oceanveo/KUAVO-4PRO-Task,access_restricted,"403 Client Error. (Request ID: Root=1-6a4ed1bb-0b52c78c38fef9947b96732f;d174029f-1314-4b03-ad08-ad11871cc366)

Cannot access gated repo for url https://huggingface.co/api/datasets/Oceanveo/KUAVO-4PRO-Task/refs.
Access to dataset Oceanveo/KUAVO-4PRO-Task is restricted and you are not in the authorized list. Visit https://huggingface.co/datasets/Oceanveo/KUAVO-4PRO-Task to ask for access.",0
2026-07-08T22:39:55.379249+00:00,sampling,lbourdois/radios_et_podcasts_en_ligne_26,access_restricted,"403 Client Error. (Request ID: Root=1-6a4ed1bb-70735fe0162c3d4e2918d655;79c2664c-a74e-4afd-a683-7bc5905b35f2)

Cannot access gated repo for url https://huggingface.co/api/datasets/lbourdois/radios_et_podcasts_en_ligne_26/refs.
Access to dataset lbourdois/radios_et_podcasts_en_ligne_26 is restricted and you are not in the authorized list. Visit https://huggingface.co/datasets/lbourdois/radios_et_podcasts_en_ligne_26 to ask for access.",0
2026-07-08T22:39:57.027900+00:00,sampling,soda-research/yodas2-mm-pretrain,access_restricted,"403 Client Error. (Request ID: Root=1-6a4ed1bc-31243f3e707036f95e9f3b53;0275d30d-e857-4d8c-85ab-77c1d070c64b)

Cannot access gated repo for url https://huggingface.co/api/datasets/soda-research/yodas2-mm-pretrain/refs.
Access to dataset soda-research/yodas2-mm-pretrain is restricted and you are not in the authorized list. Visit https://huggingface.co/datasets/soda-research/yodas2-mm-pretrain to ask for access.",0
2026-07-08T22:39:57.713467+00:00,sampling,AlekseyKorshuk/vicuna-v0-lmgym,access_restricted,"403 Client Error. (Request ID: Root=1-6a4ed1bd-42f3406e7416a6d36a6f6585;d649d5a7-7b0a-4639-8154-bfda04a48a92)

Cannot access gated repo for url https://huggingface.co/api/datasets/AlekseyKorshuk/vicuna-v0-lmgym/refs.
Access to dataset AlekseyKorshuk/vicuna-v0-lmgym is restricted and you are not in the authorized list. Visit https://huggingface.co/datasets/AlekseyKorshuk/vicuna-v0-lmgym to ask for access.",0
2026-07-08T22:39:57.859141+00:00,sampling,CitrusBoy/NewsArticles,access_restricted,"403 Client Error. (Request ID: Root=1-6a4ed1bd-73c1a5a421f0e598405cf385;5b4cd833-6654-462a-80f1-61568b31708d)

Cannot access gated repo for url https://huggingface.co/api/datasets/CitrusBoy/NewsArticles/refs.
Access to dataset CitrusBoy/NewsArticles is restricted and you are not in the authorized list. Visit https://huggingface.co/datasets/CitrusBoy/NewsArticles to ask for access.",0
2026-07-08T22:39:59.223803+00:00,sampling,finemath/amps,access_restricted,"403 Client Error. (Request ID: Root=1-6a4ed1bf-0fb70a1103382bf63c7b54ed;82d52180-4c3c-40bb-8150-28a40692e21a)

Cannot access gated repo for url https://huggingface.co/api/datasets/finemath/amps/refs.
Access to dataset finemath/amps is restricted and you are not in the authorized list. Visit https://huggingface.co/datasets/finemath/amps to ask for access.",0
2026-07-08T22:40:00.495586+00:00,sampling,AdoCleanCode/audio_edit6_tikgpu08_1761497176_2080404,access_restricted,"403 Client Error. (Request ID: Root=1-6a4ed1c0-52eb3d3b7e9a47040f2f600e;db5cb002-64d9-4cab-b276-2bd3bd04e678)

Cannot access gated repo for url https://huggingface.co/api/datasets/AdoCleanCode/audio_edit6_tikgpu08_1761497176_2080404/refs.
Access to dataset AdoCleanCode/audio_edit6_tikgpu08_1761497176_2080404 is restricted and you are not in the authorized list. Visit https://huggingface.co/datasets/AdoCleanCode/audio_edit6_tikgpu08_1761497176_2080404 to ask for access.",0
2026-07-08T22:40:01.418000+00:00,sampling,open-llm-leaderboard/sometimesanotion__Qwenvergence-14B-v9-details,access_restricted,"403 Client Error. (Request ID: Root=1-6a4ed1c1-13ccfa846856e4925a313fca;747c86dd-511a-4bc3-88bb-a4b98d0543fd)

Cannot access gated repo for url https://huggingface.co/api/datasets/open-llm-leaderboard/sometimesanotion__Qwenvergence-14B-v9-details/refs.
Access to dataset open-llm-leaderboard/sometimesanotion__Qwenvergence-14B-v9-details is restricted and you are not in the authorized list. Visit https://huggingface.co/datasets/open-llm-leaderboard/sometimesanotion__Qwenvergence-14B-v9-details to ",0
2026-07-08T22:40:01.481533+00:00,sampling,chaiting/pk-7098-L2,access_restricted,"403 Client Error. (Request ID: Root=1-6a4ed1c1-2456e4c57a167edd662ad808;77368cc8-0f89-41a5-9d08-04fc3ea5226b)

Cannot access gated repo for url https://huggingface.co/api/datasets/chaiting/pk-7098-L2/refs.
Access to dataset chaiting/pk-7098-L2 is restricted and you are not in the authorized list. Visit https://huggingface.co/datasets/chaiting/pk-7098-L2 to ask for access.",0
2026-07-08T22:40:02.210206+00:00,sampling,arolstar52/yyy,access_restricted,"403 Client Error. (Request ID: Root=1-6a4ed1c2-5d7855e73a891ced2939ef75;55291565-5112-4e55-b214-4371f4741c3b)

Cannot access gated repo for url https://huggingface.co/api/datasets/arolstar52/yyy/refs.
Access to dataset arolstar52/yyy is restricted and you are not in the authorized list. Visit https://huggingface.co/datasets/arolstar52/yyy to ask for access.",0
2026-07-08T22:40:04.146380+00:00,sampling,JackLeoop/grRi4Gl31uRDkr7_64,access_restricted,"403 Client Error. (Request ID: Root=1-6a4ed1c4-755ab6e10d30420226d4be8a;9ab8c405-3c7e-4ee7-a900-fc7d853520a4)

Cannot access gated repo for url https://huggingface.co/api/datasets/JackLeoop/grRi4Gl31uRDkr7_64/refs.
Access to dataset JackLeoop/grRi4Gl31uRDkr7_64 is restricted and you are not in the authorized list. Visit https://huggingface.co/datasets/JackLeoop/grRi4Gl31uRDkr7_64 to ask for access.",0
2026-07-08T22:40:04.417875+00:00,sampling,nate-rahn/0620-wc_multi_attrs_non_adv_no_sexism_vanilla_rl_data,access_restricted,"403 Client Error. (Request ID: Root=1-6a4ed1c4-2acd18f16ee2427a154aa0b6;f2e0c0ec-4fad-4639-aa25-0018ff74c214)

Cannot access gated repo for url https://huggingface.co/api/datasets/nate-rahn/0620-wc_multi_attrs_non_adv_no_sexism_vanilla_rl_data/refs.
Access to dataset nate-rahn/0620-wc_multi_attrs_non_adv_no_sexism_vanilla_rl_data is restricted and you are not in the authorized list. Visit https://huggingface.co/datasets/nate-rahn/0620-wc_multi_attrs_non_adv_no_sexism_vanilla_rl_data to ask for a",0
2026-07-08T22:40:04.889208+00:00,sampling,Ciros/eXV5dWhha3VzaG8,access_restricted,"403 Client Error. (Request ID: Root=1-6a4ed1c4-4324a6620ff8f0794642823a;943b379b-f238-4b7e-9bcd-a42bd838f79d)

Cannot access gated repo for url https://huggingface.co/api/datasets/Ciros/eXV5dWhha3VzaG8/refs.
Access to dataset Ciros/eXV5dWhha3VzaG8 is restricted and you are not in the authorized list. Visit https://huggingface.co/datasets/Ciros/eXV5dWhha3VzaG8 to ask for access.",0
2026-07-08T22:40:07.104012+00:00,sampling,AdoCleanCode/librispeech_audio_edit_libbri_v1_tikgpu08_1761733519_1591308,access_restricted,"403 Client Error. (Request ID: Root=1-6a4ed1c7-3d44198c70c0182321d19bc0;6a11bee0-8fa5-4cac-8ab4-61b5c61d00bc)

Cannot access gated repo for url https://huggingface.co/api/datasets/AdoCleanCode/librispeech_audio_edit_libbri_v1_tikgpu08_1761733519_1591308/refs.
Access to dataset AdoCleanCode/librispeech_audio_edit_libbri_v1_tikgpu08_1761733519_1591308 is restricted and you are not in the authorized list. Visit https://huggingface.co/datasets/AdoCleanCode/librispeech_audio_edit_libbri_v1_tikgpu08_1",0
2026-07-08T22:40:09.703323+00:00,sampling,fw407/vtab-1k_clevr_count,access_restricted,"403 Client Error. (Request ID: Root=1-6a4ed1c9-59198f7147a2f92c1113053d;f18e58b6-0b42-4428-b991-c7afe5112d89)

Cannot access gated repo for url https://huggingface.co/api/datasets/fw407/vtab-1k_clevr_count/refs.
Access to dataset fw407/vtab-1k_clevr_count is restricted and you are not in the authorized list. Visit https://huggingface.co/datasets/fw407/vtab-1k_clevr_count to ask for access.",0
2026-07-08T22:40:10.239349+00:00,sampling,monopoly01/NEGMmN-eLkkhWIbS43,access_restricted,"403 Client Error. (Request ID: Root=1-6a4ed1ca-019d7ce117f6197f6b16bc2a;1ef76e8b-cd2e-4a63-98a1-c86ed6aaef56)

Cannot access gated repo for url https://huggingface.co/api/datasets/monopoly01/NEGMmN-eLkkhWIbS43/refs.
Access to dataset monopoly01/NEGMmN-eLkkhWIbS43 is restricted and you are not in the authorized list. Visit https://huggingface.co/datasets/monopoly01/NEGMmN-eLkkhWIbS43 to ask for access.",0
2026-07-08T22:40:15.052871+00:00,sampling,tensorvalley/instructed_lint_python_files,access_restricted,"403 Client Error. (Request ID: Root=1-6a4ed1ce-1bb75f1003c8a5205a2a6a48;aaa3349f-fce4-44d2-a4f9-22c32252cec6)

Cannot access gated repo for url https://huggingface.co/api/datasets/tensorvalley/instructed_lint_python_files/refs.
Access to dataset tensorvalley/instructed_lint_python_files is restricted and you are not in the authorized list. Visit https://huggingface.co/datasets/tensorvalley/instructed_lint_python_files to ask for access.",0
2026-07-08T22:40:15.657801+00:00,sampling,Gyubeum/AndroidFlux_Failure_Recovery_Eval,access_restricted,"403 Client Error. (Request ID: Root=1-6a4ed1cf-17ec98d46b49e31568150643;b43b754f-ebb5-460b-a93b-95e8a3dfcc01)

Cannot access gated repo for url https://huggingface.co/api/datasets/Gyubeum/AndroidFlux_Failure_Recovery_Eval/refs.
Access to dataset Gyubeum/AndroidFlux_Failure_Recovery_Eval is restricted and you are not in the authorized list. Visit https://huggingface.co/datasets/Gyubeum/AndroidFlux_Failure_Recovery_Eval to ask for access.",0
2026-07-08T22:40:16.076006+00:00,sampling,submission19025/ProactiveBench,access_restricted,"403 Client Error. (Request ID: Root=1-6a4ed1cf-6bba104e2b566df9241c7cfd;b2c96cf2-456b-49ff-8e98-b3c24a9443ac)

Cannot access gated repo for url https://huggingface.co/api/datasets/submission19025/ProactiveBench/refs.
Access to dataset submission19025/ProactiveBench is restricted and you are not in the authorized list. Visit https://huggingface.co/datasets/submission19025/ProactiveBench to ask for access.",0
2026-07-08T22:40:17.734670+00:00,sampling,pkhp2019/data_27,access_restricted,"403 Client Error. (Request ID: Root=1-6a4ed1d1-2a04f9b1071d37b75f3f62c6;9bbb35f8-0da7-48c1-9ac9-ede0e57ee742)

Cannot access gated repo for url https://huggingface.co/api/datasets/pkhp2019/data_27/refs.
Access to dataset pkhp2019/data_27 is restricted and you are not in the authorized list. Visit https://huggingface.co/datasets/pkhp2019/data_27 to ask for access.",0
2026-07-08T22:40:18.006049+00:00,sampling,open-llm-leaderboard/princeton-nlp__Llama-3-Base-8B-SFT-DPO-details,access_restricted,"403 Client Error. (Request ID: Root=1-6a4ed1d1-17b97c582de3c3fa2a744a5a;15c447a8-f5d2-4043-b66e-9d213a6178ba)

Cannot access gated repo for url https://huggingface.co/api/datasets/open-llm-leaderboard/princeton-nlp__Llama-3-Base-8B-SFT-DPO-details/refs.
Access to dataset open-llm-leaderboard/princeton-nlp__Llama-3-Base-8B-SFT-DPO-details is restricted and you are not in the authorized list. Visit https://huggingface.co/datasets/open-llm-leaderboard/princeton-nlp__Llama-3-Base-8B-SFT-DPO-details ",0
2026-07-08T22:40:18.115126+00:00,sampling,HuangQIjun/eai-simulator-assets,access_restricted,"403 Client Error. (Request ID: Root=1-6a4ed1d2-7be7b9e0584326293c575483;aff41fd6-fa8d-496f-b2a4-44a35d3705ce)

Cannot access gated repo for url https://huggingface.co/api/datasets/HuangQIjun/eai-simulator-assets/refs.
Access to dataset HuangQIjun/eai-simulator-assets is restricted and you are not in the authorized list. Visit https://huggingface.co/datasets/HuangQIjun/eai-simulator-assets to ask for access.",0
2026-07-08T22:40:18.825968+00:00,sampling,open-llm-leaderboard/bunnycore__Qwen2.5-7B-CyberRombos-details,access_restricted,"403 Client Error. (Request ID: Root=1-6a4ed1d2-2e0790686ca596cf4ea1793b;0e05fcad-e82f-4232-9c3d-eba3a6263149)

Cannot access gated repo for url https://huggingface.co/api/datasets/open-llm-leaderboard/bunnycore__Qwen2.5-7B-CyberRombos-details/refs.
Access to dataset open-llm-leaderboard/bunnycore__Qwen2.5-7B-CyberRombos-details is restricted and you are not in the authorized list. Visit https://huggingface.co/datasets/open-llm-leaderboard/bunnycore__Qwen2.5-7B-CyberRombos-details to ask for acce",0
2026-07-08T22:40:19.755534+00:00,sampling,open-llm-leaderboard/allura-org__MoE-Girl-1BA-7BT-details,access_restricted,"403 Client Error. (Request ID: Root=1-6a4ed1d3-49250d4403b7ac48632ba9f2;1d340914-9563-46fe-9db1-f7c82b40365c)

Cannot access gated repo for url https://huggingface.co/api/datasets/open-llm-leaderboard/allura-org__MoE-Girl-1BA-7BT-details/refs.
Access to dataset open-llm-leaderboard/allura-org__MoE-Girl-1BA-7BT-details is restricted and you are not in the authorized list. Visit https://huggingface.co/datasets/open-llm-leaderboard/allura-org__MoE-Girl-1BA-7BT-details to ask for access.",0
2026-07-08T22:42:52.848763+00:00,sampling,open-llm-leaderboard-old/details_Vasanth__Beast-Soul-new,rate_limited,"(Request ID: Root=1-6a4ed26c-5f8e8d4202ad6f0d663d748c;956526ec-aca1-462f-b05f-6900334938a9)

429 Too Many Requests: you have reached your 'api' rate limit.
Retry after 103 seconds (0/1000 requests remaining in current 300s window).
Url: https://huggingface.co/api/datasets/open-llm-leaderboard-old/details_Vasanth__Beast-Soul-new/refs.
We had to rate limit you, you hit the quota of 1000 api requests per 5 minutes period. Upgrade to a PRO user or Team/Enterprise organization account (https://hf.co/",5
2026-07-08T22:42:52.850197+00:00,sampling,speed-tb/testgloss3,rate_limited,"(Request ID: Root=1-6a4ed26c-394a754278d47fef63f9f9dd;595be3d3-d872-457a-8080-573e6aa52979)

429 Too Many Requests: you have reached your 'api' rate limit.
Retry after 103 seconds (0/1000 requests remaining in current 300s window).
Url: https://huggingface.co/api/datasets/speed-tb/testgloss3/refs.
We had to rate limit you, you hit the quota of 1000 api requests per 5 minutes period. Upgrade to a PRO user or Team/Enterprise organization account (https://hf.co/pricing) to get higher limits. See ht",5
2026-07-08T22:42:53.254476+00:00,sampling,jerin/pib,rate_limited,"(Request ID: Root=1-6a4ed26d-76d6345f020379195795422a;54f4f046-655d-4af4-8740-d7077178c4c6)

429 Too Many Requests: you have reached your 'api' rate limit.
Retry after 102 seconds (0/1000 requests remaining in current 300s window).
Url: https://huggingface.co/api/datasets/jerin/pib/commits/main.
We had to rate limit you, you hit the quota of 1000 api requests per 5 minutes period. Upgrade to a PRO user or Team/Enterprise organization account (https://hf.co/pricing) to get higher limits. See http",5
2026-07-08T22:42:54.075296+00:00,sampling,Mohumadi/qa_topic_dataset,rate_limited,"(Request ID: Root=1-6a4ed26d-6623f8cd74d82e713fd44c59;c1c9e2d2-efee-44f2-94b4-a1d15374084e)

429 Too Many Requests: you have reached your 'api' rate limit.
Retry after 102 seconds (0/1000 requests remaining in current 300s window).
Url: https://huggingface.co/api/datasets/Mohumadi/qa_topic_dataset/refs.
We had to rate limit you, you hit the quota of 1000 api requests per 5 minutes period. Upgrade to a PRO user or Team/Enterprise organization account (https://hf.co/pricing) to get higher limits. ",5
2026-07-08T22:45:27.366993+00:00,sampling,ariaharris8599sj/fh4qi,access_restricted,"403 Client Error. (Request ID: Root=1-6a4ed307-585615b24f9f77f75d34b9d4;a1d7c0ea-b7b4-4a61-9ee3-42acf88896b2)

Cannot access gated repo for url https://huggingface.co/api/datasets/ariaharris8599sj/fh4qi/refs.
Access to dataset ariaharris8599sj/fh4qi is restricted and you are not in the authorized list. Visit https://huggingface.co/datasets/ariaharris8599sj/fh4qi to ask for access.",0
2026-07-08T22:45:28.386331+00:00,sampling,lbourdois/radios_et_podcasts_en_ligne_6,access_restricted,"403 Client Error. (Request ID: Root=1-6a4ed308-1da01efb271444d9695538d8;7ddbfe58-a2cd-4e71-a276-492531e15eea)

Cannot access gated repo for url https://huggingface.co/api/datasets/lbourdois/radios_et_podcasts_en_ligne_6/refs.
Access to dataset lbourdois/radios_et_podcasts_en_ligne_6 is restricted and you are not in the authorized list. Visit https://huggingface.co/datasets/lbourdois/radios_et_podcasts_en_ligne_6 to ask for access.",0
2026-07-08T22:45:29.639784+00:00,sampling,JustJaydenK/DATASET_STORAGE_FOR_PROTEUS,access_restricted,"403 Client Error. (Request ID: Root=1-6a4ed309-77169bed0d620d8d216d90b7;1e240349-5bba-4b8f-962c-11393c396422)

Cannot access gated repo for url https://huggingface.co/api/datasets/JustJaydenK/DATASET_STORAGE_FOR_PROTEUS/refs.
Access to dataset JustJaydenK/DATASET_STORAGE_FOR_PROTEUS is restricted and you are not in the authorized list. Visit https://huggingface.co/datasets/JustJaydenK/DATASET_STORAGE_FOR_PROTEUS to ask for access.",0
2026-07-08T22:45:30.655628+00:00,sampling,finetunerslab/BigBoiX_Pose_Library,access_restricted,"403 Client Error. (Request ID: Root=1-6a4ed30a-156be1bf6a2aab476c4b7ee2;afdf5030-555f-446b-8738-bbebc3e2464e)

Cannot access gated repo for url https://huggingface.co/api/datasets/finetunerslab/BigBoiX_Pose_Library/refs.
Access to dataset finetunerslab/BigBoiX_Pose_Library is restricted and you are not in the authorized list. Visit https://huggingface.co/datasets/finetunerslab/BigBoiX_Pose_Library to ask for access.",0
2026-07-08T22:45:31.153412+00:00,sampling,ixakcwjg/Zte1loiWIfsxLjmJ22,access_restricted,"403 Client Error. (Request ID: Root=1-6a4ed30b-13c10c0b01f0509f418b3425;4a0ac836-78f0-4b23-97bc-9fca81c8b552)

Cannot access gated repo for url https://huggingface.co/api/datasets/ixakcwjg/Zte1loiWIfsxLjmJ22/refs.
Access to dataset ixakcwjg/Zte1loiWIfsxLjmJ22 is restricted and you are not in the authorized list. Visit https://huggingface.co/datasets/ixakcwjg/Zte1loiWIfsxLjmJ22 to ask for access.",0
2026-07-08T22:45:31.159590+00:00,sampling,open-llm-leaderboard/meta-llama__Llama-3.1-70B-Instruct-details,access_restricted,"403 Client Error. (Request ID: Root=1-6a4ed30b-0c5232e91d47842c29edf336;5f3ec454-1d0e-4f38-a400-39d6347c50bc)

Cannot access gated repo for url https://huggingface.co/api/datasets/open-llm-leaderboard/meta-llama__Llama-3.1-70B-Instruct-details/refs.
Access to dataset open-llm-leaderboard/meta-llama__Llama-3.1-70B-Instruct-details is restricted and you are not in the authorized list. Visit https://huggingface.co/datasets/open-llm-leaderboard/meta-llama__Llama-3.1-70B-Instruct-details to ask for a",0
2026-07-08T22:45:31.984706+00:00,sampling,kings-crown/Putnam,access_restricted,"403 Client Error. (Request ID: Root=1-6a4ed30b-37c29e304d1ef0b1618e9a0c;28e2a708-bda4-4f3d-9982-4c1614c39a81)

Cannot access gated repo for url https://huggingface.co/api/datasets/kings-crown/Putnam/refs.
Access to dataset kings-crown/Putnam is restricted and you are not in the authorized list. Visit https://huggingface.co/datasets/kings-crown/Putnam to ask for access.",0
2026-07-08T22:45:33.565979+00:00,sampling,keplersystems/PAARI-English-TTS,access_restricted,"403 Client Error. (Request ID: Root=1-6a4ed30d-074b2c5f6a1b7b99315e4bc5;968f1550-5e85-4adb-94aa-224cb460c0ab)

Cannot access gated repo for url https://huggingface.co/api/datasets/keplersystems/PAARI-English-TTS/refs.
Access to dataset keplersystems/PAARI-English-TTS is restricted and you are not in the authorized list. Visit https://huggingface.co/datasets/keplersystems/PAARI-English-TTS to ask for access.",0
2026-07-08T22:45:37.622770+00:00,sampling,0k7v9ppb/FztftaUyyuBv6hSB43,access_restricted,"403 Client Error. (Request ID: Root=1-6a4ed311-3fb873b601fcb5ae18bfbe8d;9da21f90-d5b5-4585-acc9-961a4e29787d)

Cannot access gated repo for url https://huggingface.co/api/datasets/0k7v9ppb/FztftaUyyuBv6hSB43/refs.
Access to dataset 0k7v9ppb/FztftaUyyuBv6hSB43 is restricted and you are not in the authorized list. Visit https://huggingface.co/datasets/0k7v9ppb/FztftaUyyuBv6hSB43 to ask for access.",0
2026-07-08T22:45:38.280130+00:00,sampling,yangtaowang/nerf_datasets,access_restricted,"403 Client Error. (Request ID: Root=1-6a4ed312-61a0d18b5fc39c4227c8bffc;61df59ea-1962-47b7-a32a-886319c2ec52)

Cannot access gated repo for url https://huggingface.co/api/datasets/yangtaowang/nerf_datasets/refs.
Access to dataset yangtaowang/nerf_datasets is restricted and you are not in the authorized list. Visit https://huggingface.co/datasets/yangtaowang/nerf_datasets to ask for access.",0
2026-07-08T22:45:38.393902+00:00,sampling,helloboyn/MMLoSo25-IT2-BT5-ES-MT,access_restricted,"403 Client Error. (Request ID: Root=1-6a4ed312-0222787b5a4a95eb349b1e09;3a7e773c-2817-458d-99eb-837de55da988)

Cannot access gated repo for url https://huggingface.co/api/datasets/helloboyn/MMLoSo25-IT2-BT5-ES-MT/refs.
Access to dataset helloboyn/MMLoSo25-IT2-BT5-ES-MT is restricted and you are not in the authorized list. Visit https://huggingface.co/datasets/helloboyn/MMLoSo25-IT2-BT5-ES-MT to ask for access.",0
2026-07-08T22:45:40.368141+00:00,sampling,M-Arjun/SpamShield-Datasets,access_restricted,"403 Client Error. (Request ID: Root=1-6a4ed314-7d3b3290685d0f322d888bbf;dfce61e4-c7c9-4352-9ee5-ac76fb35d425)

Cannot access gated repo for url https://huggingface.co/api/datasets/M-Arjun/SpamShield-Datasets/refs.
Access to dataset M-Arjun/SpamShield-Datasets is restricted and you are not in the authorized list. Visit https://huggingface.co/datasets/M-Arjun/SpamShield-Datasets to ask for access.",0
2026-07-08T22:45:41.946025+00:00,sampling,HeyDunaX/tay-vietnamese-nmt,access_restricted,"403 Client Error. (Request ID: Root=1-6a4ed315-362800611ed185be18e8f463;3ec619ca-e24d-4059-8591-c81e905dd4ce)

Cannot access gated repo for url https://huggingface.co/api/datasets/HeyDunaX/tay-vietnamese-nmt/refs.
Access to dataset HeyDunaX/tay-vietnamese-nmt is restricted and you are not in the authorized list. Visit https://huggingface.co/datasets/HeyDunaX/tay-vietnamese-nmt to ask for access.",0
2026-07-08T22:45:42.124556+00:00,sampling,pkhp2019/train_11,access_restricted,"403 Client Error. (Request ID: Root=1-6a4ed316-3b7bb86f0bf66ada1a4c97ca;7a09e802-ceb6-4582-bc18-78ed905400c8)

Cannot access gated repo for url https://huggingface.co/api/datasets/pkhp2019/train_11/refs.
Access to dataset pkhp2019/train_11 is restricted and you are not in the authorized list. Visit https://huggingface.co/datasets/pkhp2019/train_11 to ask for access.",0
2026-07-08T22:45:42.829113+00:00,sampling,Minerollas/10,access_restricted,"403 Client Error. (Request ID: Root=1-6a4ed316-6bf3d06558605e3e7ec7125a;07f2f5ad-4951-4b4b-8789-e430017bb65a)

Cannot access gated repo for url https://huggingface.co/api/datasets/Minerollas/10/refs.
Access to dataset Minerollas/10 is restricted and you are not in the authorized list. Visit https://huggingface.co/datasets/Minerollas/10 to ask for access.",0
2026-07-08T22:45:43.590570+00:00,sampling,Darejkal/temporary,access_restricted,"403 Client Error. (Request ID: Root=1-6a4ed317-232bba2c3ead7fbb4efac777;d150586d-366e-40a4-9647-e317ab82aa68)

Cannot access gated repo for url https://huggingface.co/api/datasets/Darejkal/temporary/refs.
Access to dataset Darejkal/temporary is restricted and you are not in the authorized list. Visit https://huggingface.co/datasets/Darejkal/temporary to ask for access.",0
2026-07-08T22:45:43.667009+00:00,sampling,MLP-KTLim/nvidia-post-train-v1-difficulty-annotation,access_restricted,"403 Client Error. (Request ID: Root=1-6a4ed317-4047fecc119c9193341fffd1;c0f98461-99f4-4fac-96e7-79502389d972)

Cannot access gated repo for url https://huggingface.co/api/datasets/MLP-KTLim/nvidia-post-train-v1-difficulty-annotation/refs.
Access to dataset MLP-KTLim/nvidia-post-train-v1-difficulty-annotation is restricted and you are not in the authorized list. Visit https://huggingface.co/datasets/MLP-KTLim/nvidia-post-train-v1-difficulty-annotation to ask for access.",0
2026-07-08T22:45:43.760622+00:00,sampling,volfan6415/sherwoodtest3,access_restricted,"403 Client Error. (Request ID: Root=1-6a4ed317-44a3407a0bd10571514aecaa;9e9f1fdf-ab1c-4953-94e4-0b153a694006)

Cannot access gated repo for url https://huggingface.co/api/datasets/volfan6415/sherwoodtest3/refs.
Access to dataset volfan6415/sherwoodtest3 is restricted and you are not in the authorized list. Visit https://huggingface.co/datasets/volfan6415/sherwoodtest3 to ask for access.",0
2026-07-08T22:45:43.779241+00:00,sampling,open-llm-leaderboard/JayHyeon__Qwen_0.5-VDPO_3e-6-1ep_3vpo_const-details,access_restricted,"403 Client Error. (Request ID: Root=1-6a4ed317-4cc8f25d3a78da8d5cc17b87;0dd76b0e-2883-458e-95d0-68bd46343c7f)

Cannot access gated repo for url https://huggingface.co/api/datasets/open-llm-leaderboard/JayHyeon__Qwen_0.5-VDPO_3e-6-1ep_3vpo_const-details/refs.
Access to dataset open-llm-leaderboard/JayHyeon__Qwen_0.5-VDPO_3e-6-1ep_3vpo_const-details is restricted and you are not in the authorized list. Visit https://huggingface.co/datasets/open-llm-leaderboard/JayHyeon__Qwen_0.5-VDPO_3e-6-1ep_3vpo",0
2026-07-08T22:45:46.019441+00:00,sampling,MBZUAI/longshot-bench,access_restricted,"403 Client Error. (Request ID: Root=1-6a4ed319-6151a29d1a92abb4567024f4;b6f0715c-1954-4c44-9238-463da6d10b7c)

Cannot access gated repo for url https://huggingface.co/api/datasets/MBZUAI/longshot-bench/refs.
Access to dataset MBZUAI/longshot-bench is restricted and you are not in the authorized list. Visit https://huggingface.co/datasets/MBZUAI/longshot-bench to ask for access.",0
2026-07-08T22:45:46.470998+00:00,sampling,zjsas/ler,access_restricted,"403 Client Error. (Request ID: Root=1-6a4ed31a-62159fbb72b676180c3c644d;5e666c19-8e58-4491-9fa5-39f536e6c392)

Cannot access gated repo for url https://huggingface.co/api/datasets/zjsas/ler/refs.
Access to dataset zjsas/ler is restricted and you are not in the authorized list. Visit https://huggingface.co/datasets/zjsas/ler to ask for access.",0
2026-07-08T22:45:49.407972+00:00,sampling,PJMixers-Dev/Jannie-Logs-R1T2-Chimera-all,access_restricted,"403 Client Error. (Request ID: Root=1-6a4ed31d-75e358107c7df1d148a39765;4ca471e0-82a3-4f78-987c-1e293011f0a6)

Cannot access gated repo for url https://huggingface.co/api/datasets/PJMixers-Dev/Jannie-Logs-R1T2-Chimera-all/refs.
Access to dataset PJMixers-Dev/Jannie-Logs-R1T2-Chimera-all is restricted and you are not in the authorized list. Visit https://huggingface.co/datasets/PJMixers-Dev/Jannie-Logs-R1T2-Chimera-all to ask for access.",0
2026-07-08T22:45:50.949890+00:00,sampling,JaiTelang/aqua-corrupted,access_restricted,"403 Client Error. (Request ID: Root=1-6a4ed31e-5114cce145c9d7dd1f7fd373;393c436d-e90d-41db-aab7-eac7905e1133)

Cannot access gated repo for url https://huggingface.co/api/datasets/JaiTelang/aqua-corrupted/refs.
Access to dataset JaiTelang/aqua-corrupted is restricted and you are not in the authorized list. Visit https://huggingface.co/datasets/JaiTelang/aqua-corrupted to ask for access.",0
2026-07-08T22:45:51.794269+00:00,sampling,chaiting/pk-7587-L3,access_restricted,"403 Client Error. (Request ID: Root=1-6a4ed31f-19b67fd2295bfdc220aabc7f;4b8e47f5-387a-4171-a545-99e311ff5bc2)

Cannot access gated repo for url https://huggingface.co/api/datasets/chaiting/pk-7587-L3/refs.
Access to dataset chaiting/pk-7587-L3 is restricted and you are not in the authorized list. Visit https://huggingface.co/datasets/chaiting/pk-7587-L3 to ask for access.",0
2026-07-08T22:45:53.975224+00:00,sampling,shadwl/Hmong-CB-2025-11-06,access_restricted,"403 Client Error. (Request ID: Root=1-6a4ed321-628118df0750ec585f5962cf;5c3f362b-54c7-4299-a869-36f0c4d5f434)

Cannot access gated repo for url https://huggingface.co/api/datasets/shadwl/Hmong-CB-2025-11-06/refs.
Access to dataset shadwl/Hmong-CB-2025-11-06 is restricted and you are not in the authorized list. Visit https://huggingface.co/datasets/shadwl/Hmong-CB-2025-11-06 to ask for access.",0
2026-07-08T22:45:54.293502+00:00,sampling,Srikanthr/srikanthgr,access_restricted,"403 Client Error. (Request ID: Root=1-6a4ed322-3d514d481718670266658b7c;8ccf9f86-af3d-4790-b46f-3c3a7c5251d2)

Cannot access gated repo for url https://huggingface.co/api/datasets/Srikanthr/srikanthgr/refs.
Access to dataset Srikanthr/srikanthgr is restricted and you are not in the authorized list. Visit https://huggingface.co/datasets/Srikanthr/srikanthgr to ask for access.",0
2026-07-08T22:45:55.104387+00:00,sampling,yigagilbert/kinyarwanda-speech-trimmed,access_restricted,"403 Client Error. (Request ID: Root=1-6a4ed323-03e16cea69af97651f3845df;5172dd66-5920-4602-b92f-223493a28ea3)

Cannot access gated repo for url https://huggingface.co/api/datasets/yigagilbert/kinyarwanda-speech-trimmed/refs.
Access to dataset yigagilbert/kinyarwanda-speech-trimmed is restricted and you are not in the authorized list. Visit https://huggingface.co/datasets/yigagilbert/kinyarwanda-speech-trimmed to ask for access.",0
2026-07-08T22:45:55.345262+00:00,sampling,open-llm-leaderboard/johnsutor__Llama-3-8B-Instruct_dare_linear-details,access_restricted,"403 Client Error. (Request ID: Root=1-6a4ed323-34415bb41fb88d5f526d90bd;1241c9e7-4009-466e-9ff8-a31fbd0045fd)

Cannot access gated repo for url https://huggingface.co/api/datasets/open-llm-leaderboard/johnsutor__Llama-3-8B-Instruct_dare_linear-details/refs.
Access to dataset open-llm-leaderboard/johnsutor__Llama-3-8B-Instruct_dare_linear-details is restricted and you are not in the authorized list. Visit https://huggingface.co/datasets/open-llm-leaderboard/johnsutor__Llama-3-8B-Instruct_dare_lin",0
2026-07-08T22:45:55.679053+00:00,sampling,open-llm-leaderboard/netcat420__qwen2.5-MFANN-7b-SLERP-V1.2-details,access_restricted,"403 Client Error. (Request ID: Root=1-6a4ed323-5f3a926234498e8966218017;c25f808e-e179-4d49-bd3a-abacf52f667a)

Cannot access gated repo for url https://huggingface.co/api/datasets/open-llm-leaderboard/netcat420__qwen2.5-MFANN-7b-SLERP-V1.2-details/refs.
Access to dataset open-llm-leaderboard/netcat420__qwen2.5-MFANN-7b-SLERP-V1.2-details is restricted and you are not in the authorized list. Visit https://huggingface.co/datasets/open-llm-leaderboard/netcat420__qwen2.5-MFANN-7b-SLERP-V1.2-details ",0
2026-07-08T22:45:57.389059+00:00,sampling,bigscience-data/roots_eu_wikibooks,access_restricted,"403 Client Error. (Request ID: Root=1-6a4ed325-5cf1119169c4e6ce2c43ed6c;3d2c5d0d-791b-4118-bef1-30de7606c6e6)

Cannot access gated repo for url https://huggingface.co/api/datasets/bigscience-data/roots_eu_wikibooks/refs.
Access to dataset bigscience-data/roots_eu_wikibooks is restricted and you are not in the authorized list. Visit https://huggingface.co/datasets/bigscience-data/roots_eu_wikibooks to ask for access.",0
2026-07-08T22:46:00.363483+00:00,sampling,lbourdois/radios_et_podcasts_en_ligne_9,access_restricted,"403 Client Error. (Request ID: Root=1-6a4ed328-518256c27c0e1b8a5cf72310;6104e38b-aff1-481b-85a7-9d1ee74a7b0f)

Cannot access gated repo for url https://huggingface.co/api/datasets/lbourdois/radios_et_podcasts_en_ligne_9/refs.
Access to dataset lbourdois/radios_et_podcasts_en_ligne_9 is restricted and you are not in the authorized list. Visit https://huggingface.co/datasets/lbourdois/radios_et_podcasts_en_ligne_9 to ask for access.",0
2026-07-08T22:46:01.352555+00:00,sampling,jyothir/temp-hard3,access_restricted,"403 Client Error. (Request ID: Root=1-6a4ed329-6eebf3de1735f8c32d021d13;ae04b48f-dda5-4150-bbfc-eb7d60dded36)

Cannot access gated repo for url https://huggingface.co/api/datasets/jyothir/temp-hard3/refs.
Access to dataset jyothir/temp-hard3 is restricted and you are not in the authorized list. Visit https://huggingface.co/datasets/jyothir/temp-hard3 to ask for access.",0
2026-07-08T22:46:01.579029+00:00,sampling,BounharAbdelaziz/Arabic-LID-Leaderboard,access_restricted,"403 Client Error. (Request ID: Root=1-6a4ed329-655c1f0471fb102d3047237b;7487c75a-ecd1-484b-a316-9b4ede382032)

Cannot access gated repo for url https://huggingface.co/api/datasets/BounharAbdelaziz/Arabic-LID-Leaderboard/refs.
Access to dataset BounharAbdelaziz/Arabic-LID-Leaderboard is restricted and you are not in the authorized list. Visit https://huggingface.co/datasets/BounharAbdelaziz/Arabic-LID-Leaderboard to ask for access.",0
2026-07-08T22:46:01.935829+00:00,sampling,gerson-analista/rag-tech-challenge-v2,access_restricted,"403 Client Error. (Request ID: Root=1-6a4ed329-7fa014e51252336a46147bc0;5663e3bd-3c4a-4f18-8f17-720317a160dc)

Cannot access gated repo for url https://huggingface.co/api/datasets/gerson-analista/rag-tech-challenge-v2/refs.
Access to dataset gerson-analista/rag-tech-challenge-v2 is restricted and you are not in the authorized list. Visit https://huggingface.co/datasets/gerson-analista/rag-tech-challenge-v2 to ask for access.",0
2026-07-08T22:46:04.910358+00:00,sampling,Rammadaeus/poc-segv-in-tflite-xnnpack-id001510sig11src003773time1750043,access_restricted,"403 Client Error. (Request ID: Root=1-6a4ed32c-3f0a85460eb1c5b456fdec31;3f5e3c84-74a5-40ef-bf8f-b00578ca84f3)

Cannot access gated repo for url https://huggingface.co/api/datasets/Rammadaeus/poc-segv-in-tflite-xnnpack-id001510sig11src003773time1750043/refs.
Access to dataset Rammadaeus/poc-segv-in-tflite-xnnpack-id001510sig11src003773time1750043 is restricted and you are not in the authorized list. Visit https://huggingface.co/datasets/Rammadaeus/poc-segv-in-tflite-xnnpack-id001510sig11src003773",0
2026-07-08T22:46:05.175365+00:00,sampling,OssetianNLPWorld/ossetian-news-multiclass,access_restricted,"403 Client Error. (Request ID: Root=1-6a4ed32d-7f9c455f7223a0761c7680ba;38706d3e-5d32-4290-8d6f-5900b81b4037)

Cannot access gated repo for url https://huggingface.co/api/datasets/OssetianNLPWorld/ossetian-news-multiclass/refs.
Access to dataset OssetianNLPWorld/ossetian-news-multiclass is restricted and you are not in the authorized list. Visit https://huggingface.co/datasets/OssetianNLPWorld/ossetian-news-multiclass to ask for access.",0
2026-07-08T22:46:05.303418+00:00,sampling,open-llm-leaderboard/tiiuae__Falcon3-3B-Instruct-details,access_restricted,"403 Client Error. (Request ID: Root=1-6a4ed32d-5e995d877ea3d80528c8b866;0fe6a49c-ad44-4f85-b615-fb08c494d138)

Cannot access gated repo for url https://huggingface.co/api/datasets/open-llm-leaderboard/tiiuae__Falcon3-3B-Instruct-details/refs.
Access to dataset open-llm-leaderboard/tiiuae__Falcon3-3B-Instruct-details is restricted and you are not in the authorized list. Visit https://huggingface.co/datasets/open-llm-leaderboard/tiiuae__Falcon3-3B-Instruct-details to ask for access.",0
2026-07-08T22:46:05.998689+00:00,sampling,farabi-lab/Retrieval-Augmented-Question-Answering,access_restricted,"403 Client Error. (Request ID: Root=1-6a4ed32d-20d3489e52e5529e47aac4c6;d77e5580-dec9-49e2-9f9e-254adeeb2d1d)

Cannot access gated repo for url https://huggingface.co/api/datasets/farabi-lab/Retrieval-Augmented-Question-Answering/refs.
Access to dataset farabi-lab/Retrieval-Augmented-Question-Answering is restricted and you are not in the authorized list. Visit https://huggingface.co/datasets/farabi-lab/Retrieval-Augmented-Question-Answering to ask for access.",0
2026-07-08T22:46:10.660896+00:00,sampling,JackyZhuo/GUI_odyssey,access_restricted,"403 Client Error. (Request ID: Root=1-6a4ed332-5de64fba6a4ad81f07d3d35b;5e56ff2c-48ae-4382-8ea4-658a83d079b1)

Cannot access gated repo for url https://huggingface.co/api/datasets/JackyZhuo/GUI_odyssey/refs.
Access to dataset JackyZhuo/GUI_odyssey is restricted and you are not in the authorized list. Visit https://huggingface.co/datasets/JackyZhuo/GUI_odyssey to ask for access.",0
2026-07-08T22:48:45.157161+00:00,sampling,micahr234/play_ib_frozenlake_explore,rate_limited,"(Request ID: Root=1-6a4ed3cd-3ce2c6b02e7ffbb91cbb3e39;fee4d3c1-b613-4541-8f5d-5b5d78e9b4cb)

429 Too Many Requests: you have reached your 'api' rate limit.
Retry after 50 seconds (0/1000 requests remaining in current 300s window).
Url: https://huggingface.co/api/datasets/micahr234/play_ib_frozenlake_explore/refs.
We had to rate limit you, you hit the quota of 1000 api requests per 5 minutes period. Upgrade to a PRO user or Team/Enterprise organization account (https://hf.co/pricing) to get highe",5
2026-07-08T22:48:45.906478+00:00,sampling,open-llm-leaderboard-old/details_Ba2han__Llama-Phi-3_DoRA,rate_limited,"(Request ID: Root=1-6a4ed3cd-32ab9c1c3d9c097a7517dcf0;8b97408c-4b54-4261-be02-0fb34ecb3c7b)

429 Too Many Requests: you have reached your 'api' rate limit.
Retry after 50 seconds (0/1000 requests remaining in current 300s window).
Url: https://huggingface.co/api/datasets/open-llm-leaderboard-old/details_Ba2han__Llama-Phi-3_DoRA/refs.
We had to rate limit you, you hit the quota of 1000 api requests per 5 minutes period. Upgrade to a PRO user or Team/Enterprise organization account (https://hf.co/",5
2026-07-08T22:48:46.021681+00:00,sampling,kevinlan888/test_data,rate_limited,"(Request ID: Root=1-6a4ed3cd-698ecbe861bddfdf3a286e21;b9be872a-ac79-455d-b323-d8fedd36d888)

429 Too Many Requests: you have reached your 'api' rate limit.
Retry after 50 seconds (0/1000 requests remaining in current 300s window).
Url: https://huggingface.co/api/datasets/kevinlan888/test_data/refs.
We had to rate limit you, you hit the quota of 1000 api requests per 5 minutes period. Upgrade to a PRO user or Team/Enterprise organization account (https://hf.co/pricing) to get higher limits. See h",5
2026-07-08T22:49:16.544493+00:00,sampling,reinhardh/lawma-annotations-deepseek-all-1x,rate_limited,"(Request ID: Root=1-6a4ed3ec-5551b5b66808c17a0d34af8f;2f8796f5-5f33-4b33-925a-d96a3f1f6ae9)

429 Too Many Requests: you have reached your 'api' rate limit.
Retry after 19 seconds (0/1000 requests remaining in current 300s window).
Url: https://huggingface.co/api/datasets/reinhardh/lawma-annotations-deepseek-all-1x/refs.
We had to rate limit you, you hit the quota of 1000 api requests per 5 minutes period. Upgrade to a PRO user or Team/Enterprise organization account (https://hf.co/pricing) to ge",5
2026-07-08T22:49:49.315846+00:00,sampling,nate-rahn/0908_no_illegal_activity_rm_pipeline_06_filter_training_data_processor_test,access_restricted,"403 Client Error. (Request ID: Root=1-6a4ed40d-68d1f4c423e32ba45a97fbfb;25315630-f540-485c-a534-1329edf5a2ac)

Cannot access gated repo for url https://huggingface.co/api/datasets/nate-rahn/0908_no_illegal_activity_rm_pipeline_06_filter_training_data_processor_test/refs.
Access to dataset nate-rahn/0908_no_illegal_activity_rm_pipeline_06_filter_training_data_processor_test is restricted and you are not in the authorized list. Visit https://huggingface.co/datasets/nate-rahn/0908_no_illegal_activi",0
